smiles,group,MolWt
C,training,16.043
CO,training,32.042
CO,training,32.042
CN,training,31.058000000000003
CN,training,31.058000000000003
C=O,training,30.026
O=CO,training,46.025
C,training,16.043
CC,training,30.07
CCC,training,44.097
CCCC,training,58.123999999999995
CCCCC,training,72.15100000000001
CCCCCC,training,86.178
CCCCCCC,training,100.205
CCCCCCCC,training,114.23200000000001
CCCCCCCCC,training,128.259
CCCCCCCCCC,training,142.286
CCCCCCCCCCC,training,156.313
CCCCCCCCCCCC,training,170.34
CCCCCCCCCCCCC,training,184.36700000000002
CCCCCCCCCCCCCC,training,198.394
CCCCCCCCCCCCCCC,training,212.421
CCCCCCCCCCCCCCCC,training,226.44799999999998
CCCCCCCCCCCCCCCCC,training,240.475
CCCCCCCCCCCCCCCCCC,training,254.502
CCCCCCCCCCCCCCCCCCC,training,268.529
CCCCCCCCCCCCCCCCCCCC,training,282.556
CO,training,32.042
CCO,training,46.068999999999996
CCCO,training,60.096000000000004
CCCCO,training,74.123
CCCCCO,training,88.15
CCCCCCO,training,102.177
CCCCCCCO,training,116.204
CCCCCCCCO,training,130.231
CCCCCCCCCO,training,144.25799999999998
CCCCCCCCCCO,training,158.285
CCCCCCCCCCCO,training,172.312
CCCCCCCCCCCCO,training,186.33900000000003
CCCCCCCCCCCCCO,training,200.36599999999999
CCCCCCCCCCCCCCO,training,214.393
CCCCCCCCCCCCCCCO,training,228.42
CCCCCCCCCCCCCCCCO,training,242.447
CCCCCCCCCCCCCCCCCO,training,256.474
CCCCCCCCCCCCCCCCCCO,training,270.501
CCCCCCCCCCCCCCCCCCCO,training,284.528
CCCCCCCCCCCCCCCCCCCCO,training,298.555
CO,training,32.042
COC,training,46.068999999999996
CCOC,training,60.096000000000004
CCCOC,training,74.123
CCCCOC,training,88.15
CCCCCOC,training,102.177
CCCCCCOC,training,116.204
CCCCCCCOC,training,130.231
CCCCCCCCOC,training,144.25799999999998
CCCCCCCCCOC,training,158.285
CCCCCCCCCCOC,training,172.312
CCCCCCCCCCCOC,training,186.33900000000003
CCCCCCCCCCCCOC,training,200.36599999999999
CCCCCCCCCCCCCOC,training,214.393
CCCCCCCCCCCCCCOC,training,228.42
CCCCCCCCCCCCCCCOC,training,242.447
CCCCCCCCCCCCCCCCOC,training,256.474
CCCCCCCCCCCCCCCCCOC,training,270.501
CCCCCCCCCCCCCCCCCCOC,training,284.528
CCCCCCCCCCCCCCCCCCCOC,training,298.555
CN,training,31.058000000000003
CCN,training,45.085
CCCN,training,59.111999999999995
CCCCN,training,73.139
CCCCCN,training,87.166
CCCCCCN,training,101.193
CCCCCCCN,training,115.22
CCCCCCCCN,training,129.247
CCCCCCCCCN,training,143.274
CCCCCCCCCCN,training,157.30100000000002
CCCCCCCCCCCN,training,171.328
CCCCCCCCCCCCN,training,185.355
CCCCCCCCCCCCCN,training,199.382
CCCCCCCCCCCCCCN,training,213.40900000000002
CCCCCCCCCCCCCCCN,training,227.43599999999998
CCCCCCCCCCCCCCCCN,training,241.463
CCCCCCCCCCCCCCCCCN,training,255.49
CCCCCCCCCCCCCCCCCCN,training,269.517
CCCCCCCCCCCCCCCCCCCN,training,283.54400000000004
CCCCCCCCCCCCCCCCCCCCN,training,297.57099999999997
CN,training,31.058000000000003
CNC,training,45.085
CCNC,training,59.111999999999995
CCCNC,training,73.139
CCCCNC,training,87.166
CCCCCNC,training,101.193
CCCCCCNC,training,115.22
CCCCCCCNC,training,129.247
CCCCCCCCNC,training,143.274
CCCCCCCCCNC,training,157.30100000000002
CCCCCCCCCCNC,training,171.328
CCCCCCCCCCCNC,training,185.355
CCCCCCCCCCCCNC,training,199.382
CCCCCCCCCCCCCNC,training,213.40900000000002
CCCCCCCCCCCCCCNC,training,227.43599999999998
CCCCCCCCCCCCCCCNC,training,241.463
CCCCCCCCCCCCCCCCNC,training,255.49
CCCCCCCCCCCCCCCCCNC,training,269.517
CCCCCCCCCCCCCCCCCCNC,training,283.54400000000004
CCCCCCCCCCCCCCCCCCCNC,training,297.57099999999997
C=O,training,30.026
CC=O,training,44.053000000000004
CCC=O,training,58.08
CCCC=O,training,72.107
CCCCC=O,training,86.134
CCCCCC=O,training,100.161
CCCCCCC=O,training,114.18799999999999
CCCCCCCC=O,training,128.215
CCCCCCCCC=O,training,142.24200000000002
CCCCCCCCCC=O,training,156.269
CCCCCCCCCCC=O,training,170.296
CCCCCCCCCCCC=O,training,184.32299999999998
CCCCCCCCCCCCC=O,training,198.35
CCCCCCCCCCCCCC=O,training,212.377
CCCCCCCCCCCCCCC=O,training,226.40400000000002
CCCCCCCCCCCCCCCC=O,training,240.43099999999998
CCCCCCCCCCCCCCCCC=O,training,254.458
CCCCCCCCCCCCCCCCCC=O,training,268.485
CCCCCCCCCCCCCCCCCCC=O,training,282.512
CCCCCCCCCCCCCCCCCCCC=O,training,296.539
O=CO,training,46.025
CC(=O)O,training,60.052
CCC(=O)O,training,74.079
CCCC(=O)O,training,88.10600000000001
CCCCC(=O)O,training,102.133
CCCCCC(=O)O,training,116.16
CCCCCCC(=O)O,training,130.187
CCCCCCCC(=O)O,training,144.214
CCCCCCCCC(=O)O,training,158.241
CCCCCCCCCC(=O)O,training,172.268
CCCCCCCCCCC(=O)O,training,186.295
CCCCCCCCCCCC(=O)O,training,200.322
CCCCCCCCCCCCC(=O)O,training,214.34900000000002
CCCCCCCCCCCCCC(=O)O,training,228.37599999999998
CCCCCCCCCCCCCCC(=O)O,training,242.403
CCCCCCCCCCCCCCCC(=O)O,training,256.43
CCCCCCCCCCCCCCCCC(=O)O,training,270.457
CCCCCCCCCCCCCCCCCC(=O)O,training,284.48400000000004
CCCCCCCCCCCCCCCCCCC(=O)O,training,298.51099999999997
CCCCCCCCCCCCCCCCCCCC(=O)O,training,312.538
C,training,16.043
CCC,training,44.097
CCC(C)C,training,72.15100000000001
CCC(C)C(C)C,training,100.205
CCC(C)C(C)C(C)C,training,128.259
CCC(C)C(C)C(C)C(C)C,training,156.313
CCC(C)C(C)C(C)C(C)C(C)C,training,184.36700000000002
CCC(C)C(C)C(C)C(C)C(C)C(C)C,training,212.421
CCC(C)C(C)C(C)C(C)C(C)C(C)C(C)C,training,240.475
CCC(C)C(C)C(C)C(C)C(C)C(C)C(C)C(C)C,training,268.529
CCC(C)C(C)C(C)C(C)C(C)C(C)C(C)C(C)C(C)C,training,296.58299999999997
CCC(C)C(C)C(C)C(C)C(C)C(C)C(C)C(C)C(C)C(C)C,training,324.637
CCC(C)C(C)C(C)C(C)C(C)C(C)C(C)C(C)C(C)C(C)C(C)C,training,352.691
CCC(C)C(C)C(C)C(C)C(C)C(C)C(C)C(C)C(C)C(C)C(C)C(C)C,training,380.745
CCC(C)C(C)C(C)C(C)C(C)C(C)C(C)C(C)C(C)C(C)C(C)C(C)C(C)C,training,408.79900000000004
CCC(C)C(C)C(C)C(C)C(C)C(C)C(C)C(C)C(C)C(C)C(C)C(C)C(C)C(C)C,training,436.853
CCC(C)C(C)C(C)C(C)C(C)C(C)C(C)C(C)C(C)C(C)C(C)C(C)C(C)C(C)C(C)C,training,464.907
CCC(C)C(C)C(C)C(C)C(C)C(C)C(C)C(C)C(C)C(C)C(C)C(C)C(C)C(C)C(C)C(C)C,training,492.961
CCC(C)C(C)C(C)C(C)C(C)C(C)C(C)C(C)C(C)C(C)C(C)C(C)C(C)C(C)C(C)C(C)C(C)C,training,521.015
CCC(C)C(C)C(C)C(C)C(C)C(C)C(C)C(C)C(C)C(C)C(C)C(C)C(C)C(C)C(C)C(C)C(C)C(C)C,training,549.069
CO,training,32.042
CCCO,training,60.096000000000004
CCC(C)CO,training,88.15
CCC(C)C(C)CO,training,116.204
CCC(C)C(C)C(C)CO,training,144.25799999999998
CCC(C)C(C)C(C)C(C)CO,training,172.312
CCC(C)C(C)C(C)C(C)C(C)CO,training,200.36599999999999
CCC(C)C(C)C(C)C(C)C(C)C(C)CO,training,228.42
CCC(C)C(C)C(C)C(C)C(C)C(C)C(C)CO,training,256.474
CCC(C)C(C)C(C)C(C)C(C)C(C)C(C)C(C)CO,training,284.528
CCC(C)C(C)C(C)C(C)C(C)C(C)C(C)C(C)C(C)CO,training,312.582
CCC(C)C(C)C(C)C(C)C(C)C(C)C(C)C(C)C(C)C(C)CO,training,340.63599999999997
CCC(C)C(C)C(C)C(C)C(C)C(C)C(C)C(C)C(C)C(C)C(C)CO,training,368.69
CCC(C)C(C)C(C)C(C)C(C)C(C)C(C)C(C)C(C)C(C)C(C)C(C)CO,training,396.744
CCC(C)C(C)C(C)C(C)C(C)C(C)C(C)C(C)C(C)C(C)C(C)C(C)C(C)CO,training,424.798
CCC(C)C(C)C(C)C(C)C(C)C(C)C(C)C(C)C(C)C(C)C(C)C(C)C(C)C(C)CO,training,452.852
CCC(C)C(C)C(C)C(C)C(C)C(C)C(C)C(C)C(C)C(C)C(C)C(C)C(C)C(C)C(C)CO,training,480.906
CCC(C)C(C)C(C)C(C)C(C)C(C)C(C)C(C)C(C)C(C)C(C)C(C)C(C)C(C)C(C)C(C)CO,training,508.96
CCC(C)C(C)C(C)C(C)C(C)C(C)C(C)C(C)C(C)C(C)C(C)C(C)C(C)C(C)C(C)C(C)C(C)CO,training,537.014
CCC(C)C(C)C(C)C(C)C(C)C(C)C(C)C(C)C(C)C(C)C(C)C(C)C(C)C(C)C(C)C(C)C(C)C(C)CO,training,565.068
CO,training,32.042
CCOC,training,60.096000000000004
CCC(C)OC,training,88.15
CCC(C)C(C)OC,training,116.204
CCC(C)C(C)C(C)OC,training,144.25799999999998
CCC(C)C(C)C(C)C(C)OC,training,172.312
CCC(C)C(C)C(C)C(C)C(C)OC,training,200.36599999999999
CCC(C)C(C)C(C)C(C)C(C)C(C)OC,training,228.42
CCC(C)C(C)C(C)C(C)C(C)C(C)C(C)OC,training,256.474
CCC(C)C(C)C(C)C(C)C(C)C(C)C(C)C(C)OC,training,284.528
CCC(C)C(C)C(C)C(C)C(C)C(C)C(C)C(C)C(C)OC,training,312.582
CCC(C)C(C)C(C)C(C)C(C)C(C)C(C)C(C)C(C)C(C)OC,training,340.63599999999997
CCC(C)C(C)C(C)C(C)C(C)C(C)C(C)C(C)C(C)C(C)C(C)OC,training,368.69
CCC(C)C(C)C(C)C(C)C(C)C(C)C(C)C(C)C(C)C(C)C(C)C(C)OC,training,396.744
CCC(C)C(C)C(C)C(C)C(C)C(C)C(C)C(C)C(C)C(C)C(C)C(C)C(C)OC,training,424.798
CCC(C)C(C)C(C)C(C)C(C)C(C)C(C)C(C)C(C)C(C)C(C)C(C)C(C)C(C)OC,training,452.852
CCC(C)C(C)C(C)C(C)C(C)C(C)C(C)C(C)C(C)C(C)C(C)C(C)C(C)C(C)C(C)OC,training,480.906
CCC(C)C(C)C(C)C(C)C(C)C(C)C(C)C(C)C(C)C(C)C(C)C(C)C(C)C(C)C(C)C(C)OC,training,508.96
CCC(C)C(C)C(C)C(C)C(C)C(C)C(C)C(C)C(C)C(C)C(C)C(C)C(C)C(C)C(C)C(C)C(C)OC,training,537.014
CCC(C)C(C)C(C)C(C)C(C)C(C)C(C)C(C)C(C)C(C)C(C)C(C)C(C)C(C)C(C)C(C)C(C)C(C)OC,training,565.068
CN,training,31.058000000000003
CCCN,training,59.111999999999995
CCC(C)CN,training,87.166
CCC(C)C(C)CN,training,115.22
CCC(C)C(C)C(C)CN,training,143.274
CCC(C)C(C)C(C)C(C)CN,training,171.328
CCC(C)C(C)C(C)C(C)C(C)CN,training,199.382
CCC(C)C(C)C(C)C(C)C(C)C(C)CN,training,227.43599999999998
CCC(C)C(C)C(C)C(C)C(C)C(C)C(C)CN,training,255.49
CCC(C)C(C)C(C)C(C)C(C)C(C)C(C)C(C)CN,training,283.54400000000004
CCC(C)C(C)C(C)C(C)C(C)C(C)C(C)C(C)C(C)CN,training,311.598
CCC(C)C(C)C(C)C(C)C(C)C(C)C(C)C(C)C(C)C(C)CN,training,339.652
CCC(C)C(C)C(C)C(C)C(C)C(C)C(C)C(C)C(C)C(C)C(C)CN,training,367.70599999999996
CCC(C)C(C)C(C)C(C)C(C)C(C)C(C)C(C)C(C)C(C)C(C)C(C)CN,training,395.76
CCC(C)C(C)C(C)C(C)C(C)C(C)C(C)C(C)C(C)C(C)C(C)C(C)C(C)CN,training,423.814
CCC(C)C(C)C(C)C(C)C(C)C(C)C(C)C(C)C(C)C(C)C(C)C(C)C(C)C(C)CN,training,451.86800000000005
CCC(C)C(C)C(C)C(C)C(C)C(C)C(C)C(C)C(C)C(C)C(C)C(C)C(C)C(C)C(C)CN,training,479.92199999999997
CCC(C)C(C)C(C)C(C)C(C)C(C)C(C)C(C)C(C)C(C)C(C)C(C)C(C)C(C)C(C)C(C)CN,training,507.976
CCC(C)C(C)C(C)C(C)C(C)C(C)C(C)C(C)C(C)C(C)C(C)C(C)C(C)C(C)C(C)C(C)C(C)CN,training,536.03
CCC(C)C(C)C(C)C(C)C(C)C(C)C(C)C(C)C(C)C(C)C(C)C(C)C(C)C(C)C(C)C(C)C(C)C(C)CN,training,564.0840000000001
CN,training,31.058000000000003
CCNC,training,59.111999999999995
CCC(C)NC,training,87.166
CCC(C)C(C)NC,training,115.22
CCC(C)C(C)C(C)NC,training,143.274
CCC(C)C(C)C(C)C(C)NC,training,171.328
CCC(C)C(C)C(C)C(C)C(C)NC,training,199.382
CCC(C)C(C)C(C)C(C)C(C)C(C)NC,training,227.43599999999998
CCC(C)C(C)C(C)C(C)C(C)C(C)C(C)NC,training,255.49
CCC(C)C(C)C(C)C(C)C(C)C(C)C(C)C(C)NC,training,283.54400000000004
CCC(C)C(C)C(C)C(C)C(C)C(C)C(C)C(C)C(C)NC,training,311.598
CCC(C)C(C)C(C)C(C)C(C)C(C)C(C)C(C)C(C)C(C)NC,training,339.652
CCC(C)C(C)C(C)C(C)C(C)C(C)C(C)C(C)C(C)C(C)C(C)NC,training,367.70599999999996
CCC(C)C(C)C(C)C(C)C(C)C(C)C(C)C(C)C(C)C(C)C(C)C(C)NC,training,395.76
CCC(C)C(C)C(C)C(C)C(C)C(C)C(C)C(C)C(C)C(C)C(C)C(C)C(C)NC,training,423.814
CCC(C)C(C)C(C)C(C)C(C)C(C)C(C)C(C)C(C)C(C)C(C)C(C)C(C)C(C)NC,training,451.86800000000005
CCC(C)C(C)C(C)C(C)C(C)C(C)C(C)C(C)C(C)C(C)C(C)C(C)C(C)C(C)C(C)NC,training,479.92199999999997
CCC(C)C(C)C(C)C(C)C(C)C(C)C(C)C(C)C(C)C(C)C(C)C(C)C(C)C(C)C(C)C(C)NC,training,507.976
CCC(C)C(C)C(C)C(C)C(C)C(C)C(C)C(C)C(C)C(C)C(C)C(C)C(C)C(C)C(C)C(C)C(C)NC,training,536.03
CCC(C)C(C)C(C)C(C)C(C)C(C)C(C)C(C)C(C)C(C)C(C)C(C)C(C)C(C)C(C)C(C)C(C)C(C)NC,training,564.0840000000001
C=O,training,30.026
CCC=O,training,58.08
CCC(C)C=O,training,86.134
CCC(C)C(C)C=O,training,114.18799999999999
CCC(C)C(C)C(C)C=O,training,142.24200000000002
CCC(C)C(C)C(C)C(C)C=O,training,170.296
CCC(C)C(C)C(C)C(C)C(C)C=O,training,198.35
CCC(C)C(C)C(C)C(C)C(C)C(C)C=O,training,226.40400000000002
CCC(C)C(C)C(C)C(C)C(C)C(C)C(C)C=O,training,254.458
CCC(C)C(C)C(C)C(C)C(C)C(C)C(C)C(C)C=O,training,282.512
CCC(C)C(C)C(C)C(C)C(C)C(C)C(C)C(C)C(C)C=O,training,310.566
CCC(C)C(C)C(C)C(C)C(C)C(C)C(C)C(C)C(C)C(C)C=O,training,338.62
CCC(C)C(C)C(C)C(C)C(C)C(C)C(C)C(C)C(C)C(C)C(C)C=O,training,366.67400000000004
CCC(C)C(C)C(C)C(C)C(C)C(C)C(C)C(C)C(C)C(C)C(C)C(C)C=O,training,394.728
CCC(C)C(C)C(C)C(C)C(C)C(C)C(C)C(C)C(C)C(C)C(C)C(C)C(C)C=O,training,422.782
CCC(C)C(C)C(C)C(C)C(C)C(C)C(C)C(C)C(C)C(C)C(C)C(C)C(C)C(C)C=O,training,450.836
CCC(C)C(C)C(C)C(C)C(C)C(C)C(C)C(C)C(C)C(C)C(C)C(C)C(C)C(C)C(C)C=O,training,478.89
CCC(C)C(C)C(C)C(C)C(C)C(C)C(C)C(C)C(C)C(C)C(C)C(C)C(C)C(C)C(C)C(C)C=O,training,506.944
CCC(C)C(C)C(C)C(C)C(C)C(C)C(C)C(C)C(C)C(C)C(C)C(C)C(C)C(C)C(C)C(C)C(C)C=O,training,534.998
CCC(C)C(C)C(C)C(C)C(C)C(C)C(C)C(C)C(C)C(C)C(C)C(C)C(C)C(C)C(C)C(C)C(C)C(C)C=O,training,563.052
O=CO,training,46.025
CCC(=O)O,training,74.079
CCC(C)C(=O)O,training,102.133
CCC(C)C(C)C(=O)O,training,130.187
CCC(C)C(C)C(C)C(=O)O,training,158.241
CCC(C)C(C)C(C)C(C)C(=O)O,training,186.295
CCC(C)C(C)C(C)C(C)C(C)C(=O)O,training,214.34900000000002
CCC(C)C(C)C(C)C(C)C(C)C(C)C(=O)O,training,242.403
CCC(C)C(C)C(C)C(C)C(C)C(C)C(C)C(=O)O,training,270.457
CCC(C)C(C)C(C)C(C)C(C)C(C)C(C)C(C)C(=O)O,training,298.51099999999997
CCC(C)C(C)C(C)C(C)C(C)C(C)C(C)C(C)C(C)C(=O)O,training,326.565
CCC(C)C(C)C(C)C(C)C(C)C(C)C(C)C(C)C(C)C(C)C(=O)O,training,354.619
CCC(C)C(C)C(C)C(C)C(C)C(C)C(C)C(C)C(C)C(C)C(C)C(=O)O,training,382.673
CCC(C)C(C)C(C)C(C)C(C)C(C)C(C)C(C)C(C)C(C)C(C)C(C)C(=O)O,training,410.727
CCC(C)C(C)C(C)C(C)C(C)C(C)C(C)C(C)C(C)C(C)C(C)C(C)C(C)C(=O)O,training,438.781
CCC(C)C(C)C(C)C(C)C(C)C(C)C(C)C(C)C(C)C(C)C(C)C(C)C(C)C(C)C(=O)O,training,466.835
CCC(C)C(C)C(C)C(C)C(C)C(C)C(C)C(C)C(C)C(C)C(C)C(C)C(C)C(C)C(C)C(=O)O,training,494.889
CCC(C)C(C)C(C)C(C)C(C)C(C)C(C)C(C)C(C)C(C)C(C)C(C)C(C)C(C)C(C)C(C)C(=O)O,training,522.943
CCC(C)C(C)C(C)C(C)C(C)C(C)C(C)C(C)C(C)C(C)C(C)C(C)C(C)C(C)C(C)C(C)C(C)C(=O)O,training,550.997
CCC(C)C(C)C(C)C(C)C(C)C(C)C(C)C(C)C(C)C(C)C(C)C(C)C(C)C(C)C(C)C(C)C(C)C(C)C(=O)O,training,579.0509999999999
C,training,16.043
CCCC,training,58.123999999999995
CCCC(C)CC,training,100.205
CCCC(CC)C(C)CC,training,142.286
CCCC(CC)C(CC)C(C)CC,training,184.36700000000002
CCCC(CC)C(CC)C(CC)C(C)CC,training,226.44799999999998
CCCC(CC)C(CC)C(CC)C(CC)C(C)CC,training,268.529
CCCC(CC)C(CC)C(CC)C(CC)C(CC)C(C)CC,training,310.61
CCCC(CC)C(CC)C(CC)C(CC)C(CC)C(CC)C(C)CC,training,352.691
CCCC(CC)C(CC)C(CC)C(CC)C(CC)C(CC)C(CC)C(C)CC,training,394.772
CCCC(CC)C(CC)C(CC)C(CC)C(CC)C(CC)C(CC)C(CC)C(C)CC,training,436.853
CCCC(CC)C(CC)C(CC)C(CC)C(CC)C(CC)C(CC)C(CC)C(CC)C(C)CC,training,478.934
CCCC(CC)C(CC)C(CC)C(CC)C(CC)C(CC)C(CC)C(CC)C(CC)C(CC)C(C)CC,training,521.015
CCCC(CC)C(CC)C(CC)C(CC)C(CC)C(CC)C(CC)C(CC)C(CC)C(CC)C(CC)C(C)CC,training,563.096
CCCC(CC)C(CC)C(CC)C(CC)C(CC)C(CC)C(CC)C(CC)C(CC)C(CC)C(CC)C(CC)C(C)CC,training,605.177
CCCC(CC)C(CC)C(CC)C(CC)C(CC)C(CC)C(CC)C(CC)C(CC)C(CC)C(CC)C(CC)C(CC)C(C)CC,training,647.258
CCCC(CC)C(CC)C(CC)C(CC)C(CC)C(CC)C(CC)C(CC)C(CC)C(CC)C(CC)C(CC)C(CC)C(CC)C(C)CC,training,689.3389999999999
CCCC(CC)C(CC)C(CC)C(CC)C(CC)C(CC)C(CC)C(CC)C(CC)C(CC)C(CC)C(CC)C(CC)C(CC)C(CC)C(C)CC,training,731.42
CCCC(CC)C(CC)C(CC)C(CC)C(CC)C(CC)C(CC)C(CC)C(CC)C(CC)C(CC)C(CC)C(CC)C(CC)C(CC)C(CC)C(C)CC,training,773.5010000000001
CCCC(CC)C(CC)C(CC)C(CC)C(CC)C(CC)C(CC)C(CC)C(CC)C(CC)C(CC)C(CC)C(CC)C(CC)C(CC)C(CC)C(CC)C(C)CC,training,815.582
CO,training,32.042
CCCCO,training,74.123
CCCC(CC)CO,training,116.204
CCCC(CC)C(CC)CO,training,158.285
CCCC(CC)C(CC)C(CC)CO,training,200.36599999999999
CCCC(CC)C(CC)C(CC)C(CC)CO,training,242.447
CCCC(CC)C(CC)C(CC)C(CC)C(CC)CO,training,284.528
CCCC(CC)C(CC)C(CC)C(CC)C(CC)C(CC)CO,training,326.60900000000004
CCCC(CC)C(CC)C(CC)C(CC)C(CC)C(CC)C(CC)CO,training,368.69
CCCC(CC)C(CC)C(CC)C(CC)C(CC)C(CC)C(CC)C(CC)CO,training,410.77099999999996
CCCC(CC)C(CC)C(CC)C(CC)C(CC)C(CC)C(CC)C(CC)C(CC)CO,training,452.852
CCCC(CC)C(CC)C(CC)C(CC)C(CC)C(CC)C(CC)C(CC)C(CC)C(CC)CO,training,494.93300000000005
CCCC(CC)C(CC)C(CC)C(CC)C(CC)C(CC)C(CC)C(CC)C(CC)C(CC)C(CC)CO,training,537.014
CCCC(CC)C(CC)C(CC)C(CC)C(CC)C(CC)C(CC)C(CC)C(CC)C(CC)C(CC)C(CC)CO,training,579.095
CCCC(CC)C(CC)C(CC)C(CC)C(CC)C(CC)C(CC)C(CC)C(CC)C(CC)C(CC)C(CC)C(CC)CO,training,621.1759999999999
CCCC(CC)C(CC)C(CC)C(CC)C(CC)C(CC)C(CC)C(CC)C(CC)C(CC)C(CC)C(CC)C(CC)C(CC)CO,training,663.257
CCCC(CC)C(CC)C(CC)C(CC)C(CC)C(CC)C(CC)C(CC)C(CC)C(CC)C(CC)C(CC)C(CC)C(CC)C(CC)CO,training,705.3380000000001
CCCC(CC)C(CC)C(CC)C(CC)C(CC)C(CC)C(CC)C(CC)C(CC)C(CC)C(CC)C(CC)C(CC)C(CC)C(CC)C(CC)CO,training,747.419
CCCC(CC)C(CC)C(CC)C(CC)C(CC)C(CC)C(CC)C(CC)C(CC)C(CC)C(CC)C(CC)C(CC)C(CC)C(CC)C(CC)C(CC)CO,training,789.5
CCCC(CC)C(CC)C(CC)C(CC)C(CC)C(CC)C(CC)C(CC)C(CC)C(CC)C(CC)C(CC)C(CC)C(CC)C(CC)C(CC)C(CC)C(CC)CO,training,831.581
CO,training,32.042
CCCOC,training,74.123
CCCC(CC)OC,training,116.204
CCCC(CC)C(CC)OC,training,158.285
CCCC(CC)C(CC)C(CC)OC,training,200.36599999999999
CCCC(CC)C(CC)C(CC)C(CC)OC,training,242.447
CCCC(CC)C(CC)C(CC)C(CC)C(CC)OC,training,284.528
CCCC(CC)C(CC)C(CC)C(CC)C(CC)C(CC)OC,training,326.60900000000004
CCCC(CC)C(CC)C(CC)C(CC)C(CC)C(CC)C(CC)OC,training,368.69
CCCC(CC)C(CC)C(CC)C(CC)C(CC)C(CC)C(CC)C(CC)OC,training,410.77099999999996
CCCC(CC)C(CC)C(CC)C(CC)C(CC)C(CC)C(CC)C(CC)C(CC)OC,training,452.852
CCCC(CC)C(CC)C(CC)C(CC)C(CC)C(CC)C(CC)C(CC)C(CC)C(CC)OC,training,494.93300000000005
CCCC(CC)C(CC)C(CC)C(CC)C(CC)C(CC)C(CC)C(CC)C(CC)C(CC)C(CC)OC,training,537.014
CCCC(CC)C(CC)C(CC)C(CC)C(CC)C(CC)C(CC)C(CC)C(CC)C(CC)C(CC)C(CC)OC,training,579.095
CCCC(CC)C(CC)C(CC)C(CC)C(CC)C(CC)C(CC)C(CC)C(CC)C(CC)C(CC)C(CC)C(CC)OC,training,621.1759999999999
CCCC(CC)C(CC)C(CC)C(CC)C(CC)C(CC)C(CC)C(CC)C(CC)C(CC)C(CC)C(CC)C(CC)C(CC)OC,training,663.257
CCCC(CC)C(CC)C(CC)C(CC)C(CC)C(CC)C(CC)C(CC)C(CC)C(CC)C(CC)C(CC)C(CC)C(CC)C(CC)OC,training,705.3380000000001
CCCC(CC)C(CC)C(CC)C(CC)C(CC)C(CC)C(CC)C(CC)C(CC)C(CC)C(CC)C(CC)C(CC)C(CC)C(CC)C(CC)OC,training,747.419
CCCC(CC)C(CC)C(CC)C(CC)C(CC)C(CC)C(CC)C(CC)C(CC)C(CC)C(CC)C(CC)C(CC)C(CC)C(CC)C(CC)C(CC)OC,training,789.5
CCCC(CC)C(CC)C(CC)C(CC)C(CC)C(CC)C(CC)C(CC)C(CC)C(CC)C(CC)C(CC)C(CC)C(CC)C(CC)C(CC)C(CC)C(CC)OC,training,831.581
CN,training,31.058000000000003
CCCCN,training,73.139
CCCC(CC)CN,training,115.22
CCCC(CC)C(CC)CN,training,157.30100000000002
CCCC(CC)C(CC)C(CC)CN,training,199.382
CCCC(CC)C(CC)C(CC)C(CC)CN,training,241.463
CCCC(CC)C(CC)C(CC)C(CC)C(CC)CN,training,283.54400000000004
CCCC(CC)C(CC)C(CC)C(CC)C(CC)C(CC)CN,training,325.625
CCCC(CC)C(CC)C(CC)C(CC)C(CC)C(CC)C(CC)CN,training,367.70599999999996
CCCC(CC)C(CC)C(CC)C(CC)C(CC)C(CC)C(CC)C(CC)CN,training,409.787
CCCC(CC)C(CC)C(CC)C(CC)C(CC)C(CC)C(CC)C(CC)C(CC)CN,training,451.86800000000005
CCCC(CC)C(CC)C(CC)C(CC)C(CC)C(CC)C(CC)C(CC)C(CC)C(CC)CN,training,493.949
CCCC(CC)C(CC)C(CC)C(CC)C(CC)C(CC)C(CC)C(CC)C(CC)C(CC)C(CC)CN,training,536.03
CCCC(CC)C(CC)C(CC)C(CC)C(CC)C(CC)C(CC)C(CC)C(CC)C(CC)C(CC)C(CC)CN,training,578.111
CCCC(CC)C(CC)C(CC)C(CC)C(CC)C(CC)C(CC)C(CC)C(CC)C(CC)C(CC)C(CC)C(CC)CN,training,620.192
CCCC(CC)C(CC)C(CC)C(CC)C(CC)C(CC)C(CC)C(CC)C(CC)C(CC)C(CC)C(CC)C(CC)C(CC)CN,training,662.273
CCCC(CC)C(CC)C(CC)C(CC)C(CC)C(CC)C(CC)C(CC)C(CC)C(CC)C(CC)C(CC)C(CC)C(CC)C(CC)CN,training,704.3539999999999
CCCC(CC)C(CC)C(CC)C(CC)C(CC)C(CC)C(CC)C(CC)C(CC)C(CC)C(CC)C(CC)C(CC)C(CC)C(CC)C(CC)CN,training,746.435
CCCC(CC)C(CC)C(CC)C(CC)C(CC)C(CC)C(CC)C(CC)C(CC)C(CC)C(CC)C(CC)C(CC)C(CC)C(CC)C(CC)C(CC)CN,training,788.5160000000001
CCCC(CC)C(CC)C(CC)C(CC)C(CC)C(CC)C(CC)C(CC)C(CC)C(CC)C(CC)C(CC)C(CC)C(CC)C(CC)C(CC)C(CC)C(CC)CN,training,830.597
CN,training,31.058000000000003
CCCNC,training,73.139
CCCC(CC)NC,training,115.22
CCCC(CC)C(CC)NC,training,157.30100000000002
CCCC(CC)C(CC)C(CC)NC,training,199.382
CCCC(CC)C(CC)C(CC)C(CC)NC,training,241.463
CCCC(CC)C(CC)C(CC)C(CC)C(CC)NC,training,283.54400000000004
CCCC(CC)C(CC)C(CC)C(CC)C(CC)C(CC)NC,training,325.625
CCCC(CC)C(CC)C(CC)C(CC)C(CC)C(CC)C(CC)NC,training,367.70599999999996
CCCC(CC)C(CC)C(CC)C(CC)C(CC)C(CC)C(CC)C(CC)NC,training,409.787
CCCC(CC)C(CC)C(CC)C(CC)C(CC)C(CC)C(CC)C(CC)C(CC)NC,training,451.86800000000005
CCCC(CC)C(CC)C(CC)C(CC)C(CC)C(CC)C(CC)C(CC)C(CC)C(CC)NC,training,493.949
CCCC(CC)C(CC)C(CC)C(CC)C(CC)C(CC)C(CC)C(CC)C(CC)C(CC)C(CC)NC,training,536.03
CCCC(CC)C(CC)C(CC)C(CC)C(CC)C(CC)C(CC)C(CC)C(CC)C(CC)C(CC)C(CC)NC,training,578.111
CCCC(CC)C(CC)C(CC)C(CC)C(CC)C(CC)C(CC)C(CC)C(CC)C(CC)C(CC)C(CC)C(CC)NC,training,620.192
CCCC(CC)C(CC)C(CC)C(CC)C(CC)C(CC)C(CC)C(CC)C(CC)C(CC)C(CC)C(CC)C(CC)C(CC)NC,training,662.273
CCCC(CC)C(CC)C(CC)C(CC)C(CC)C(CC)C(CC)C(CC)C(CC)C(CC)C(CC)C(CC)C(CC)C(CC)C(CC)NC,training,704.3539999999999
CCCC(CC)C(CC)C(CC)C(CC)C(CC)C(CC)C(CC)C(CC)C(CC)C(CC)C(CC)C(CC)C(CC)C(CC)C(CC)C(CC)NC,training,746.435
CCCC(CC)C(CC)C(CC)C(CC)C(CC)C(CC)C(CC)C(CC)C(CC)C(CC)C(CC)C(CC)C(CC)C(CC)C(CC)C(CC)C(CC)NC,training,788.5160000000001
CCCC(CC)C(CC)C(CC)C(CC)C(CC)C(CC)C(CC)C(CC)C(CC)C(CC)C(CC)C(CC)C(CC)C(CC)C(CC)C(CC)C(CC)C(CC)NC,training,830.597
C=O,training,30.026
CCCC=O,training,72.107
CCCC(C=O)CC,training,114.18799999999999
CCCC(CC)C(C=O)CC,training,156.269
CCCC(CC)C(CC)C(C=O)CC,training,198.35
CCCC(CC)C(CC)C(CC)C(C=O)CC,training,240.43099999999998
CCCC(CC)C(CC)C(CC)C(CC)C(C=O)CC,training,282.512
CCCC(CC)C(CC)C(CC)C(CC)C(CC)C(C=O)CC,training,324.593
CCCC(CC)C(CC)C(CC)C(CC)C(CC)C(CC)C(C=O)CC,training,366.67400000000004
CCCC(CC)C(CC)C(CC)C(CC)C(CC)C(CC)C(CC)C(C=O)CC,training,408.755
CCCC(CC)C(CC)C(CC)C(CC)C(CC)C(CC)C(CC)C(CC)C(C=O)CC,training,450.836
CCCC(CC)C(CC)C(CC)C(CC)C(CC)C(CC)C(CC)C(CC)C(CC)C(C=O)CC,training,492.917
CCCC(CC)C(CC)C(CC)C(CC)C(CC)C(CC)C(CC)C(CC)C(CC)C(CC)C(C=O)CC,training,534.998
CCCC(CC)C(CC)C(CC)C(CC)C(CC)C(CC)C(CC)C(CC)C(CC)C(CC)C(CC)C(C=O)CC,training,577.0790000000001
CCCC(CC)C(CC)C(CC)C(CC)C(CC)C(CC)C(CC)C(CC)C(CC)C(CC)C(CC)C(CC)C(C=O)CC,training,619.16
CCCC(CC)C(CC)C(CC)C(CC)C(CC)C(CC)C(CC)C(CC)C(CC)C(CC)C(CC)C(CC)C(CC)C(C=O)CC,training,661.2410000000001
CCCC(CC)C(CC)C(CC)C(CC)C(CC)C(CC)C(CC)C(CC)C(CC)C(CC)C(CC)C(CC)C(CC)C(CC)C(C=O)CC,training,703.322
CCCC(CC)C(CC)C(CC)C(CC)C(CC)C(CC)C(CC)C(CC)C(CC)C(CC)C(CC)C(CC)C(CC)C(CC)C(CC)C(C=O)CC,training,745.403
CCCC(CC)C(CC)C(CC)C(CC)C(CC)C(CC)C(CC)C(CC)C(CC)C(CC)C(CC)C(CC)C(CC)C(CC)C(CC)C(CC)C(C=O)CC,training,787.4839999999999
CCCC(CC)C(CC)C(CC)C(CC)C(CC)C(CC)C(CC)C(CC)C(CC)C(CC)C(CC)C(CC)C(CC)C(CC)C(CC)C(CC)C(CC)C(C=O)CC,training,829.565
O=CO,training,46.025
CCCC(=O)O,training,88.10600000000001
CCCC(CC)C(=O)O,training,130.187
CCCC(CC)C(CC)C(=O)O,training,172.268
CCCC(CC)C(CC)C(CC)C(=O)O,training,214.34900000000002
CCCC(CC)C(CC)C(CC)C(CC)C(=O)O,training,256.43
CCCC(CC)C(CC)C(CC)C(CC)C(CC)C(=O)O,training,298.51099999999997
CCCC(CC)C(CC)C(CC)C(CC)C(CC)C(CC)C(=O)O,training,340.592
CCCC(CC)C(CC)C(CC)C(CC)C(CC)C(CC)C(CC)C(=O)O,training,382.673
CCCC(CC)C(CC)C(CC)C(CC)C(CC)C(CC)C(CC)C(CC)C(=O)O,training,424.754
CCCC(CC)C(CC)C(CC)C(CC)C(CC)C(CC)C(CC)C(CC)C(CC)C(=O)O,training,466.835
CCCC(CC)C(CC)C(CC)C(CC)C(CC)C(CC)C(CC)C(CC)C(CC)C(CC)C(=O)O,training,508.916
CCCC(CC)C(CC)C(CC)C(CC)C(CC)C(CC)C(CC)C(CC)C(CC)C(CC)C(CC)C(=O)O,training,550.997
CCCC(CC)C(CC)C(CC)C(CC)C(CC)C(CC)C(CC)C(CC)C(CC)C(CC)C(CC)C(CC)C(=O)O,training,593.078
CCCC(CC)C(CC)C(CC)C(CC)C(CC)C(CC)C(CC)C(CC)C(CC)C(CC)C(CC)C(CC)C(CC)C(=O)O,training,635.159
CCCC(CC)C(CC)C(CC)C(CC)C(CC)C(CC)C(CC)C(CC)C(CC)C(CC)C(CC)C(CC)C(CC)C(CC)C(=O)O,training,677.24
CCCC(CC)C(CC)C(CC)C(CC)C(CC)C(CC)C(CC)C(CC)C(CC)C(CC)C(CC)C(CC)C(CC)C(CC)C(CC)C(=O)O,training,719.321
CCCC(CC)C(CC)C(CC)C(CC)C(CC)C(CC)C(CC)C(CC)C(CC)C(CC)C(CC)C(CC)C(CC)C(CC)C(CC)C(CC)C(=O)O,training,761.4019999999999
CCCC(CC)C(CC)C(CC)C(CC)C(CC)C(CC)C(CC)C(CC)C(CC)C(CC)C(CC)C(CC)C(CC)C(CC)C(CC)C(CC)C(CC)C(=O)O,training,803.4830000000001
CCCC(CC)C(CC)C(CC)C(CC)C(CC)C(CC)C(CC)C(CC)C(CC)C(CC)C(CC)C(CC)C(CC)C(CC)C(CC)C(CC)C(CC)C(CC)C(=O)O,training,845.564
C,training,16.043
CCCCC,training,72.15100000000001
CCCCC(C)CCC,training,128.259
CCCCC(CCC)C(C)CCC,training,184.36700000000002
CCCCC(CCC)C(CCC)C(C)CCC,training,240.475
CCCCC(CCC)C(CCC)C(CCC)C(C)CCC,training,296.58299999999997
CCCCC(CCC)C(CCC)C(CCC)C(CCC)C(C)CCC,training,352.691
CCCCC(CCC)C(CCC)C(CCC)C(CCC)C(CCC)C(C)CCC,training,408.79900000000004
CCCCC(CCC)C(CCC)C(CCC)C(CCC)C(CCC)C(CCC)C(C)CCC,training,464.907
CCCCC(CCC)C(CCC)C(CCC)C(CCC)C(CCC)C(CCC)C(CCC)C(C)CCC,training,521.015
CCCCC(CCC)C(CCC)C(CCC)C(CCC)C(CCC)C(CCC)C(CCC)C(CCC)C(C)CCC,training,577.123
CCCCC(CCC)C(CCC)C(CCC)C(CCC)C(CCC)C(CCC)C(CCC)C(CCC)C(CCC)C(C)CCC,training,633.231
CCCCC(CCC)C(CCC)C(CCC)C(CCC)C(CCC)C(CCC)C(CCC)C(CCC)C(CCC)C(CCC)C(C)CCC,training,689.3389999999999
CCCCC(CCC)C(CCC)C(CCC)C(CCC)C(CCC)C(CCC)C(CCC)C(CCC)C(CCC)C(CCC)C(CCC)C(C)CCC,training,745.447
CCCCC(CCC)C(CCC)C(CCC)C(CCC)C(CCC)C(CCC)C(CCC)C(CCC)C(CCC)C(CCC)C(CCC)C(CCC)C(C)CCC,training,801.555
CCCCC(CCC)C(CCC)C(CCC)C(CCC)C(CCC)C(CCC)C(CCC)C(CCC)C(CCC)C(CCC)C(CCC)C(CCC)C(CCC)C(C)CCC,training,857.663
CCCCC(CCC)C(CCC)C(CCC)C(CCC)C(CCC)C(CCC)C(CCC)C(CCC)C(CCC)C(CCC)C(CCC)C(CCC)C(CCC)C(CCC)C(C)CCC,training,913.7710000000001
CCCCC(CCC)C(CCC)C(CCC)C(CCC)C(CCC)C(CCC)C(CCC)C(CCC)C(CCC)C(CCC)C(CCC)C(CCC)C(CCC)C(CCC)C(CCC)C(C)CCC,training,969.8789999999999
CCCCC(CCC)C(CCC)C(CCC)C(CCC)C(CCC)C(CCC)C(CCC)C(CCC)C(CCC)C(CCC)C(CCC)C(CCC)C(CCC)C(CCC)C(CCC)C(CCC)C(C)CCC,training,1025.987
CCCCC(CCC)C(CCC)C(CCC)C(CCC)C(CCC)C(CCC)C(CCC)C(CCC)C(CCC)C(CCC)C(CCC)C(CCC)C(CCC)C(CCC)C(CCC)C(CCC)C(CCC)C(C)CCC,training,1082.095
CO,training,32.042
CCCCCO,training,88.15
CCCCC(CO)CCC,training,144.25799999999998
CCCCC(CCC)C(CO)CCC,training,200.36599999999999
CCCCC(CCC)C(CCC)C(CO)CCC,training,256.474
CCCCC(CCC)C(CCC)C(CCC)C(CO)CCC,training,312.582
CCCCC(CCC)C(CCC)C(CCC)C(CCC)C(CO)CCC,training,368.69
CCCCC(CCC)C(CCC)C(CCC)C(CCC)C(CCC)C(CO)CCC,training,424.798
CCCCC(CCC)C(CCC)C(CCC)C(CCC)C(CCC)C(CCC)C(CO)CCC,training,480.906
CCCCC(CCC)C(CCC)C(CCC)C(CCC)C(CCC)C(CCC)C(CCC)C(CO)CCC,training,537.014
CCCCC(CCC)C(CCC)C(CCC)C(CCC)C(CCC)C(CCC)C(CCC)C(CCC)C(CO)CCC,training,593.122
CCCCC(CCC)C(CCC)C(CCC)C(CCC)C(CCC)C(CCC)C(CCC)C(CCC)C(CCC)C(CO)CCC,training,649.23
CCCCC(CCC)C(CCC)C(CCC)C(CCC)C(CCC)C(CCC)C(CCC)C(CCC)C(CCC)C(CCC)C(CO)CCC,training,705.3380000000001
CCCCC(CCC)C(CCC)C(CCC)C(CCC)C(CCC)C(CCC)C(CCC)C(CCC)C(CCC)C(CCC)C(CCC)C(CO)CCC,training,761.446
CCCCC(CCC)C(CCC)C(CCC)C(CCC)C(CCC)C(CCC)C(CCC)C(CCC)C(CCC)C(CCC)C(CCC)C(CCC)C(CO)CCC,training,817.554
CCCCC(CCC)C(CCC)C(CCC)C(CCC)C(CCC)C(CCC)C(CCC)C(CCC)C(CCC)C(CCC)C(CCC)C(CCC)C(CCC)C(CO)CCC,training,873.6619999999999
CCCCC(CCC)C(CCC)C(CCC)C(CCC)C(CCC)C(CCC)C(CCC)C(CCC)C(CCC)C(CCC)C(CCC)C(CCC)C(CCC)C(CCC)C(CO)CCC,training,929.77
CCCCC(CCC)C(CCC)C(CCC)C(CCC)C(CCC)C(CCC)C(CCC)C(CCC)C(CCC)C(CCC)C(CCC)C(CCC)C(CCC)C(CCC)C(CCC)C(CO)CCC,training,985.878
CCCCC(CCC)C(CCC)C(CCC)C(CCC)C(CCC)C(CCC)C(CCC)C(CCC)C(CCC)C(CCC)C(CCC)C(CCC)C(CCC)C(CCC)C(CCC)C(CCC)C(CO)CCC,training,1041.986
CCCCC(CCC)C(CCC)C(CCC)C(CCC)C(CCC)C(CCC)C(CCC)C(CCC)C(CCC)C(CCC)C(CCC)C(CCC)C(CCC)C(CCC)C(CCC)C(CCC)C(CCC)C(CO)CCC,training,1098.094
CO,training,32.042
CCCCOC,training,88.15
CCCCC(CCC)OC,training,144.25799999999998
CCCCC(CCC)C(CCC)OC,training,200.36599999999999
CCCCC(CCC)C(CCC)C(CCC)OC,training,256.474
CCCCC(CCC)C(CCC)C(CCC)C(CCC)OC,training,312.582
CCCCC(CCC)C(CCC)C(CCC)C(CCC)C(CCC)OC,training,368.69
CCCCC(CCC)C(CCC)C(CCC)C(CCC)C(CCC)C(CCC)OC,training,424.798
CCCCC(CCC)C(CCC)C(CCC)C(CCC)C(CCC)C(CCC)C(CCC)OC,training,480.906
CCCCC(CCC)C(CCC)C(CCC)C(CCC)C(CCC)C(CCC)C(CCC)C(CCC)OC,training,537.014
CCCCC(CCC)C(CCC)C(CCC)C(CCC)C(CCC)C(CCC)C(CCC)C(CCC)C(CCC)OC,training,593.122
CCCCC(CCC)C(CCC)C(CCC)C(CCC)C(CCC)C(CCC)C(CCC)C(CCC)C(CCC)C(CCC)OC,training,649.23
CCCCC(CCC)C(CCC)C(CCC)C(CCC)C(CCC)C(CCC)C(CCC)C(CCC)C(CCC)C(CCC)C(CCC)OC,training,705.3380000000001
CCCCC(CCC)C(CCC)C(CCC)C(CCC)C(CCC)C(CCC)C(CCC)C(CCC)C(CCC)C(CCC)C(CCC)C(CCC)OC,training,761.446
CCCCC(CCC)C(CCC)C(CCC)C(CCC)C(CCC)C(CCC)C(CCC)C(CCC)C(CCC)C(CCC)C(CCC)C(CCC)C(CCC)OC,training,817.554
CCCCC(CCC)C(CCC)C(CCC)C(CCC)C(CCC)C(CCC)C(CCC)C(CCC)C(CCC)C(CCC)C(CCC)C(CCC)C(CCC)C(CCC)OC,training,873.6619999999999
CCCCC(CCC)C(CCC)C(CCC)C(CCC)C(CCC)C(CCC)C(CCC)C(CCC)C(CCC)C(CCC)C(CCC)C(CCC)C(CCC)C(CCC)C(CCC)OC,training,929.77
CCCCC(CCC)C(CCC)C(CCC)C(CCC)C(CCC)C(CCC)C(CCC)C(CCC)C(CCC)C(CCC)C(CCC)C(CCC)C(CCC)C(CCC)C(CCC)C(CCC)OC,training,985.878
CCCCC(CCC)C(CCC)C(CCC)C(CCC)C(CCC)C(CCC)C(CCC)C(CCC)C(CCC)C(CCC)C(CCC)C(CCC)C(CCC)C(CCC)C(CCC)C(CCC)C(CCC)OC,training,1041.986
CCCCC(CCC)C(CCC)C(CCC)C(CCC)C(CCC)C(CCC)C(CCC)C(CCC)C(CCC)C(CCC)C(CCC)C(CCC)C(CCC)C(CCC)C(CCC)C(CCC)C(CCC)C(CCC)OC,training,1098.094
CN,training,31.058000000000003
CCCCCN,training,87.166
CCCCC(CN)CCC,training,143.274
CCCCC(CCC)C(CN)CCC,training,199.382
CCCCC(CCC)C(CCC)C(CN)CCC,training,255.49
CCCCC(CCC)C(CCC)C(CCC)C(CN)CCC,training,311.598
CCCCC(CCC)C(CCC)C(CCC)C(CCC)C(CN)CCC,training,367.70599999999996
CCCCC(CCC)C(CCC)C(CCC)C(CCC)C(CCC)C(CN)CCC,training,423.814
CCCCC(CCC)C(CCC)C(CCC)C(CCC)C(CCC)C(CCC)C(CN)CCC,training,479.92199999999997
CCCCC(CCC)C(CCC)C(CCC)C(CCC)C(CCC)C(CCC)C(CCC)C(CN)CCC,training,536.03
CCCCC(CCC)C(CCC)C(CCC)C(CCC)C(CCC)C(CCC)C(CCC)C(CCC)C(CN)CCC,training,592.138
CCCCC(CCC)C(CCC)C(CCC)C(CCC)C(CCC)C(CCC)C(CCC)C(CCC)C(CCC)C(CN)CCC,training,648.246
CCCCC(CCC)C(CCC)C(CCC)C(CCC)C(CCC)C(CCC)C(CCC)C(CCC)C(CCC)C(CCC)C(CN)CCC,training,704.3539999999999
CCCCC(CCC)C(CCC)C(CCC)C(CCC)C(CCC)C(CCC)C(CCC)C(CCC)C(CCC)C(CCC)C(CCC)C(CN)CCC,training,760.462
CCCCC(CCC)C(CCC)C(CCC)C(CCC)C(CCC)C(CCC)C(CCC)C(CCC)C(CCC)C(CCC)C(CCC)C(CCC)C(CN)CCC,training,816.57
CCCCC(CCC)C(CCC)C(CCC)C(CCC)C(CCC)C(CCC)C(CCC)C(CCC)C(CCC)C(CCC)C(CCC)C(CCC)C(CCC)C(CN)CCC,training,872.678
CCCCC(CCC)C(CCC)C(CCC)C(CCC)C(CCC)C(CCC)C(CCC)C(CCC)C(CCC)C(CCC)C(CCC)C(CCC)C(CCC)C(CCC)C(CN)CCC,training,928.7860000000001
CCCCC(CCC)C(CCC)C(CCC)C(CCC)C(CCC)C(CCC)C(CCC)C(CCC)C(CCC)C(CCC)C(CCC)C(CCC)C(CCC)C(CCC)C(CCC)C(CN)CCC,training,984.8939999999999
CCCCC(CCC)C(CCC)C(CCC)C(CCC)C(CCC)C(CCC)C(CCC)C(CCC)C(CCC)C(CCC)C(CCC)C(CCC)C(CCC)C(CCC)C(CCC)C(CCC)C(CN)CCC,training,1041.002
CCCCC(CCC)C(CCC)C(CCC)C(CCC)C(CCC)C(CCC)C(CCC)C(CCC)C(CCC)C(CCC)C(CCC)C(CCC)C(CCC)C(CCC)C(CCC)C(CCC)C(CCC)C(CN)CCC,training,1097.11
CN,training,31.058000000000003
CCCCNC,training,87.166
CCCCC(CCC)NC,training,143.274
CCCCC(CCC)C(CCC)NC,training,199.382
CCCCC(CCC)C(CCC)C(CCC)NC,training,255.49
CCCCC(CCC)C(CCC)C(CCC)C(CCC)NC,training,311.598
CCCCC(CCC)C(CCC)C(CCC)C(CCC)C(CCC)NC,training,367.70599999999996
CCCCC(CCC)C(CCC)C(CCC)C(CCC)C(CCC)C(CCC)NC,training,423.814
CCCCC(CCC)C(CCC)C(CCC)C(CCC)C(CCC)C(CCC)C(CCC)NC,training,479.92199999999997
CCCCC(CCC)C(CCC)C(CCC)C(CCC)C(CCC)C(CCC)C(CCC)C(CCC)NC,training,536.03
CCCCC(CCC)C(CCC)C(CCC)C(CCC)C(CCC)C(CCC)C(CCC)C(CCC)C(CCC)NC,training,592.138
CCCCC(CCC)C(CCC)C(CCC)C(CCC)C(CCC)C(CCC)C(CCC)C(CCC)C(CCC)C(CCC)NC,training,648.246
CCCCC(CCC)C(CCC)C(CCC)C(CCC)C(CCC)C(CCC)C(CCC)C(CCC)C(CCC)C(CCC)C(CCC)NC,training,704.3539999999999
CCCCC(CCC)C(CCC)C(CCC)C(CCC)C(CCC)C(CCC)C(CCC)C(CCC)C(CCC)C(CCC)C(CCC)C(CCC)NC,training,760.462
CCCCC(CCC)C(CCC)C(CCC)C(CCC)C(CCC)C(CCC)C(CCC)C(CCC)C(CCC)C(CCC)C(CCC)C(CCC)C(CCC)NC,training,816.57
CCCCC(CCC)C(CCC)C(CCC)C(CCC)C(CCC)C(CCC)C(CCC)C(CCC)C(CCC)C(CCC)C(CCC)C(CCC)C(CCC)C(CCC)NC,training,872.678
CCCCC(CCC)C(CCC)C(CCC)C(CCC)C(CCC)C(CCC)C(CCC)C(CCC)C(CCC)C(CCC)C(CCC)C(CCC)C(CCC)C(CCC)C(CCC)NC,training,928.7860000000001
CCCCC(CCC)C(CCC)C(CCC)C(CCC)C(CCC)C(CCC)C(CCC)C(CCC)C(CCC)C(CCC)C(CCC)C(CCC)C(CCC)C(CCC)C(CCC)C(CCC)NC,training,984.8939999999999
CCCCC(CCC)C(CCC)C(CCC)C(CCC)C(CCC)C(CCC)C(CCC)C(CCC)C(CCC)C(CCC)C(CCC)C(CCC)C(CCC)C(CCC)C(CCC)C(CCC)C(CCC)NC,training,1041.002
CCCCC(CCC)C(CCC)C(CCC)C(CCC)C(CCC)C(CCC)C(CCC)C(CCC)C(CCC)C(CCC)C(CCC)C(CCC)C(CCC)C(CCC)C(CCC)C(CCC)C(CCC)C(CCC)NC,training,1097.11
C=O,training,30.026
CCCCC=O,training,86.134
CCCCC(C=O)CCC,training,142.24200000000002
CCCCC(CCC)C(C=O)CCC,training,198.35
CCCCC(CCC)C(CCC)C(C=O)CCC,training,254.458
CCCCC(CCC)C(CCC)C(CCC)C(C=O)CCC,training,310.566
CCCCC(CCC)C(CCC)C(CCC)C(CCC)C(C=O)CCC,training,366.67400000000004
CCCCC(CCC)C(CCC)C(CCC)C(CCC)C(CCC)C(C=O)CCC,training,422.782
CCCCC(CCC)C(CCC)C(CCC)C(CCC)C(CCC)C(CCC)C(C=O)CCC,training,478.89
CCCCC(CCC)C(CCC)C(CCC)C(CCC)C(CCC)C(CCC)C(CCC)C(C=O)CCC,training,534.998
CCCCC(CCC)C(CCC)C(CCC)C(CCC)C(CCC)C(CCC)C(CCC)C(CCC)C(C=O)CCC,training,591.106
CCCCC(CCC)C(CCC)C(CCC)C(CCC)C(CCC)C(CCC)C(CCC)C(CCC)C(CCC)C(C=O)CCC,training,647.214
CCCCC(CCC)C(CCC)C(CCC)C(CCC)C(CCC)C(CCC)C(CCC)C(CCC)C(CCC)C(CCC)C(C=O)CCC,training,703.322
CCCCC(CCC)C(CCC)C(CCC)C(CCC)C(CCC)C(CCC)C(CCC)C(CCC)C(CCC)C(CCC)C(CCC)C(C=O)CCC,training,759.43
CCCCC(CCC)C(CCC)C(CCC)C(CCC)C(CCC)C(CCC)C(CCC)C(CCC)C(CCC)C(CCC)C(CCC)C(CCC)C(C=O)CCC,training,815.538
CCCCC(CCC)C(CCC)C(CCC)C(CCC)C(CCC)C(CCC)C(CCC)C(CCC)C(CCC)C(CCC)C(CCC)C(CCC)C(CCC)C(C=O)CCC,training,871.6460000000001
CCCCC(CCC)C(CCC)C(CCC)C(CCC)C(CCC)C(CCC)C(CCC)C(CCC)C(CCC)C(CCC)C(CCC)C(CCC)C(CCC)C(CCC)C(C=O)CCC,training,927.7539999999999
CCCCC(CCC)C(CCC)C(CCC)C(CCC)C(CCC)C(CCC)C(CCC)C(CCC)C(CCC)C(CCC)C(CCC)C(CCC)C(CCC)C(CCC)C(CCC)C(C=O)CCC,training,983.862
CCCCC(CCC)C(CCC)C(CCC)C(CCC)C(CCC)C(CCC)C(CCC)C(CCC)C(CCC)C(CCC)C(CCC)C(CCC)C(CCC)C(CCC)C(CCC)C(CCC)C(C=O)CCC,training,1039.97
CCCCC(CCC)C(CCC)C(CCC)C(CCC)C(CCC)C(CCC)C(CCC)C(CCC)C(CCC)C(CCC)C(CCC)C(CCC)C(CCC)C(CCC)C(CCC)C(CCC)C(CCC)C(C=O)CCC,training,1096.078
O=CO,training,46.025
CCCCC(=O)O,training,102.133
CCCCC(CCC)C(=O)O,training,158.241
CCCCC(CCC)C(CCC)C(=O)O,training,214.34900000000002
CCCCC(CCC)C(CCC)C(CCC)C(=O)O,training,270.457
CCCCC(CCC)C(CCC)C(CCC)C(CCC)C(=O)O,training,326.565
CCCCC(CCC)C(CCC)C(CCC)C(CCC)C(CCC)C(=O)O,training,382.673
CCCCC(CCC)C(CCC)C(CCC)C(CCC)C(CCC)C(CCC)C(=O)O,training,438.781
CCCCC(CCC)C(CCC)C(CCC)C(CCC)C(CCC)C(CCC)C(CCC)C(=O)O,training,494.889
CCCCC(CCC)C(CCC)C(CCC)C(CCC)C(CCC)C(CCC)C(CCC)C(CCC)C(=O)O,training,550.997
CCCCC(CCC)C(CCC)C(CCC)C(CCC)C(CCC)C(CCC)C(CCC)C(CCC)C(CCC)C(=O)O,training,607.105
CCCCC(CCC)C(CCC)C(CCC)C(CCC)C(CCC)C(CCC)C(CCC)C(CCC)C(CCC)C(CCC)C(=O)O,training,663.2130000000001
CCCCC(CCC)C(CCC)C(CCC)C(CCC)C(CCC)C(CCC)C(CCC)C(CCC)C(CCC)C(CCC)C(CCC)C(=O)O,training,719.321
CCCCC(CCC)C(CCC)C(CCC)C(CCC)C(CCC)C(CCC)C(CCC)C(CCC)C(CCC)C(CCC)C(CCC)C(CCC)C(=O)O,training,775.429
CCCCC(CCC)C(CCC)C(CCC)C(CCC)C(CCC)C(CCC)C(CCC)C(CCC)C(CCC)C(CCC)C(CCC)C(CCC)C(CCC)C(=O)O,training,831.5369999999999
CCCCC(CCC)C(CCC)C(CCC)C(CCC)C(CCC)C(CCC)C(CCC)C(CCC)C(CCC)C(CCC)C(CCC)C(CCC)C(CCC)C(CCC)C(=O)O,training,887.645
CCCCC(CCC)C(CCC)C(CCC)C(CCC)C(CCC)C(CCC)C(CCC)C(CCC)C(CCC)C(CCC)C(CCC)C(CCC)C(CCC)C(CCC)C(CCC)C(=O)O,training,943.753
CCCCC(CCC)C(CCC)C(CCC)C(CCC)C(CCC)C(CCC)C(CCC)C(CCC)C(CCC)C(CCC)C(CCC)C(CCC)C(CCC)C(CCC)C(CCC)C(CCC)C(=O)O,training,999.8610000000001
CCCCC(CCC)C(CCC)C(CCC)C(CCC)C(CCC)C(CCC)C(CCC)C(CCC)C(CCC)C(CCC)C(CCC)C(CCC)C(CCC)C(CCC)C(CCC)C(CCC)C(CCC)C(=O)O,training,1055.969
CCCCC(CCC)C(CCC)C(CCC)C(CCC)C(CCC)C(CCC)C(CCC)C(CCC)C(CCC)C(CCC)C(CCC)C(CCC)C(CCC)C(CCC)C(CCC)C(CCC)C(CCC)C(CCC)C(=O)O,training,1112.077
C,training,16.043
CCCO,training,60.096000000000004
CC(CO)CCO,training,104.149
CC(CO)C(CO)CCO,training,148.202
CC(CO)C(CO)C(CO)CCO,training,192.255
CC(CO)C(CO)C(CO)C(CO)CCO,training,236.308
CC(CO)C(CO)C(CO)C(CO)C(CO)CCO,training,280.361
CC(CO)C(CO)C(CO)C(CO)C(CO)C(CO)CCO,training,324.414
CC(CO)C(CO)C(CO)C(CO)C(CO)C(CO)C(CO)CCO,training,368.467
CC(CO)C(CO)C(CO)C(CO)C(CO)C(CO)C(CO)C(CO)CCO,training,412.52
CC(CO)C(CO)C(CO)C(CO)C(CO)C(CO)C(CO)C(CO)C(CO)CCO,training,456.57300000000004
CC(CO)C(CO)C(CO)C(CO)C(CO)C(CO)C(CO)C(CO)C(CO)C(CO)CCO,training,500.626
CC(CO)C(CO)C(CO)C(CO)C(CO)C(CO)C(CO)C(CO)C(CO)C(CO)C(CO)CCO,training,544.679
CC(CO)C(CO)C(CO)C(CO)C(CO)C(CO)C(CO)C(CO)C(CO)C(CO)C(CO)C(CO)CCO,training,588.732
CC(CO)C(CO)C(CO)C(CO)C(CO)C(CO)C(CO)C(CO)C(CO)C(CO)C(CO)C(CO)C(CO)CCO,training,632.785
CC(CO)C(CO)C(CO)C(CO)C(CO)C(CO)C(CO)C(CO)C(CO)C(CO)C(CO)C(CO)C(CO)C(CO)CCO,training,676.8380000000001
CC(CO)C(CO)C(CO)C(CO)C(CO)C(CO)C(CO)C(CO)C(CO)C(CO)C(CO)C(CO)C(CO)C(CO)C(CO)CCO,training,720.8910000000001
CC(CO)C(CO)C(CO)C(CO)C(CO)C(CO)C(CO)C(CO)C(CO)C(CO)C(CO)C(CO)C(CO)C(CO)C(CO)C(CO)CCO,training,764.944
CC(CO)C(CO)C(CO)C(CO)C(CO)C(CO)C(CO)C(CO)C(CO)C(CO)C(CO)C(CO)C(CO)C(CO)C(CO)C(CO)C(CO)CCO,training,808.997
CC(CO)C(CO)C(CO)C(CO)C(CO)C(CO)C(CO)C(CO)C(CO)C(CO)C(CO)C(CO)C(CO)C(CO)C(CO)C(CO)C(CO)C(CO)CCO,training,853.05
CO,training,32.042
OCCCO,training,76.095
OCCC(CO)CO,training,120.148
OCCC(CO)C(CO)CO,training,164.201
OCCC(CO)C(CO)C(CO)CO,training,208.25400000000002
OCCC(CO)C(CO)C(CO)C(CO)CO,training,252.30700000000002
OCCC(CO)C(CO)C(CO)C(CO)C(CO)CO,training,296.36
OCCC(CO)C(CO)C(CO)C(CO)C(CO)C(CO)CO,training,340.413
OCCC(CO)C(CO)C(CO)C(CO)C(CO)C(CO)C(CO)CO,training,384.466
OCCC(CO)C(CO)C(CO)C(CO)C(CO)C(CO)C(CO)C(CO)CO,training,428.519
OCCC(CO)C(CO)C(CO)C(CO)C(CO)C(CO)C(CO)C(CO)C(CO)CO,training,472.57199999999995
OCCC(CO)C(CO)C(CO)C(CO)C(CO)C(CO)C(CO)C(CO)C(CO)C(CO)CO,training,516.625
OCCC(CO)C(CO)C(CO)C(CO)C(CO)C(CO)C(CO)C(CO)C(CO)C(CO)C(CO)CO,training,560.678
OCCC(CO)C(CO)C(CO)C(CO)C(CO)C(CO)C(CO)C(CO)C(CO)C(CO)C(CO)C(CO)CO,training,604.731
OCCC(CO)C(CO)C(CO)C(CO)C(CO)C(CO)C(CO)C(CO)C(CO)C(CO)C(CO)C(CO)C(CO)CO,training,648.784
OCCC(CO)C(CO)C(CO)C(CO)C(CO)C(CO)C(CO)C(CO)C(CO)C(CO)C(CO)C(CO)C(CO)C(CO)CO,training,692.837
OCCC(CO)C(CO)C(CO)C(CO)C(CO)C(CO)C(CO)C(CO)C(CO)C(CO)C(CO)C(CO)C(CO)C(CO)C(CO)CO,training,736.89
OCCC(CO)C(CO)C(CO)C(CO)C(CO)C(CO)C(CO)C(CO)C(CO)C(CO)C(CO)C(CO)C(CO)C(CO)C(CO)C(CO)CO,training,780.943
OCCC(CO)C(CO)C(CO)C(CO)C(CO)C(CO)C(CO)C(CO)C(CO)C(CO)C(CO)C(CO)C(CO)C(CO)C(CO)C(CO)C(CO)CO,training,824.9960000000001
OCCC(CO)C(CO)C(CO)C(CO)C(CO)C(CO)C(CO)C(CO)C(CO)C(CO)C(CO)C(CO)C(CO)C(CO)C(CO)C(CO)C(CO)C(CO)CO,training,869.049
CO,training,32.042
COCCO,training,76.095
COC(CO)CCO,training,120.148
COC(CO)C(CO)CCO,training,164.201
COC(CO)C(CO)C(CO)CCO,training,208.25400000000002
COC(CO)C(CO)C(CO)C(CO)CCO,training,252.30700000000002
COC(CO)C(CO)C(CO)C(CO)C(CO)CCO,training,296.36
COC(CO)C(CO)C(CO)C(CO)C(CO)C(CO)CCO,training,340.413
COC(CO)C(CO)C(CO)C(CO)C(CO)C(CO)C(CO)CCO,training,384.466
COC(CO)C(CO)C(CO)C(CO)C(CO)C(CO)C(CO)C(CO)CCO,training,428.519
COC(CO)C(CO)C(CO)C(CO)C(CO)C(CO)C(CO)C(CO)C(CO)CCO,training,472.57199999999995
COC(CO)C(CO)C(CO)C(CO)C(CO)C(CO)C(CO)C(CO)C(CO)C(CO)CCO,training,516.625
COC(CO)C(CO)C(CO)C(CO)C(CO)C(CO)C(CO)C(CO)C(CO)C(CO)C(CO)CCO,training,560.678
COC(CO)C(CO)C(CO)C(CO)C(CO)C(CO)C(CO)C(CO)C(CO)C(CO)C(CO)C(CO)CCO,training,604.731
COC(CO)C(CO)C(CO)C(CO)C(CO)C(CO)C(CO)C(CO)C(CO)C(CO)C(CO)C(CO)C(CO)CCO,training,648.784
COC(CO)C(CO)C(CO)C(CO)C(CO)C(CO)C(CO)C(CO)C(CO)C(CO)C(CO)C(CO)C(CO)C(CO)CCO,training,692.837
COC(CO)C(CO)C(CO)C(CO)C(CO)C(CO)C(CO)C(CO)C(CO)C(CO)C(CO)C(CO)C(CO)C(CO)C(CO)CCO,training,736.89
COC(CO)C(CO)C(CO)C(CO)C(CO)C(CO)C(CO)C(CO)C(CO)C(CO)C(CO)C(CO)C(CO)C(CO)C(CO)C(CO)CCO,training,780.943
COC(CO)C(CO)C(CO)C(CO)C(CO)C(CO)C(CO)C(CO)C(CO)C(CO)C(CO)C(CO)C(CO)C(CO)C(CO)C(CO)C(CO)CCO,training,824.9960000000001
COC(CO)C(CO)C(CO)C(CO)C(CO)C(CO)C(CO)C(CO)C(CO)C(CO)C(CO)C(CO)C(CO)C(CO)C(CO)C(CO)C(CO)C(CO)CCO,training,869.049
CN,training,31.058000000000003
NCCCO,training,75.111
NCC(CO)CCO,training,119.164
NCC(CO)C(CO)CCO,training,163.217
NCC(CO)C(CO)C(CO)CCO,training,207.27
NCC(CO)C(CO)C(CO)C(CO)CCO,training,251.32299999999998
NCC(CO)C(CO)C(CO)C(CO)C(CO)CCO,training,295.376
NCC(CO)C(CO)C(CO)C(CO)C(CO)C(CO)CCO,training,339.42900000000003
NCC(CO)C(CO)C(CO)C(CO)C(CO)C(CO)C(CO)CCO,training,383.48199999999997
NCC(CO)C(CO)C(CO)C(CO)C(CO)C(CO)C(CO)C(CO)CCO,training,427.535
NCC(CO)C(CO)C(CO)C(CO)C(CO)C(CO)C(CO)C(CO)C(CO)CCO,training,471.588
NCC(CO)C(CO)C(CO)C(CO)C(CO)C(CO)C(CO)C(CO)C(CO)C(CO)CCO,training,515.641
NCC(CO)C(CO)C(CO)C(CO)C(CO)C(CO)C(CO)C(CO)C(CO)C(CO)C(CO)CCO,training,559.694
NCC(CO)C(CO)C(CO)C(CO)C(CO)C(CO)C(CO)C(CO)C(CO)C(CO)C(CO)C(CO)CCO,training,603.747
NCC(CO)C(CO)C(CO)C(CO)C(CO)C(CO)C(CO)C(CO)C(CO)C(CO)C(CO)C(CO)C(CO)CCO,training,647.8
NCC(CO)C(CO)C(CO)C(CO)C(CO)C(CO)C(CO)C(CO)C(CO)C(CO)C(CO)C(CO)C(CO)C(CO)CCO,training,691.8530000000001
NCC(CO)C(CO)C(CO)C(CO)C(CO)C(CO)C(CO)C(CO)C(CO)C(CO)C(CO)C(CO)C(CO)C(CO)C(CO)CCO,training,735.9060000000001
NCC(CO)C(CO)C(CO)C(CO)C(CO)C(CO)C(CO)C(CO)C(CO)C(CO)C(CO)C(CO)C(CO)C(CO)C(CO)C(CO)CCO,training,779.959
NCC(CO)C(CO)C(CO)C(CO)C(CO)C(CO)C(CO)C(CO)C(CO)C(CO)C(CO)C(CO)C(CO)C(CO)C(CO)C(CO)C(CO)CCO,training,824.012
NCC(CO)C(CO)C(CO)C(CO)C(CO)C(CO)C(CO)C(CO)C(CO)C(CO)C(CO)C(CO)C(CO)C(CO)C(CO)C(CO)C(CO)C(CO)CCO,training,868.065
CN,training,31.058000000000003
CNCCO,training,75.111
CNC(CO)CCO,training,119.164
CNC(CO)C(CO)CCO,training,163.217
CNC(CO)C(CO)C(CO)CCO,training,207.27
CNC(CO)C(CO)C(CO)C(CO)CCO,training,251.32299999999998
CNC(CO)C(CO)C(CO)C(CO)C(CO)CCO,training,295.376
CNC(CO)C(CO)C(CO)C(CO)C(CO)C(CO)CCO,training,339.42900000000003
CNC(CO)C(CO)C(CO)C(CO)C(CO)C(CO)C(CO)CCO,training,383.48199999999997
CNC(CO)C(CO)C(CO)C(CO)C(CO)C(CO)C(CO)C(CO)CCO,training,427.535
CNC(CO)C(CO)C(CO)C(CO)C(CO)C(CO)C(CO)C(CO)C(CO)CCO,training,471.588
CNC(CO)C(CO)C(CO)C(CO)C(CO)C(CO)C(CO)C(CO)C(CO)C(CO)CCO,training,515.641
CNC(CO)C(CO)C(CO)C(CO)C(CO)C(CO)C(CO)C(CO)C(CO)C(CO)C(CO)CCO,training,559.694
CNC(CO)C(CO)C(CO)C(CO)C(CO)C(CO)C(CO)C(CO)C(CO)C(CO)C(CO)C(CO)CCO,training,603.747
CNC(CO)C(CO)C(CO)C(CO)C(CO)C(CO)C(CO)C(CO)C(CO)C(CO)C(CO)C(CO)C(CO)CCO,training,647.8
CNC(CO)C(CO)C(CO)C(CO)C(CO)C(CO)C(CO)C(CO)C(CO)C(CO)C(CO)C(CO)C(CO)C(CO)CCO,training,691.8530000000001
CNC(CO)C(CO)C(CO)C(CO)C(CO)C(CO)C(CO)C(CO)C(CO)C(CO)C(CO)C(CO)C(CO)C(CO)C(CO)CCO,training,735.9060000000001
CNC(CO)C(CO)C(CO)C(CO)C(CO)C(CO)C(CO)C(CO)C(CO)C(CO)C(CO)C(CO)C(CO)C(CO)C(CO)C(CO)CCO,training,779.959
CNC(CO)C(CO)C(CO)C(CO)C(CO)C(CO)C(CO)C(CO)C(CO)C(CO)C(CO)C(CO)C(CO)C(CO)C(CO)C(CO)C(CO)CCO,training,824.012
CNC(CO)C(CO)C(CO)C(CO)C(CO)C(CO)C(CO)C(CO)C(CO)C(CO)C(CO)C(CO)C(CO)C(CO)C(CO)C(CO)C(CO)C(CO)CCO,training,868.065
C=O,training,30.026
O=CCCO,training,74.079
O=CC(CO)CCO,training,118.132
O=CC(CO)C(CO)CCO,training,162.185
O=CC(CO)C(CO)C(CO)CCO,training,206.238
O=CC(CO)C(CO)C(CO)C(CO)CCO,training,250.291
O=CC(CO)C(CO)C(CO)C(CO)C(CO)CCO,training,294.344
O=CC(CO)C(CO)C(CO)C(CO)C(CO)C(CO)CCO,training,338.397
O=CC(CO)C(CO)C(CO)C(CO)C(CO)C(CO)C(CO)CCO,training,382.45
O=CC(CO)C(CO)C(CO)C(CO)C(CO)C(CO)C(CO)C(CO)CCO,training,426.50300000000004
O=CC(CO)C(CO)C(CO)C(CO)C(CO)C(CO)C(CO)C(CO)C(CO)CCO,training,470.556
O=CC(CO)C(CO)C(CO)C(CO)C(CO)C(CO)C(CO)C(CO)C(CO)C(CO)CCO,training,514.609
O=CC(CO)C(CO)C(CO)C(CO)C(CO)C(CO)C(CO)C(CO)C(CO)C(CO)C(CO)CCO,training,558.6619999999999
O=CC(CO)C(CO)C(CO)C(CO)C(CO)C(CO)C(CO)C(CO)C(CO)C(CO)C(CO)C(CO)CCO,training,602.715
O=CC(CO)C(CO)C(CO)C(CO)C(CO)C(CO)C(CO)C(CO)C(CO)C(CO)C(CO)C(CO)C(CO)CCO,training,646.768
O=CC(CO)C(CO)C(CO)C(CO)C(CO)C(CO)C(CO)C(CO)C(CO)C(CO)C(CO)C(CO)C(CO)C(CO)CCO,training,690.821
O=CC(CO)C(CO)C(CO)C(CO)C(CO)C(CO)C(CO)C(CO)C(CO)C(CO)C(CO)C(CO)C(CO)C(CO)C(CO)CCO,training,734.8739999999999
O=CC(CO)C(CO)C(CO)C(CO)C(CO)C(CO)C(CO)C(CO)C(CO)C(CO)C(CO)C(CO)C(CO)C(CO)C(CO)C(CO)CCO,training,778.927
O=CC(CO)C(CO)C(CO)C(CO)C(CO)C(CO)C(CO)C(CO)C(CO)C(CO)C(CO)C(CO)C(CO)C(CO)C(CO)C(CO)C(CO)CCO,training,822.98
O=CC(CO)C(CO)C(CO)C(CO)C(CO)C(CO)C(CO)C(CO)C(CO)C(CO)C(CO)C(CO)C(CO)C(CO)C(CO)C(CO)C(CO)C(CO)CCO,training,867.033
O=CO,training,46.025
O=C(O)CCO,training,90.07799999999999
O=C(O)C(CO)CCO,training,134.131
O=C(O)C(CO)C(CO)CCO,training,178.18400000000003
O=C(O)C(CO)C(CO)C(CO)CCO,training,222.237
O=C(O)C(CO)C(CO)C(CO)C(CO)CCO,training,266.29
O=C(O)C(CO)C(CO)C(CO)C(CO)C(CO)CCO,training,310.343
O=C(O)C(CO)C(CO)C(CO)C(CO)C(CO)C(CO)CCO,training,354.39599999999996
O=C(O)C(CO)C(CO)C(CO)C(CO)C(CO)C(CO)C(CO)CCO,training,398.449
O=C(O)C(CO)C(CO)C(CO)C(CO)C(CO)C(CO)C(CO)C(CO)CCO,training,442.50199999999995
O=C(O)C(CO)C(CO)C(CO)C(CO)C(CO)C(CO)C(CO)C(CO)C(CO)CCO,training,486.555
O=C(O)C(CO)C(CO)C(CO)C(CO)C(CO)C(CO)C(CO)C(CO)C(CO)C(CO)CCO,training,530.6080000000001
O=C(O)C(CO)C(CO)C(CO)C(CO)C(CO)C(CO)C(CO)C(CO)C(CO)C(CO)C(CO)CCO,training,574.661
O=C(O)C(CO)C(CO)C(CO)C(CO)C(CO)C(CO)C(CO)C(CO)C(CO)C(CO)C(CO)C(CO)CCO,training,618.714
O=C(O)C(CO)C(CO)C(CO)C(CO)C(CO)C(CO)C(CO)C(CO)C(CO)C(CO)C(CO)C(CO)C(CO)CCO,training,662.7669999999999
O=C(O)C(CO)C(CO)C(CO)C(CO)C(CO)C(CO)C(CO)C(CO)C(CO)C(CO)C(CO)C(CO)C(CO)C(CO)CCO,training,706.82
O=C(O)C(CO)C(CO)C(CO)C(CO)C(CO)C(CO)C(CO)C(CO)C(CO)C(CO)C(CO)C(CO)C(CO)C(CO)C(CO)CCO,training,750.873
O=C(O)C(CO)C(CO)C(CO)C(CO)C(CO)C(CO)C(CO)C(CO)C(CO)C(CO)C(CO)C(CO)C(CO)C(CO)C(CO)C(CO)CCO,training,794.926
O=C(O)C(CO)C(CO)C(CO)C(CO)C(CO)C(CO)C(CO)C(CO)C(CO)C(CO)C(CO)C(CO)C(CO)C(CO)C(CO)C(CO)C(CO)CCO,training,838.9789999999999
O=C(O)C(CO)C(CO)C(CO)C(CO)C(CO)C(CO)C(CO)C(CO)C(CO)C(CO)C(CO)C(CO)C(CO)C(CO)C(CO)C(CO)C(CO)C(CO)CCO,training,883.0319999999999
C,training,16.043
CCCCO,training,74.123
CC(CCO)CCCO,training,132.203
CC(CCO)C(CCO)CCCO,training,190.283
CC(CCO)C(CCO)C(CCO)CCCO,training,248.363
CC(CCO)C(CCO)C(CCO)C(CCO)CCCO,training,306.443
CC(CCO)C(CCO)C(CCO)C(CCO)C(CCO)CCCO,training,364.523
CC(CCO)C(CCO)C(CCO)C(CCO)C(CCO)C(CCO)CCCO,training,422.603
CC(CCO)C(CCO)C(CCO)C(CCO)C(CCO)C(CCO)C(CCO)CCCO,training,480.68300000000005
CC(CCO)C(CCO)C(CCO)C(CCO)C(CCO)C(CCO)C(CCO)C(CCO)CCCO,training,538.763
CC(CCO)C(CCO)C(CCO)C(CCO)C(CCO)C(CCO)C(CCO)C(CCO)C(CCO)CCCO,training,596.8430000000001
CC(CCO)C(CCO)C(CCO)C(CCO)C(CCO)C(CCO)C(CCO)C(CCO)C(CCO)C(CCO)CCCO,training,654.923
CC(CCO)C(CCO)C(CCO)C(CCO)C(CCO)C(CCO)C(CCO)C(CCO)C(CCO)C(CCO)C(CCO)CCCO,training,713.003
CC(CCO)C(CCO)C(CCO)C(CCO)C(CCO)C(CCO)C(CCO)C(CCO)C(CCO)C(CCO)C(CCO)C(CCO)CCCO,training,771.0830000000001
CC(CCO)C(CCO)C(CCO)C(CCO)C(CCO)C(CCO)C(CCO)C(CCO)C(CCO)C(CCO)C(CCO)C(CCO)C(CCO)CCCO,training,829.163
CC(CCO)C(CCO)C(CCO)C(CCO)C(CCO)C(CCO)C(CCO)C(CCO)C(CCO)C(CCO)C(CCO)C(CCO)C(CCO)C(CCO)CCCO,training,887.243
CC(CCO)C(CCO)C(CCO)C(CCO)C(CCO)C(CCO)C(CCO)C(CCO)C(CCO)C(CCO)C(CCO)C(CCO)C(CCO)C(CCO)C(CCO)CCCO,training,945.323
CC(CCO)C(CCO)C(CCO)C(CCO)C(CCO)C(CCO)C(CCO)C(CCO)C(CCO)C(CCO)C(CCO)C(CCO)C(CCO)C(CCO)C(CCO)C(CCO)CCCO,training,1003.403
CC(CCO)C(CCO)C(CCO)C(CCO)C(CCO)C(CCO)C(CCO)C(CCO)C(CCO)C(CCO)C(CCO)C(CCO)C(CCO)C(CCO)C(CCO)C(CCO)C(CCO)CCCO,training,1061.483
CC(CCO)C(CCO)C(CCO)C(CCO)C(CCO)C(CCO)C(CCO)C(CCO)C(CCO)C(CCO)C(CCO)C(CCO)C(CCO)C(CCO)C(CCO)C(CCO)C(CCO)C(CCO)CCCO,training,1119.563
CO,training,32.042
OCCCCO,training,90.12200000000001
OCCCC(CO)CCO,training,148.202
OCCCC(CCO)C(CO)CCO,training,206.282
OCCCC(CCO)C(CCO)C(CO)CCO,training,264.362
OCCCC(CCO)C(CCO)C(CCO)C(CO)CCO,training,322.442
OCCCC(CCO)C(CCO)C(CCO)C(CCO)C(CO)CCO,training,380.522
OCCCC(CCO)C(CCO)C(CCO)C(CCO)C(CCO)C(CO)CCO,training,438.602
OCCCC(CCO)C(CCO)C(CCO)C(CCO)C(CCO)C(CCO)C(CO)CCO,training,496.68199999999996
OCCCC(CCO)C(CCO)C(CCO)C(CCO)C(CCO)C(CCO)C(CCO)C(CO)CCO,training,554.762
OCCCC(CCO)C(CCO)C(CCO)C(CCO)C(CCO)C(CCO)C(CCO)C(CCO)C(CO)CCO,training,612.842
OCCCC(CCO)C(CCO)C(CCO)C(CCO)C(CCO)C(CCO)C(CCO)C(CCO)C(CCO)C(CO)CCO,training,670.922
OCCCC(CCO)C(CCO)C(CCO)C(CCO)C(CCO)C(CCO)C(CCO)C(CCO)C(CCO)C(CCO)C(CO)CCO,training,729.002
OCCCC(CCO)C(CCO)C(CCO)C(CCO)C(CCO)C(CCO)C(CCO)C(CCO)C(CCO)C(CCO)C(CCO)C(CO)CCO,training,787.082
OCCCC(CCO)C(CCO)C(CCO)C(CCO)C(CCO)C(CCO)C(CCO)C(CCO)C(CCO)C(CCO)C(CCO)C(CCO)C(CO)CCO,training,845.1619999999999
OCCCC(CCO)C(CCO)C(CCO)C(CCO)C(CCO)C(CCO)C(CCO)C(CCO)C(CCO)C(CCO)C(CCO)C(CCO)C(CCO)C(CO)CCO,training,903.242
OCCCC(CCO)C(CCO)C(CCO)C(CCO)C(CCO)C(CCO)C(CCO)C(CCO)C(CCO)C(CCO)C(CCO)C(CCO)C(CCO)C(CCO)C(CO)CCO,training,961.322
OCCCC(CCO)C(CCO)C(CCO)C(CCO)C(CCO)C(CCO)C(CCO)C(CCO)C(CCO)C(CCO)C(CCO)C(CCO)C(CCO)C(CCO)C(CCO)C(CO)CCO,training,1019.4019999999999
OCCCC(CCO)C(CCO)C(CCO)C(CCO)C(CCO)C(CCO)C(CCO)C(CCO)C(CCO)C(CCO)C(CCO)C(CCO)C(CCO)C(CCO)C(CCO)C(CCO)C(CO)CCO,training,1077.482
OCCCC(CCO)C(CCO)C(CCO)C(CCO)C(CCO)C(CCO)C(CCO)C(CCO)C(CCO)C(CCO)C(CCO)C(CCO)C(CCO)C(CCO)C(CCO)C(CCO)C(CCO)C(CO)CCO,training,1135.562
CO,training,32.042
COCCCO,training,90.12200000000001
COC(CCO)CCCO,training,148.202
COC(CCO)C(CCO)CCCO,training,206.282
COC(CCO)C(CCO)C(CCO)CCCO,training,264.362
COC(CCO)C(CCO)C(CCO)C(CCO)CCCO,training,322.442
COC(CCO)C(CCO)C(CCO)C(CCO)C(CCO)CCCO,training,380.522
COC(CCO)C(CCO)C(CCO)C(CCO)C(CCO)C(CCO)CCCO,training,438.602
COC(CCO)C(CCO)C(CCO)C(CCO)C(CCO)C(CCO)C(CCO)CCCO,training,496.68199999999996
COC(CCO)C(CCO)C(CCO)C(CCO)C(CCO)C(CCO)C(CCO)C(CCO)CCCO,training,554.762
COC(CCO)C(CCO)C(CCO)C(CCO)C(CCO)C(CCO)C(CCO)C(CCO)C(CCO)CCCO,training,612.842
COC(CCO)C(CCO)C(CCO)C(CCO)C(CCO)C(CCO)C(CCO)C(CCO)C(CCO)C(CCO)CCCO,training,670.922
COC(CCO)C(CCO)C(CCO)C(CCO)C(CCO)C(CCO)C(CCO)C(CCO)C(CCO)C(CCO)C(CCO)CCCO,training,729.002
COC(CCO)C(CCO)C(CCO)C(CCO)C(CCO)C(CCO)C(CCO)C(CCO)C(CCO)C(CCO)C(CCO)C(CCO)CCCO,training,787.082
COC(CCO)C(CCO)C(CCO)C(CCO)C(CCO)C(CCO)C(CCO)C(CCO)C(CCO)C(CCO)C(CCO)C(CCO)C(CCO)CCCO,training,845.1619999999999
COC(CCO)C(CCO)C(CCO)C(CCO)C(CCO)C(CCO)C(CCO)C(CCO)C(CCO)C(CCO)C(CCO)C(CCO)C(CCO)C(CCO)CCCO,training,903.242
COC(CCO)C(CCO)C(CCO)C(CCO)C(CCO)C(CCO)C(CCO)C(CCO)C(CCO)C(CCO)C(CCO)C(CCO)C(CCO)C(CCO)C(CCO)CCCO,training,961.322
COC(CCO)C(CCO)C(CCO)C(CCO)C(CCO)C(CCO)C(CCO)C(CCO)C(CCO)C(CCO)C(CCO)C(CCO)C(CCO)C(CCO)C(CCO)C(CCO)CCCO,training,1019.4019999999999
COC(CCO)C(CCO)C(CCO)C(CCO)C(CCO)C(CCO)C(CCO)C(CCO)C(CCO)C(CCO)C(CCO)C(CCO)C(CCO)C(CCO)C(CCO)C(CCO)C(CCO)CCCO,training,1077.482
COC(CCO)C(CCO)C(CCO)C(CCO)C(CCO)C(CCO)C(CCO)C(CCO)C(CCO)C(CCO)C(CCO)C(CCO)C(CCO)C(CCO)C(CCO)C(CCO)C(CCO)C(CCO)CCCO,training,1135.562
CN,training,31.058000000000003
NCCCCO,training,89.13799999999999
NCC(CCO)CCCO,training,147.218
NCC(CCO)C(CCO)CCCO,training,205.298
NCC(CCO)C(CCO)C(CCO)CCCO,training,263.378
NCC(CCO)C(CCO)C(CCO)C(CCO)CCCO,training,321.45799999999997
NCC(CCO)C(CCO)C(CCO)C(CCO)C(CCO)CCCO,training,379.538
NCC(CCO)C(CCO)C(CCO)C(CCO)C(CCO)C(CCO)CCCO,training,437.61800000000005
NCC(CCO)C(CCO)C(CCO)C(CCO)C(CCO)C(CCO)C(CCO)CCCO,training,495.69800000000004
NCC(CCO)C(CCO)C(CCO)C(CCO)C(CCO)C(CCO)C(CCO)C(CCO)CCCO,training,553.778
NCC(CCO)C(CCO)C(CCO)C(CCO)C(CCO)C(CCO)C(CCO)C(CCO)C(CCO)CCCO,training,611.8580000000001
NCC(CCO)C(CCO)C(CCO)C(CCO)C(CCO)C(CCO)C(CCO)C(CCO)C(CCO)C(CCO)CCCO,training,669.938
NCC(CCO)C(CCO)C(CCO)C(CCO)C(CCO)C(CCO)C(CCO)C(CCO)C(CCO)C(CCO)C(CCO)CCCO,training,728.018
NCC(CCO)C(CCO)C(CCO)C(CCO)C(CCO)C(CCO)C(CCO)C(CCO)C(CCO)C(CCO)C(CCO)C(CCO)CCCO,training,786.0980000000001
NCC(CCO)C(CCO)C(CCO)C(CCO)C(CCO)C(CCO)C(CCO)C(CCO)C(CCO)C(CCO)C(CCO)C(CCO)C(CCO)CCCO,training,844.178
NCC(CCO)C(CCO)C(CCO)C(CCO)C(CCO)C(CCO)C(CCO)C(CCO)C(CCO)C(CCO)C(CCO)C(CCO)C(CCO)C(CCO)CCCO,training,902.258
NCC(CCO)C(CCO)C(CCO)C(CCO)C(CCO)C(CCO)C(CCO)C(CCO)C(CCO)C(CCO)C(CCO)C(CCO)C(CCO)C(CCO)C(CCO)CCCO,training,960.3380000000001
NCC(CCO)C(CCO)C(CCO)C(CCO)C(CCO)C(CCO)C(CCO)C(CCO)C(CCO)C(CCO)C(CCO)C(CCO)C(CCO)C(CCO)C(CCO)C(CCO)CCCO,training,1018.418
NCC(CCO)C(CCO)C(CCO)C(CCO)C(CCO)C(CCO)C(CCO)C(CCO)C(CCO)C(CCO)C(CCO)C(CCO)C(CCO)C(CCO)C(CCO)C(CCO)C(CCO)CCCO,training,1076.498
NCC(CCO)C(CCO)C(CCO)C(CCO)C(CCO)C(CCO)C(CCO)C(CCO)C(CCO)C(CCO)C(CCO)C(CCO)C(CCO)C(CCO)C(CCO)C(CCO)C(CCO)C(CCO)CCCO,training,1134.578
CN,training,31.058000000000003
CNCCCO,training,89.13799999999999
CNC(CCO)CCCO,training,147.218
CNC(CCO)C(CCO)CCCO,training,205.298
CNC(CCO)C(CCO)C(CCO)CCCO,val,263.378
CNC(CCO)C(CCO)C(CCO)C(CCO)CCCO,val,321.45799999999997
CNC(CCO)C(CCO)C(CCO)C(CCO)C(CCO)CCCO,val,379.538
CNC(CCO)C(CCO)C(CCO)C(CCO)C(CCO)C(CCO)CCCO,val,437.61800000000005
CNC(CCO)C(CCO)C(CCO)C(CCO)C(CCO)C(CCO)C(CCO)CCCO,val,495.69800000000004
CNC(CCO)C(CCO)C(CCO)C(CCO)C(CCO)C(CCO)C(CCO)C(CCO)CCCO,val,553.778
CNC(CCO)C(CCO)C(CCO)C(CCO)C(CCO)C(CCO)C(CCO)C(CCO)C(CCO)CCCO,val,611.8580000000001
CNC(CCO)C(CCO)C(CCO)C(CCO)C(CCO)C(CCO)C(CCO)C(CCO)C(CCO)C(CCO)CCCO,val,669.938
CNC(CCO)C(CCO)C(CCO)C(CCO)C(CCO)C(CCO)C(CCO)C(CCO)C(CCO)C(CCO)C(CCO)CCCO,val,728.018
CNC(CCO)C(CCO)C(CCO)C(CCO)C(CCO)C(CCO)C(CCO)C(CCO)C(CCO)C(CCO)C(CCO)C(CCO)CCCO,val,786.0980000000001
CNC(CCO)C(CCO)C(CCO)C(CCO)C(CCO)C(CCO)C(CCO)C(CCO)C(CCO)C(CCO)C(CCO)C(CCO)C(CCO)CCCO,val,844.178
CNC(CCO)C(CCO)C(CCO)C(CCO)C(CCO)C(CCO)C(CCO)C(CCO)C(CCO)C(CCO)C(CCO)C(CCO)C(CCO)C(CCO)CCCO,val,902.258
CNC(CCO)C(CCO)C(CCO)C(CCO)C(CCO)C(CCO)C(CCO)C(CCO)C(CCO)C(CCO)C(CCO)C(CCO)C(CCO)C(CCO)C(CCO)CCCO,val,960.3380000000001
CNC(CCO)C(CCO)C(CCO)C(CCO)C(CCO)C(CCO)C(CCO)C(CCO)C(CCO)C(CCO)C(CCO)C(CCO)C(CCO)C(CCO)C(CCO)C(CCO)CCCO,val,1018.418
CNC(CCO)C(CCO)C(CCO)C(CCO)C(CCO)C(CCO)C(CCO)C(CCO)C(CCO)C(CCO)C(CCO)C(CCO)C(CCO)C(CCO)C(CCO)C(CCO)C(CCO)CCCO,val,1076.498
CNC(CCO)C(CCO)C(CCO)C(CCO)C(CCO)C(CCO)C(CCO)C(CCO)C(CCO)C(CCO)C(CCO)C(CCO)C(CCO)C(CCO)C(CCO)C(CCO)C(CCO)C(CCO)CCCO,val,1134.578
C=O,val,30.026
O=CCCCO,val,88.10600000000001
O=CC(CCO)CCCO,val,146.186
O=CC(CCO)C(CCO)CCCO,val,204.266
O=CC(CCO)C(CCO)C(CCO)CCCO,val,262.346
O=CC(CCO)C(CCO)C(CCO)C(CCO)CCCO,val,320.426
O=CC(CCO)C(CCO)C(CCO)C(CCO)C(CCO)CCCO,val,378.506
O=CC(CCO)C(CCO)C(CCO)C(CCO)C(CCO)C(CCO)CCCO,val,436.586
O=CC(CCO)C(CCO)C(CCO)C(CCO)C(CCO)C(CCO)C(CCO)CCCO,val,494.666
O=CC(CCO)C(CCO)C(CCO)C(CCO)C(CCO)C(CCO)C(CCO)C(CCO)CCCO,val,552.746
O=CC(CCO)C(CCO)C(CCO)C(CCO)C(CCO)C(CCO)C(CCO)C(CCO)C(CCO)CCCO,val,610.826
O=CC(CCO)C(CCO)C(CCO)C(CCO)C(CCO)C(CCO)C(CCO)C(CCO)C(CCO)C(CCO)CCCO,val,668.9060000000001
O=CC(CCO)C(CCO)C(CCO)C(CCO)C(CCO)C(CCO)C(CCO)C(CCO)C(CCO)C(CCO)C(CCO)CCCO,val,726.9860000000001
O=CC(CCO)C(CCO)C(CCO)C(CCO)C(CCO)C(CCO)C(CCO)C(CCO)C(CCO)C(CCO)C(CCO)C(CCO)CCCO,val,785.066
O=CC(CCO)C(CCO)C(CCO)C(CCO)C(CCO)C(CCO)C(CCO)C(CCO)C(CCO)C(CCO)C(CCO)C(CCO)C(CCO)CCCO,val,843.1460000000001
O=CC(CCO)C(CCO)C(CCO)C(CCO)C(CCO)C(CCO)C(CCO)C(CCO)C(CCO)C(CCO)C(CCO)C(CCO)C(CCO)C(CCO)CCCO,val,901.2260000000001
O=CC(CCO)C(CCO)C(CCO)C(CCO)C(CCO)C(CCO)C(CCO)C(CCO)C(CCO)C(CCO)C(CCO)C(CCO)C(CCO)C(CCO)C(CCO)CCCO,val,959.306
O=CC(CCO)C(CCO)C(CCO)C(CCO)C(CCO)C(CCO)C(CCO)C(CCO)C(CCO)C(CCO)C(CCO)C(CCO)C(CCO)C(CCO)C(CCO)C(CCO)CCCO,val,1017.3860000000001
O=CC(CCO)C(CCO)C(CCO)C(CCO)C(CCO)C(CCO)C(CCO)C(CCO)C(CCO)C(CCO)C(CCO)C(CCO)C(CCO)C(CCO)C(CCO)C(CCO)C(CCO)CCCO,val,1075.4660000000001
O=CC(CCO)C(CCO)C(CCO)C(CCO)C(CCO)C(CCO)C(CCO)C(CCO)C(CCO)C(CCO)C(CCO)C(CCO)C(CCO)C(CCO)C(CCO)C(CCO)C(CCO)C(CCO)CCCO,val,1133.546
O=CO,val,46.025
O=C(O)CCCO,val,104.105
O=C(O)C(CCO)CCCO,val,162.185
O=C(O)C(CCO)C(CCO)CCCO,val,220.265
O=C(O)C(CCO)C(CCO)C(CCO)CCCO,val,278.345
O=C(O)C(CCO)C(CCO)C(CCO)C(CCO)CCCO,val,336.425
O=C(O)C(CCO)C(CCO)C(CCO)C(CCO)C(CCO)CCCO,val,394.505
O=C(O)C(CCO)C(CCO)C(CCO)C(CCO)C(CCO)C(CCO)CCCO,val,452.585
O=C(O)C(CCO)C(CCO)C(CCO)C(CCO)C(CCO)C(CCO)C(CCO)CCCO,val,510.665
O=C(O)C(CCO)C(CCO)C(CCO)C(CCO)C(CCO)C(CCO)C(CCO)C(CCO)CCCO,val,568.745
O=C(O)C(CCO)C(CCO)C(CCO)C(CCO)C(CCO)C(CCO)C(CCO)C(CCO)C(CCO)CCCO,val,626.825
O=C(O)C(CCO)C(CCO)C(CCO)C(CCO)C(CCO)C(CCO)C(CCO)C(CCO)C(CCO)C(CCO)CCCO,val,684.905
O=C(O)C(CCO)C(CCO)C(CCO)C(CCO)C(CCO)C(CCO)C(CCO)C(CCO)C(CCO)C(CCO)C(CCO)CCCO,val,742.985
O=C(O)C(CCO)C(CCO)C(CCO)C(CCO)C(CCO)C(CCO)C(CCO)C(CCO)C(CCO)C(CCO)C(CCO)C(CCO)CCCO,val,801.065
O=C(O)C(CCO)C(CCO)C(CCO)C(CCO)C(CCO)C(CCO)C(CCO)C(CCO)C(CCO)C(CCO)C(CCO)C(CCO)C(CCO)CCCO,val,859.145
O=C(O)C(CCO)C(CCO)C(CCO)C(CCO)C(CCO)C(CCO)C(CCO)C(CCO)C(CCO)C(CCO)C(CCO)C(CCO)C(CCO)C(CCO)CCCO,val,917.225
O=C(O)C(CCO)C(CCO)C(CCO)C(CCO)C(CCO)C(CCO)C(CCO)C(CCO)C(CCO)C(CCO)C(CCO)C(CCO)C(CCO)C(CCO)C(CCO)CCCO,val,975.305
O=C(O)C(CCO)C(CCO)C(CCO)C(CCO)C(CCO)C(CCO)C(CCO)C(CCO)C(CCO)C(CCO)C(CCO)C(CCO)C(CCO)C(CCO)C(CCO)C(CCO)CCCO,val,1033.385
O=C(O)C(CCO)C(CCO)C(CCO)C(CCO)C(CCO)C(CCO)C(CCO)C(CCO)C(CCO)C(CCO)C(CCO)C(CCO)C(CCO)C(CCO)C(CCO)C(CCO)C(CCO)CCCO,val,1091.465
O=C(O)C(CCO)C(CCO)C(CCO)C(CCO)C(CCO)C(CCO)C(CCO)C(CCO)C(CCO)C(CCO)C(CCO)C(CCO)C(CCO)C(CCO)C(CCO)C(CCO)C(CCO)C(CCO)CCCO,val,1149.545
C,val,16.043
CCCCCO,val,88.15
CC(CCCO)CCCCO,val,160.257
CC(CCCO)C(CCCO)CCCCO,val,232.364
CC(CCCO)C(CCCO)C(CCCO)CCCCO,val,304.471
CC(CCCO)C(CCCO)C(CCCO)C(CCCO)CCCCO,val,376.57800000000003
CC(CCCO)C(CCCO)C(CCCO)C(CCCO)C(CCCO)CCCCO,val,448.685
CC(CCCO)C(CCCO)C(CCCO)C(CCCO)C(CCCO)C(CCCO)CCCCO,val,520.7919999999999
CC(CCCO)C(CCCO)C(CCCO)C(CCCO)C(CCCO)C(CCCO)C(CCCO)CCCCO,val,592.899
CC(CCCO)C(CCCO)C(CCCO)C(CCCO)C(CCCO)C(CCCO)C(CCCO)C(CCCO)CCCCO,val,665.0060000000001
CC(CCCO)C(CCCO)C(CCCO)C(CCCO)C(CCCO)C(CCCO)C(CCCO)C(CCCO)C(CCCO)CCCCO,val,737.113
CC(CCCO)C(CCCO)C(CCCO)C(CCCO)C(CCCO)C(CCCO)C(CCCO)C(CCCO)C(CCCO)C(CCCO)CCCCO,val,809.22
CC(CCCO)C(CCCO)C(CCCO)C(CCCO)C(CCCO)C(CCCO)C(CCCO)C(CCCO)C(CCCO)C(CCCO)C(CCCO)CCCCO,val,881.327
CC(CCCO)C(CCCO)C(CCCO)C(CCCO)C(CCCO)C(CCCO)C(CCCO)C(CCCO)C(CCCO)C(CCCO)C(CCCO)C(CCCO)CCCCO,val,953.434
CC(CCCO)C(CCCO)C(CCCO)C(CCCO)C(CCCO)C(CCCO)C(CCCO)C(CCCO)C(CCCO)C(CCCO)C(CCCO)C(CCCO)C(CCCO)CCCCO,val,1025.5410000000002
CC(CCCO)C(CCCO)C(CCCO)C(CCCO)C(CCCO)C(CCCO)C(CCCO)C(CCCO)C(CCCO)C(CCCO)C(CCCO)C(CCCO)C(CCCO)C(CCCO)CCCCO,val,1097.6480000000001
CC(CCCO)C(CCCO)C(CCCO)C(CCCO)C(CCCO)C(CCCO)C(CCCO)C(CCCO)C(CCCO)C(CCCO)C(CCCO)C(CCCO)C(CCCO)C(CCCO)C(CCCO)CCCCO,val,1169.755
CC(CCCO)C(CCCO)C(CCCO)C(CCCO)C(CCCO)C(CCCO)C(CCCO)C(CCCO)C(CCCO)C(CCCO)C(CCCO)C(CCCO)C(CCCO)C(CCCO)C(CCCO)C(CCCO)CCCCO,val,1241.862
CC(CCCO)C(CCCO)C(CCCO)C(CCCO)C(CCCO)C(CCCO)C(CCCO)C(CCCO)C(CCCO)C(CCCO)C(CCCO)C(CCCO)C(CCCO)C(CCCO)C(CCCO)C(CCCO)C(CCCO)CCCCO,val,1313.969
CC(CCCO)C(CCCO)C(CCCO)C(CCCO)C(CCCO)C(CCCO)C(CCCO)C(CCCO)C(CCCO)C(CCCO)C(CCCO)C(CCCO)C(CCCO)C(CCCO)C(CCCO)C(CCCO)C(CCCO)C(CCCO)CCCCO,val,1386.076
CO,val,32.042
OCCCCCO,val,104.149
OCCCCC(CO)CCCO,val,176.25599999999997
OCCCCC(CCCO)C(CO)CCCO,val,248.363
OCCCCC(CCCO)C(CCCO)C(CO)CCCO,val,320.47
OCCCCC(CCCO)C(CCCO)C(CCCO)C(CO)CCCO,val,392.577
OCCCCC(CCCO)C(CCCO)C(CCCO)C(CCCO)C(CO)CCCO,val,464.684
OCCCCC(CCCO)C(CCCO)C(CCCO)C(CCCO)C(CCCO)C(CO)CCCO,val,536.7909999999999
OCCCCC(CCCO)C(CCCO)C(CCCO)C(CCCO)C(CCCO)C(CCCO)C(CO)CCCO,val,608.898
OCCCCC(CCCO)C(CCCO)C(CCCO)C(CCCO)C(CCCO)C(CCCO)C(CCCO)C(CO)CCCO,val,681.005
OCCCCC(CCCO)C(CCCO)C(CCCO)C(CCCO)C(CCCO)C(CCCO)C(CCCO)C(CCCO)C(CO)CCCO,val,753.112
OCCCCC(CCCO)C(CCCO)C(CCCO)C(CCCO)C(CCCO)C(CCCO)C(CCCO)C(CCCO)C(CCCO)C(CO)CCCO,val,825.2189999999999
OCCCCC(CCCO)C(CCCO)C(CCCO)C(CCCO)C(CCCO)C(CCCO)C(CCCO)C(CCCO)C(CCCO)C(CCCO)C(CO)CCCO,val,897.326
OCCCCC(CCCO)C(CCCO)C(CCCO)C(CCCO)C(CCCO)C(CCCO)C(CCCO)C(CCCO)C(CCCO)C(CCCO)C(CCCO)C(CO)CCCO,val,969.433
OCCCCC(CCCO)C(CCCO)C(CCCO)C(CCCO)C(CCCO)C(CCCO)C(CCCO)C(CCCO)C(CCCO)C(CCCO)C(CCCO)C(CCCO)C(CO)CCCO,val,1041.54
OCCCCC(CCCO)C(CCCO)C(CCCO)C(CCCO)C(CCCO)C(CCCO)C(CCCO)C(CCCO)C(CCCO)C(CCCO)C(CCCO)C(CCCO)C(CCCO)C(CO)CCCO,val,1113.647
OCCCCC(CCCO)C(CCCO)C(CCCO)C(CCCO)C(CCCO)C(CCCO)C(CCCO)C(CCCO)C(CCCO)C(CCCO)C(CCCO)C(CCCO)C(CCCO)C(CCCO)C(CO)CCCO,val,1185.754
OCCCCC(CCCO)C(CCCO)C(CCCO)C(CCCO)C(CCCO)C(CCCO)C(CCCO)C(CCCO)C(CCCO)C(CCCO)C(CCCO)C(CCCO)C(CCCO)C(CCCO)C(CCCO)C(CO)CCCO,val,1257.861
OCCCCC(CCCO)C(CCCO)C(CCCO)C(CCCO)C(CCCO)C(CCCO)C(CCCO)C(CCCO)C(CCCO)C(CCCO)C(CCCO)C(CCCO)C(CCCO)C(CCCO)C(CCCO)C(CCCO)C(CO)CCCO,val,1329.9679999999998
OCCCCC(CCCO)C(CCCO)C(CCCO)C(CCCO)C(CCCO)C(CCCO)C(CCCO)C(CCCO)C(CCCO)C(CCCO)C(CCCO)C(CCCO)C(CCCO)C(CCCO)C(CCCO)C(CCCO)C(CCCO)C(CO)CCCO,val,1402.075
CO,val,32.042
COCCCCO,val,104.149
COC(CCCO)CCCCO,test,176.25599999999997
COC(CCCO)C(CCCO)CCCCO,test,248.363
COC(CCCO)C(CCCO)C(CCCO)CCCCO,test,320.47
COC(CCCO)C(CCCO)C(CCCO)C(CCCO)CCCCO,test,392.577
COC(CCCO)C(CCCO)C(CCCO)C(CCCO)C(CCCO)CCCCO,test,464.684
COC(CCCO)C(CCCO)C(CCCO)C(CCCO)C(CCCO)C(CCCO)CCCCO,test,536.7909999999999
COC(CCCO)C(CCCO)C(CCCO)C(CCCO)C(CCCO)C(CCCO)C(CCCO)CCCCO,test,608.898
COC(CCCO)C(CCCO)C(CCCO)C(CCCO)C(CCCO)C(CCCO)C(CCCO)C(CCCO)CCCCO,test,681.005
COC(CCCO)C(CCCO)C(CCCO)C(CCCO)C(CCCO)C(CCCO)C(CCCO)C(CCCO)C(CCCO)CCCCO,test,753.112
COC(CCCO)C(CCCO)C(CCCO)C(CCCO)C(CCCO)C(CCCO)C(CCCO)C(CCCO)C(CCCO)C(CCCO)CCCCO,test,825.2189999999999
COC(CCCO)C(CCCO)C(CCCO)C(CCCO)C(CCCO)C(CCCO)C(CCCO)C(CCCO)C(CCCO)C(CCCO)C(CCCO)CCCCO,test,897.326
COC(CCCO)C(CCCO)C(CCCO)C(CCCO)C(CCCO)C(CCCO)C(CCCO)C(CCCO)C(CCCO)C(CCCO)C(CCCO)C(CCCO)CCCCO,test,969.433
COC(CCCO)C(CCCO)C(CCCO)C(CCCO)C(CCCO)C(CCCO)C(CCCO)C(CCCO)C(CCCO)C(CCCO)C(CCCO)C(CCCO)C(CCCO)CCCCO,test,1041.54
COC(CCCO)C(CCCO)C(CCCO)C(CCCO)C(CCCO)C(CCCO)C(CCCO)C(CCCO)C(CCCO)C(CCCO)C(CCCO)C(CCCO)C(CCCO)C(CCCO)CCCCO,test,1113.647
COC(CCCO)C(CCCO)C(CCCO)C(CCCO)C(CCCO)C(CCCO)C(CCCO)C(CCCO)C(CCCO)C(CCCO)C(CCCO)C(CCCO)C(CCCO)C(CCCO)C(CCCO)CCCCO,test,1185.754
COC(CCCO)C(CCCO)C(CCCO)C(CCCO)C(CCCO)C(CCCO)C(CCCO)C(CCCO)C(CCCO)C(CCCO)C(CCCO)C(CCCO)C(CCCO)C(CCCO)C(CCCO)C(CCCO)CCCCO,test,1257.861
COC(CCCO)C(CCCO)C(CCCO)C(CCCO)C(CCCO)C(CCCO)C(CCCO)C(CCCO)C(CCCO)C(CCCO)C(CCCO)C(CCCO)C(CCCO)C(CCCO)C(CCCO)C(CCCO)C(CCCO)CCCCO,test,1329.9679999999998
COC(CCCO)C(CCCO)C(CCCO)C(CCCO)C(CCCO)C(CCCO)C(CCCO)C(CCCO)C(CCCO)C(CCCO)C(CCCO)C(CCCO)C(CCCO)C(CCCO)C(CCCO)C(CCCO)C(CCCO)C(CCCO)CCCCO,test,1402.075
CN,test,31.058000000000003
NCCCCCO,test,103.165
NCC(CCCO)CCCCO,test,175.27200000000002
NCC(CCCO)C(CCCO)CCCCO,test,247.37900000000002
NCC(CCCO)C(CCCO)C(CCCO)CCCCO,test,319.486
NCC(CCCO)C(CCCO)C(CCCO)C(CCCO)CCCCO,test,391.593
NCC(CCCO)C(CCCO)C(CCCO)C(CCCO)C(CCCO)CCCCO,test,463.7
NCC(CCCO)C(CCCO)C(CCCO)C(CCCO)C(CCCO)C(CCCO)CCCCO,test,535.807
NCC(CCCO)C(CCCO)C(CCCO)C(CCCO)C(CCCO)C(CCCO)C(CCCO)CCCCO,test,607.914
NCC(CCCO)C(CCCO)C(CCCO)C(CCCO)C(CCCO)C(CCCO)C(CCCO)C(CCCO)CCCCO,test,680.0210000000001
NCC(CCCO)C(CCCO)C(CCCO)C(CCCO)C(CCCO)C(CCCO)C(CCCO)C(CCCO)C(CCCO)CCCCO,test,752.128
NCC(CCCO)C(CCCO)C(CCCO)C(CCCO)C(CCCO)C(CCCO)C(CCCO)C(CCCO)C(CCCO)C(CCCO)CCCCO,test,824.235
NCC(CCCO)C(CCCO)C(CCCO)C(CCCO)C(CCCO)C(CCCO)C(CCCO)C(CCCO)C(CCCO)C(CCCO)C(CCCO)CCCCO,test,896.342
NCC(CCCO)C(CCCO)C(CCCO)C(CCCO)C(CCCO)C(CCCO)C(CCCO)C(CCCO)C(CCCO)C(CCCO)C(CCCO)C(CCCO)CCCCO,test,968.449
NCC(CCCO)C(CCCO)C(CCCO)C(CCCO)C(CCCO)C(CCCO)C(CCCO)C(CCCO)C(CCCO)C(CCCO)C(CCCO)C(CCCO)C(CCCO)CCCCO,test,1040.556
NCC(CCCO)C(CCCO)C(CCCO)C(CCCO)C(CCCO)C(CCCO)C(CCCO)C(CCCO)C(CCCO)C(CCCO)C(CCCO)C(CCCO)C(CCCO)C(CCCO)CCCCO,test,1112.663
NCC(CCCO)C(CCCO)C(CCCO)C(CCCO)C(CCCO)C(CCCO)C(CCCO)C(CCCO)C(CCCO)C(CCCO)C(CCCO)C(CCCO)C(CCCO)C(CCCO)C(CCCO)CCCCO,test,1184.77
NCC(CCCO)C(CCCO)C(CCCO)C(CCCO)C(CCCO)C(CCCO)C(CCCO)C(CCCO)C(CCCO)C(CCCO)C(CCCO)C(CCCO)C(CCCO)C(CCCO)C(CCCO)C(CCCO)CCCCO,test,1256.877
NCC(CCCO)C(CCCO)C(CCCO)C(CCCO)C(CCCO)C(CCCO)C(CCCO)C(CCCO)C(CCCO)C(CCCO)C(CCCO)C(CCCO)C(CCCO)C(CCCO)C(CCCO)C(CCCO)C(CCCO)CCCCO,test,1328.984
NCC(CCCO)C(CCCO)C(CCCO)C(CCCO)C(CCCO)C(CCCO)C(CCCO)C(CCCO)C(CCCO)C(CCCO)C(CCCO)C(CCCO)C(CCCO)C(CCCO)C(CCCO)C(CCCO)C(CCCO)C(CCCO)CCCCO,test,1401.0910000000001
CN,test,31.058000000000003
CNCCCCO,test,103.165
CNC(CCCO)CCCCO,test,175.27200000000002
CNC(CCCO)C(CCCO)CCCCO,test,247.37900000000002
CNC(CCCO)C(CCCO)C(CCCO)CCCCO,test,319.486
CNC(CCCO)C(CCCO)C(CCCO)C(CCCO)CCCCO,test,391.593
CNC(CCCO)C(CCCO)C(CCCO)C(CCCO)C(CCCO)CCCCO,test,463.7
CNC(CCCO)C(CCCO)C(CCCO)C(CCCO)C(CCCO)C(CCCO)CCCCO,test,535.807
CNC(CCCO)C(CCCO)C(CCCO)C(CCCO)C(CCCO)C(CCCO)C(CCCO)CCCCO,test,607.914
CNC(CCCO)C(CCCO)C(CCCO)C(CCCO)C(CCCO)C(CCCO)C(CCCO)C(CCCO)CCCCO,test,680.0210000000001
CNC(CCCO)C(CCCO)C(CCCO)C(CCCO)C(CCCO)C(CCCO)C(CCCO)C(CCCO)C(CCCO)CCCCO,test,752.128
CNC(CCCO)C(CCCO)C(CCCO)C(CCCO)C(CCCO)C(CCCO)C(CCCO)C(CCCO)C(CCCO)C(CCCO)CCCCO,test,824.235
CNC(CCCO)C(CCCO)C(CCCO)C(CCCO)C(CCCO)C(CCCO)C(CCCO)C(CCCO)C(CCCO)C(CCCO)C(CCCO)CCCCO,test,896.342
CNC(CCCO)C(CCCO)C(CCCO)C(CCCO)C(CCCO)C(CCCO)C(CCCO)C(CCCO)C(CCCO)C(CCCO)C(CCCO)C(CCCO)CCCCO,test,968.449
CNC(CCCO)C(CCCO)C(CCCO)C(CCCO)C(CCCO)C(CCCO)C(CCCO)C(CCCO)C(CCCO)C(CCCO)C(CCCO)C(CCCO)C(CCCO)CCCCO,test,1040.556
CNC(CCCO)C(CCCO)C(CCCO)C(CCCO)C(CCCO)C(CCCO)C(CCCO)C(CCCO)C(CCCO)C(CCCO)C(CCCO)C(CCCO)C(CCCO)C(CCCO)CCCCO,test,1112.663
CNC(CCCO)C(CCCO)C(CCCO)C(CCCO)C(CCCO)C(CCCO)C(CCCO)C(CCCO)C(CCCO)C(CCCO)C(CCCO)C(CCCO)C(CCCO)C(CCCO)C(CCCO)CCCCO,test,1184.77
CNC(CCCO)C(CCCO)C(CCCO)C(CCCO)C(CCCO)C(CCCO)C(CCCO)C(CCCO)C(CCCO)C(CCCO)C(CCCO)C(CCCO)C(CCCO)C(CCCO)C(CCCO)C(CCCO)CCCCO,test,1256.877
CNC(CCCO)C(CCCO)C(CCCO)C(CCCO)C(CCCO)C(CCCO)C(CCCO)C(CCCO)C(CCCO)C(CCCO)C(CCCO)C(CCCO)C(CCCO)C(CCCO)C(CCCO)C(CCCO)C(CCCO)CCCCO,test,1328.984
CNC(CCCO)C(CCCO)C(CCCO)C(CCCO)C(CCCO)C(CCCO)C(CCCO)C(CCCO)C(CCCO)C(CCCO)C(CCCO)C(CCCO)C(CCCO)C(CCCO)C(CCCO)C(CCCO)C(CCCO)C(CCCO)CCCCO,test,1401.0910000000001
C=O,test,30.026
O=CCCCCO,test,102.133
O=CC(CCCO)CCCCO,test,174.24
O=CC(CCCO)C(CCCO)CCCCO,test,246.347
O=CC(CCCO)C(CCCO)C(CCCO)CCCCO,test,318.454
O=CC(CCCO)C(CCCO)C(CCCO)C(CCCO)CCCCO,test,390.561
O=CC(CCCO)C(CCCO)C(CCCO)C(CCCO)C(CCCO)CCCCO,test,462.668
O=CC(CCCO)C(CCCO)C(CCCO)C(CCCO)C(CCCO)C(CCCO)CCCCO,test,534.775
O=CC(CCCO)C(CCCO)C(CCCO)C(CCCO)C(CCCO)C(CCCO)C(CCCO)CCCCO,test,606.882
O=CC(CCCO)C(CCCO)C(CCCO)C(CCCO)C(CCCO)C(CCCO)C(CCCO)C(CCCO)CCCCO,test,678.9889999999999
O=CC(CCCO)C(CCCO)C(CCCO)C(CCCO)C(CCCO)C(CCCO)C(CCCO)C(CCCO)C(CCCO)CCCCO,test,751.096
O=CC(CCCO)C(CCCO)C(CCCO)C(CCCO)C(CCCO)C(CCCO)C(CCCO)C(CCCO)C(CCCO)C(CCCO)CCCCO,test,823.203
O=CC(CCCO)C(CCCO)C(CCCO)C(CCCO)C(CCCO)C(CCCO)C(CCCO)C(CCCO)C(CCCO)C(CCCO)C(CCCO)CCCCO,test,895.31
O=CC(CCCO)C(CCCO)C(CCCO)C(CCCO)C(CCCO)C(CCCO)C(CCCO)C(CCCO)C(CCCO)C(CCCO)C(CCCO)C(CCCO)CCCCO,test,967.4169999999999
O=CC(CCCO)C(CCCO)C(CCCO)C(CCCO)C(CCCO)C(CCCO)C(CCCO)C(CCCO)C(CCCO)C(CCCO)C(CCCO)C(CCCO)C(CCCO)CCCCO,test,1039.524
O=CC(CCCO)C(CCCO)C(CCCO)C(CCCO)C(CCCO)C(CCCO)C(CCCO)C(CCCO)C(CCCO)C(CCCO)C(CCCO)C(CCCO)C(CCCO)C(CCCO)CCCCO,test,1111.631
O=CC(CCCO)C(CCCO)C(CCCO)C(CCCO)C(CCCO)C(CCCO)C(CCCO)C(CCCO)C(CCCO)C(CCCO)C(CCCO)C(CCCO)C(CCCO)C(CCCO)C(CCCO)CCCCO,test,1183.738
O=CC(CCCO)C(CCCO)C(CCCO)C(CCCO)C(CCCO)C(CCCO)C(CCCO)C(CCCO)C(CCCO)C(CCCO)C(CCCO)C(CCCO)C(CCCO)C(CCCO)C(CCCO)C(CCCO)CCCCO,test,1255.845
O=CC(CCCO)C(CCCO)C(CCCO)C(CCCO)C(CCCO)C(CCCO)C(CCCO)C(CCCO)C(CCCO)C(CCCO)C(CCCO)C(CCCO)C(CCCO)C(CCCO)C(CCCO)C(CCCO)C(CCCO)CCCCO,test,1327.9520000000002
O=CC(CCCO)C(CCCO)C(CCCO)C(CCCO)C(CCCO)C(CCCO)C(CCCO)C(CCCO)C(CCCO)C(CCCO)C(CCCO)C(CCCO)C(CCCO)C(CCCO)C(CCCO)C(CCCO)C(CCCO)C(CCCO)CCCCO,test,1400.059
O=CO,test,46.025
O=C(O)CCCCO,test,118.132
O=C(O)C(CCCO)CCCCO,test,190.239
O=C(O)C(CCCO)C(CCCO)CCCCO,test,262.346
O=C(O)C(CCCO)C(CCCO)C(CCCO)CCCCO,test,334.45300000000003
O=C(O)C(CCCO)C(CCCO)C(CCCO)C(CCCO)CCCCO,test,406.56
O=C(O)C(CCCO)C(CCCO)C(CCCO)C(CCCO)C(CCCO)CCCCO,test,478.667
O=C(O)C(CCCO)C(CCCO)C(CCCO)C(CCCO)C(CCCO)C(CCCO)CCCCO,test,550.774
O=C(O)C(CCCO)C(CCCO)C(CCCO)C(CCCO)C(CCCO)C(CCCO)C(CCCO)CCCCO,test,622.881
O=C(O)C(CCCO)C(CCCO)C(CCCO)C(CCCO)C(CCCO)C(CCCO)C(CCCO)C(CCCO)CCCCO,test,694.988
O=C(O)C(CCCO)C(CCCO)C(CCCO)C(CCCO)C(CCCO)C(CCCO)C(CCCO)C(CCCO)C(CCCO)CCCCO,test,767.095
O=C(O)C(CCCO)C(CCCO)C(CCCO)C(CCCO)C(CCCO)C(CCCO)C(CCCO)C(CCCO)C(CCCO)C(CCCO)CCCCO,test,839.202
O=C(O)C(CCCO)C(CCCO)C(CCCO)C(CCCO)C(CCCO)C(CCCO)C(CCCO)C(CCCO)C(CCCO)C(CCCO)C(CCCO)CCCCO,test,911.309
O=C(O)C(CCCO)C(CCCO)C(CCCO)C(CCCO)C(CCCO)C(CCCO)C(CCCO)C(CCCO)C(CCCO)C(CCCO)C(CCCO)C(CCCO)CCCCO,test,983.416
O=C(O)C(CCCO)C(CCCO)C(CCCO)C(CCCO)C(CCCO)C(CCCO)C(CCCO)C(CCCO)C(CCCO)C(CCCO)C(CCCO)C(CCCO)C(CCCO)CCCCO,test,1055.5230000000001
O=C(O)C(CCCO)C(CCCO)C(CCCO)C(CCCO)C(CCCO)C(CCCO)C(CCCO)C(CCCO)C(CCCO)C(CCCO)C(CCCO)C(CCCO)C(CCCO)C(CCCO)CCCCO,test,1127.63
O=C(O)C(CCCO)C(CCCO)C(CCCO)C(CCCO)C(CCCO)C(CCCO)C(CCCO)C(CCCO)C(CCCO)C(CCCO)C(CCCO)C(CCCO)C(CCCO)C(CCCO)C(CCCO)CCCCO,test,1199.737
O=C(O)C(CCCO)C(CCCO)C(CCCO)C(CCCO)C(CCCO)C(CCCO)C(CCCO)C(CCCO)C(CCCO)C(CCCO)C(CCCO)C(CCCO)C(CCCO)C(CCCO)C(CCCO)C(CCCO)CCCCO,test,1271.844
O=C(O)C(CCCO)C(CCCO)C(CCCO)C(CCCO)C(CCCO)C(CCCO)C(CCCO)C(CCCO)C(CCCO)C(CCCO)C(CCCO)C(CCCO)C(CCCO)C(CCCO)C(CCCO)C(CCCO)C(CCCO)CCCCO,test,1343.951
O=C(O)C(CCCO)C(CCCO)C(CCCO)C(CCCO)C(CCCO)C(CCCO)C(CCCO)C(CCCO)C(CCCO)C(CCCO)C(CCCO)C(CCCO)C(CCCO)C(CCCO)C(CCCO)C(CCCO)C(CCCO)C(CCCO)CCCCO,test,1416.058
