smiles,group,Carcinogenicity
ClCCOCCCl,training,0
OCCNCCO,training,0
CC(C)(C)CC(C)(C)c1ccc(OCCOCC[N+](C)(C)Cc2ccccc2)cc1,training,0
C=CCCl,training,0
N[C@H](CCC(=O)O)C(=O)O,training,0
OC[C@H]1O[C@H](OC[C@@H](O)[C@@H](O)[C@H](O)[C@H](O)CO)[C@H](O)[C@@H](O)[C@@H]1O,training,0
NC(CCC(=O)O)C(=O)O,training,0
CCNc1nc(Cl)nc(NCC)n1,training,0
CN1C(=O)C(O)N=C(c2ccccc2)c2cc(Cl)ccc21,training,0
O=[N+]([O-])c1cc[n+]([O-])c2ccccc12,training,1
CC(=O)OCN=[N+](C)[O-],training,1
Cc1cc(/N=N/c2c(O)ccc3ccccc23)c(S(=O)(=O)[O-])cc1Cl,training,1
ClCCN(CCCl)c1ccc2ccccc2c1,training,1
COc1cccc2c1C(=O)c1c(O)c3c(c(O)c1C2=O)C[C@@](O)(C(=O)CO)C[C@@H]3O[C@H]1C[C@H](N)[C@H](O)[C@H](C)O1,training,1
CCOS(=O)(=O)OCC,training,1
CCOS(C)(=O)=O,training,1
Cc1cc(=O)[nH]c(=S)[nH]1,training,1
C[C@H]1CN(N=O)C[C@H](C)O1,training,1
O=C1c2ccccc2C(=O)c2ccccc21,training,1
O=NN1CCOC1,training,1
O=C1c2ccccc2C(=O)C1c1ccc2ccccc2n1,training,1
OCC(Br)CBr,training,1
Nc1nc(=S)c2ncn([C@H]3C[C@H](O)[C@@H](CO)O3)c2[nH]1,training,1
c1ccc(-c2ccccc2)cc1,training,1
Cc1c2ccccc2c(C)c2c1ccc1ccccc12,training,1
C/C=C/c1ccc2c(c1)OCO2,training,1
C#C[C@@]1(O)CC[C@]2(C)[C@]1(C)CC[C@]1(C)c3ccc(OC)cc3CC[C@]12C,training,1
C#C[C@@]1(O)CCC2C3CCC4=C(CCC(=O)C4)C3CC[C@@]21C,training,1
CN(C)CCN(C)N=O,training,1
CC(=O)c1ccc(S(=O)(=O)NC(=O)NC2CCCCC2)cc1,training,0
CC(C)=NNc1ncc(-c2ccc([N+](=O)[O-])o2)s1,training,1
CC(C)=NO,training,1
C=CC(OC(C)=O)c1ccc2c(c1)OCO2,training,1
CC(=O)Nc1ccc(-c2ccccc2)cc1,training,1
CC(=O)Nc1cccc2c1Cc1ccccc1-2,training,0
CC(=O)Nc1cccc2c1-c1ccccc1C2,training,0
C=CC(OCC)OCC,training,0
C=C/C=N/O,training,0
COc1cc2c(c3c1c(=O)c1ccccc1n3C)C=CC(C)(C)O2,training,1
C=CC(N)=O,training,1
C=CC(=O)O,training,0
C=CC#N,training,1
NC(=O)CCCCC(N)=O,training,0
COc1cc2c(c3oc(=O)c4c(c13)CC[C@H]4O)[C@@H]1C=CO[C@H]1O2,training,1
COc1cc2c(c3oc(=O)c4c(c13)CCC4=O)C1C=COC1O2,training,1
COc1cc2c(c3oc(=O)c4c(c13)CCOC4=O)C1C=COC1O2,training,1
CNC(=O)O/N=C/C(C)(C)SC,training,0
ClC1=C(Cl)[C@]2(Cl)[C@H]3[C@H](C4C=C[C@H]3C4)C1(Cl)C2(Cl)Cl,training,0
CCCCCCCCCC[N+](C)(C)[O-],training,0
NC(=O)NC1NC(=O)NC1=O,training,0
C=CCO,training,0
C=CCN=C=S,training,1
C=CCOC(=O)CC(C)C,training,1
C=CCN(N=O)C(N)=O,training,1
Nc1c(Br)cc(Br)c2c1C(=O)c1ccccc1C2=O,training,1
CCn1c2ccccc2c2cc(N)ccc21,training,1
NC(N)=Nc1nc(CSCCNc2nsnc2N)cs1,training,1
Cc1ccc2c(c1N)C(=O)c1ccccc1C2=O,training,1
Nc1nc(-c2ccc([N+](=O)[O-])o2)cs1,training,1
Nc1ncc([N+](=O)[O-])s1,training,1
NC1=NC(=O)C(c2ccccc2)O1,training,0
Nc1ccc2c(c1)C(=O)c1ccccc1C2=O,training,1
Cc1cc(N=Nc2ccccc2C)ccc1N,training,1
NCCCCCC(=O)O,training,0
NCC1(CC(=O)O)CCCCC1,training,1
NCCCCCCCCCCC(=O)O,training,1
O=C([O-])CC(O)(CC(=O)O)C(=O)[O-],training,0
CCC1(CCC(C)C)C(=O)NC(=O)NC1=O,training,0
CC1(C)S[C@@H]2[C@H](NC(=O)[C@H](N)c3ccccc3)C(=O)N2[C@H]1C(=O)O,training,0
Clc1nc(Cl)nc(Nc2ccccc2Cl)n1,training,0
Clc1cccc(-c2cc(Cl)cc(Cl)c2)c1,training,1
Clc1ccc(-c2cccc(Cl)c2Cl)c(Cl)c1,training,1
Clc1cccc(-c2ccc(Cl)c(Cl)c2Cl)c1Cl,training,1
O=C1OC(C(O)CO)C([O-])=C1O,training,0
O=C1O[C@H]([C@@H](O)CO)C(O)=C1O,training,0
COc1ccc(CCN2CCC(Nc3nc4ccccc4n3Cc3ccc(F)cc3)CC2)cc1,training,0
CCNc1nc(Cl)nc(NC(C)C)n1,training,1
CN1[C@H]2CC[C@@H]1CC(OC(=O)C(CO)c1ccccc1)C2,training,0
CN(C)c1ccc(C(=N)c2ccc(N(C)C)cc2)cc1,training,1
Nc1ncn([C@@H]2O[C@H](CO)[C@@H](O)[C@H]2O)c(=O)n1,training,1
Nc1cnn([C@@H]2O[C@H](CO)[C@@H](O)[C@H]2O)c(=O)n1,training,0
N#[N+]/C=C(\[O-])OC[C@H](N)C(=O)O,training,1
Cn1cnc([N+](=O)[O-])c1Sc1ncnc2nc[nH]c12,training,0
CC1=C(C(=O)OC(C)C)C(c2cccc([N+](=O)[O-])c2)C(C(=O)OC2CN(C(c3ccccc3)c3ccccc3)C2)=C(N)N1,training,0
c1ccc(N=Nc2ccccc2)cc1,training,1
Cc1cn([C@H]2C[C@H](N=[N+]=[N-])[C@@H](CO)O2)c(=O)[nH]c1=O,training,1
CCOCCc1c(-c2ccccc2)nc(N)n2ncnc12,training,1
O=C(O)C1=C/C(=N/Nc2ccc(C(=O)O)cc2)C=CC1=O,training,0
c1ccc2c(c1)cc1ccc3cccc4ccc2c1c34,training,1
c1ccc2occc2c1,training,1
Nc1nc(N)nc(-c2ccccc2)n1,training,0
O=C(c1ccccc1)C(O)c1ccccc1,training,0
c1ccc2n[nH]nc2c1,training,0
Oc1ccc(Cl)cc1Cc1ccccc1,training,0
NC(=O)Cc1c([O-])on[n+]1Cc1ccccc1,training,1
Nc1ccccc1-c1ccccc1,training,0
CC(CCl)OC(C)CCl,training,0
Clc1cnc(Oc2ccc(Oc3ncc(Cl)cc3Cl)cc2)c(Cl)c1,training,0
CC(O)CNCC(C)O,training,0
CC(C)(c1ccc(O)cc1)c1ccc(O)cc1,training,0
CC(=O)Nc1ccc(S(=O)(=O)[O-])c2c1C(=O)/C(=N/Nc1ccc(N=Nc3ccc(S(=O)(=O)[O-])cc3)c3ccc(S(=O)(=O)[O-])cc13)C(S(=O)(=O)[O-])=C2,training,0
Nc1ccc(N=Nc2ccc(-c3ccc(N=Nc4c(S(=O)(=O)[O-])cc5c(c4N)C(=O)/C(=N/Nc4ccccc4)C(S(=O)(=O)[O-])=C5)cc3)cc2)c(N)c1,training,1
Nc1cc(S(=O)(=O)[O-])cc2c1C(=O)/C(=N/Nc1ccc(-c3ccc(N/N=C4\C(=O)c5c(N)cc(S(=O)(=O)[O-])cc5C=C4S(=O)(=O)[O-])cc3)cc1)C(S(=O)(=O)[O-])=C2,training,1
COc1cc(-c2ccc(N/N=C3\C(=O)c4c(N)cc(S(=O)(=O)[O-])cc4C=C3S(=O)(=O)[O-])c(OC)c2)ccc1N/N=C1\C(=O)c2c(N)cc(S(=O)(=O)[O-])cc2C=C1S(=O)(=O)[O-],training,1
CC(C)(C)O,training,1
CCCCCl,training,0
CCCCN(CCCCO)N=O,training,1
CCCCN(N=O)/C(N)=N/[N+](=O)[O-],training,0
CCCCNC(N)=O,training,0
CC1CC(=O)O1,training,1
O=C1CCCO1,training,0
Cn1c(=O)c2c(ncn2C)n(C)c1=O,training,0
CN(C)C(=O)COC(=O)Cc1ccc(OC(=O)c2ccc(N=C(N)N)cc2)cc1,training,0
CCOc1nc2cccc(C(=O)OC(C)OC(=O)OC3CCCCC3)c2n1Cc1ccc(-c2ccccc2-c2nn[nH]n2)cc1,training,0
O=C1CCCCCN1,training,0
O=C1C2CC=CCC2C(=O)N1SC(Cl)(Cl)C(Cl)Cl,training,1
CNC(=O)Oc1cccc2ccccc12,training,1
NC(=O)N(CC(=O)O)N=O,training,1
CCC(Br)(CC)C(=O)NC(N)=O,training,0
CC1=C(/C=C/C(C)=C/C=C/C(C)=C/C=C/C=C(C)/C=C/C=C(C)/C=C/C2=C(C)CCCC2(C)C)C(C)(C)CCC1,training,0
Cc1ccc(-c2cc(C(F)(F)F)nn2-c2ccc(S(N)(=O)=O)cc2)cc1,training,0
C[C@@H]1O[C@@]2(CS1)CN1CCC2CC1,training,0
ClC1=C(Cl)[C@@]2(Cl)[C@H]3[C@H](C[C@@H](Cl)[C@@H]3Cl)C1(Cl)C2(Cl)Cl,training,0
O=C(O)[C@@H]1[C@H](C(=O)O)[C@@]2(Cl)C(Cl)=C(Cl)[C@]1(Cl)C2(Cl)Cl,training,1
CCC(Cl)CCC(Cl)C(Cl)CC(Cl)C(Cl)C(Cl)CCl,training,1
CCCC(Cl)CCC(Cl)CCC(Cl)CCC(Cl)CCC(Cl)CCC(Cl)CCC(C)Cl,training,0
Nc1ccc(Oc2ccc(Cl)cc2)cc1,training,1
O=C1OC(O)C(C(Cl)Cl)=C1Cl,training,1
C[C@H]1C[C@@H](C)CN(S(=O)(=O)c2ccc(Cl)c(C(=O)O)c2)C1,training,1
C=C(C)CCl,training,1
CC(O)CCl,training,0
Cc1cccc(Nc2cc(Cl)nc(SCC(=O)O)n2)c1C,training,1
Cc1cccc(Nc2cc(Cl)nc(SCC(=O)NCCO)n2)c1C,training,1
C[N+](C)(C)CCCl,training,0
ClCc1ccccn1,training,0
ClCc1cccnc1,training,1
C#CC(OC(N)=O)(c1ccccc1)c1ccc(Cl)cc1,training,1
Clc1ccc(Sc2cc(Cl)c(Cl)cc2Cl)cc1,training,0
O=NN(CCCl)C(=O)N[C@H]1[C@@H](O)O[C@H](CO)[C@@H](O)[C@@H]1O,training,1
C[N+](C)CCC(c1ccc(Cl)cc1)c1ccccn1,training,0
C[N+](C)(C)CCO,training,0
O=C1c2cccc(O)c2C(=O)c2c(O)cccc21,training,1
CN=C(NC#N)NCCSCc1nc[nH]c1C,training,0
Nc1ccccc1C(=O)OC/C=C/c1ccccc1,training,1
O=C(O)CC(O)(CC(=O)O)C(=O)O,training,0
CC1=C2C(=CO[C@@H](C)[C@@H]2C)C(=O)C(C(=O)O)=C1O,training,1
C=C/C1=C/[C@H](C)[C@](C)(OC(C)=O)C(=O)OCC2=CC[N+]3(C)CC[C@@H](OC1=O)C23[O-],training,1
CC(C)(OCc1ccc(-c2ccc(Cl)cc2)cc1)C(=O)O,training,0
O=C(Nc1ccc([N+](=O)[O-])cc1Cl)c1cc(Cl)ccc1O,training,0
Clc1cccc(-c2cccc(Cl)c2)c1,training,1
COc1ccc2c3c1O[C@H]1[C@@H](O)C=C[C@H]4[C@@H](C2)N(C)CC[C@]314,training,0
CN[C@H]1CCc2cc(OC)c(OC)c(OC)c2-c2ccc(OC)c(=O)cc21,training,0
Cc1ccc2c(-c3cccc(O)c3)nc(=O)n(C(C)C)c2c1,training,0
CCOP(=S)(OCC)Oc1ccc2c(C)c(Cl)c(=O)oc2c1,training,0
O=c1ccc2ccccc2o1,training,1
C/C=C/C=O,training,1
CCNc1nc(Cl)nc(NC(C)(C)C#N)n1,training,1
O=S(=O)([O-])NC1CCCCC1,training,0
N=c1ccn2c(n1)O[C@H]1[C@H](O)[C@@H](CO)O[C@H]12,training,0
O=C1CCCCC1,training,0
NC1CCCCC1,training,0
ON=C1CCCC1,training,1
COc1ccc(C(=O)Nc2c(Cl)cncc2Cl)cc1OC1CCCC1,training,1
CN(C)N/N=C1\N=CN=C1C(N)=O,training,1
CN(C)NC(=O)CCC(=O)O,training,1
Nc1ccc(S(=O)(=O)c2ccc(N)cc2)cc1,training,1
Clc1ccc(C(c2ccc(Cl)cc2)C(Cl)Cl)cc1,training,0
Clc1ccc(C(c2ccc(Cl)cc2)C(Cl)(Cl)Cl)cc1,training,1
CC(=O)OCC(=O)[C@@]12N=C(C)O[C@@H]1C[C@H]1[C@@H]3CCC4=CC(=O)C=C[C@]4(C)[C@H]3[C@@H](O)C[C@@]12C,training,1
CC1(C)[C@@H](C=C(Br)Br)[C@H]1C(=O)O[C@H](C#N)c1cccc(Oc2ccccc2)c1,training,0
C[C@@H]1C[C@H]2[C@@H]3CCC4=CC(=O)C=C[C@]4(C)[C@@]3(F)[C@@H](O)C[C@]2(C)[C@@]1(O)C(=O)CO,training,0
CC(=O)N(C(C)=O)c1cccc2c1Cc1ccccc1-2,training,1
Nc1ccc(/C=C/c2ccc(N)cc2S(=O)(=O)[O-])c(S(=O)(=O)[O-])c1,training,0
CN1C(=O)CN=C(c2ccccc2)c2cc(Cl)ccc21,training,0
CCOP(=S)(OCC)Oc1cc(C)nc(C(C)C)n1,training,0
c1ccc2c(c1)Oc1ccccc1O2,training,0
Nc1ccc2c(c1)oc1ccccc12,training,1
C/C(=C(\CCOC(=O)c1ccccc1)SC(=O)c1ccccc1)N(C=O)Cc1cnc(C)nc1N,training,0
ClCC(Br)CBr,training,1
O[C@@H]([C@H](O)[C@@H](O)CBr)[C@@H](O)CBr,training,1
Brc1cc(Br)c2cccnc2c1,training,0
CCCCNC(=O)N(CCCC)N=O,training,1
CCCC[Sn](CCCC)(OC(C)=O)OC(C)=O,training,0
Nc1ccc(-c2ccc(N)c(Cl)c2)cc1Cl,training,1
ClC/C=C/CCl,training,1
Clc1ccc2c(c1)Oc1ccc(Cl)cc1O2,training,0
O=S(=O)(c1ccc(Cl)cc1)c1ccc(Cl)cc1,training,0
CC(Cl)CCl,training,0
COP(=O)(OC)OC=C(Cl)Cl,training,1
OC(c1ccc(Cl)cc1)(c1ccc(Cl)cc1)C(Cl)(Cl)Cl,training,0
C1C2OC2C2C1C1CC2C2OC12,training,0
ClC1C2(Cl)C3C4C5OC5C5C4C1(Cl)C(Cl)(C53)C2(Cl)Cl,training,0
C1OC1C1CO1,training,0
CCN(CC)c1ccc(N=Nc2cc[n+]([O-])cc2)cc1,training,1
CCOP(=S)(OCC)Oc1nc(Cl)c(Cl)cc1Cl,training,0
CCC(CC)C(=O)NC(N)=O,training,0
CCN(CC)CC#CC(C)(C)OC(=O)C(O)(c1ccccc1)C1CCCCC1,training,0
OCCOCCO,training,1
CCN(C=O)CC,training,0
CCOC(=O)/C=C\C(=O)OCC,training,0
CC/C(=C(/CC)c1ccc(O)cc1)c1ccc(O)cc1,training,1
CCNC(=S)NCC,training,1
NC1=NCN([C@@H]2O[C@H](CO)[C@@H](O)[C@H]2O)C(=O)N1,training,0
O=NN1CC=CCO1,training,1
O=C1CCc2ccccc2O1,training,1
CCCc1ccc2c(c1)OCO2,training,1
C=C1CC[C@H](O)C/C1=C/C=C1\CCC[C@@]2(C)[C@H]1CC[C@@H]2[C@H](C)CC[C@@H](O)C(C)(C)O,training,0
C[C@H](CCc1ccccc1)NC[C@H](O)c1ccc(O)c(C(N)=O)c1,training,0
CC1(C)OC(=O)NC1=O,training,0
CNC(=O)CSP(=S)(OC)OC,training,0
COc1ccc(OC)c(/C=C/c2ccc(N)cc2)c1,training,1
COc1cc(-c2ccc(N=C=O)c(OC)c2)ccc1N=C=O,training,1
COc1cc(-c2ccc(N)c(OC)c2)ccc1N,training,1
COc1cc(OC)c2c3c(c(=O)oc2c1)CCC3,training,0
COc1cc(OC)c2c3c(c(=O)oc2c1)CCC3=O,training,0
COc1cc(O)c2c(=O)c3c(OC)cc4c(c3oc2c1OC)C1C=COC1O4,training,1
COP(=S)(OC)SCCNC(C)=O,training,0
CN(C)c1ccc(N=Nc2ccccc2)cc1,training,1
COP(=O)(OC)N1CCOCC1,training,1
Cc1cc(C)nc(-c2ccc([N+](=O)[O-])o2)n1,training,1
CC(=O)N(C)C,training,0
CC[C@H](OC(C)=O)C(C[C@H](C)N(C)C)(c1ccccc1)c1ccccc1,training,1
CCC(=O)C(CC(C)N(C)C)(c1ccccc1)c1ccccc1,training,0
CC[N+]C(=O)N(CCN(C)C)N=O,training,1
Cc1cc(-c2ccc(N)c(C)c2)ccc1N,training,1
CCCCCCCCCCCC[N+](C)(C)[O-],training,0
CN(C)C=O,training,0
CN(C)Nc1nc(-c2ccc([N+](=O)[O-])o2)cs1,training,1
CNC(=S)NC,training,0
CC(C)=CCl,training,1
CN(N=O)C(=O)c1c(N(C)N=O)ncn1C,training,1
O=NN1CN2CN(C1)CN(N=O)C2,training,0
C1COCCO1,training,1
CCOP(=S)(OCC)SC1OCCOC1SP(=S)(OCC)OCC,training,0
CCCCCN(CCCCC)N=O,training,1
c1ccc(Nc2ccc(Nc3ccccc3)cc2)cc1,training,0
CCCN(CCC)c1ccc(N=Nc2cc[n+]([O-])cc2)cc1,training,0
CCC(O)OC(O)CC,training,0
Cc1c(N(C)CS(=O)(=O)[O-])c(=O)n(-c2ccccc2)n1C,training,0
O=c1nc[nH]c2c1ncn2[C@@H]1O[C@H](COP(=O)([O-])[O-])[C@@H](O)[C@H]1O,training,0
O=C1C(O)N=C(c2ccccc2F)c2cc(Cl)ccc2N1CCO,training,0
CN(C)CCOC(C)(c1ccccc1)c1ccccn1,training,1
O=C([O-])CN(CCN(CC(=O)[O-])CC(=O)O)CC(=O)[O-],training,0
CC1=C(C(=O)OCCN(Cc2ccccc2)c2ccccc2)C(c2cccc([N+](=O)[O-])c2)C(P2(=O)OCC(C)(C)CO2)=C(C)N1,training,0
Cc1cc(O)c2c(c1)C(=O)c1cc(O)cc(O)c1C2=O,training,0
O=S1OCC2C(CO1)C1(Cl)C(Cl)=C(Cl)C2(Cl)C1(Cl)Cl,training,0
ClCC1CO1,training,1
CCC1CO1,training,1
O=C1O[C@H]([C@H](O)C[O-])C(O)=C1O,training,0
CC[C@H]1OC(=O)[C@H](C)[C@@H](O[C@H]2C[C@@](C)(OC)[C@@H](O)[C@H](C)O2)[C@H](C)[C@@H](O[C@@H]2O[C@H](C)C[C@H]([N+](C)C)[C@H]2O)[C@](C)(O)C[C@@H](C)C(=O)[C@H](C)[C@@H](O)[C@]1(C)O,training,0
C[C@]12CC[C@@H]3c4ccc(OC(=O)Cc5ccc(N(CCCl)CCCl)cc5)cc4CC[C@H]3[C@@H]1CC[C@@H]2OC(=O)Cc1ccc(N(CCCl)CCCl)cc1,training,0
C#C[C@]1(O)CC[C@H]2[C@@H]3CCc4cc(O)ccc4[C@H]3CC[C@@]21C,training,1
CCc1cc(C(N)=S)ccn1,training,0
CCSCC[C@H](N)C(=O)O,training,1
CCSCCC(N)C(=O)O,training,1
CCOc1ccc2c(c1)C(C)=CC(C)(C)N2,training,0
C=CC(=O)OCC,training,1
CCN=[N+]([O-])CC,training,1
CCSC[C@H](N)C(=O)O,training,0
CCc1ccc(C(c2ccc(CC)cc2)C(Cl)Cl)cc1,training,0
CCOC(=O)C1OC1(C)c1ccccc1,training,0
CCN(N=O)C(N)=O,training,1
CCOC1=C(O)C(=O)O[C@@H]1[C@@H](O)CO,training,0
S=C1NCCN1,training,1
CCCCC(CC)CO,training,0
CCCCC(CC)COC(=O)CCCCC(=O)OCC(CC)CCCC,training,0
CCN(N=O)C(=O)NCC(C)=O,training,1
CCN(C#N)N=O,training,1
C#C[C@]1(OC(C)=O)CC[C@H]2[C@@H]3CCC4=C[C@@H](OC(C)=O)CC[C@@H]4[C@H]3CC[C@@]21C,training,0
CCc1cccc2c3c([nH]c12)C(CC)(CC(=O)O)OCC3,training,0
N#Cc1ccc(C2CCCc3cncn32)cc1,training,0
CC(C)C(C(=O)OC(C#N)c1cccc(Oc2ccccc2)c1)c1ccc(Cl)cc1,training,0
O=C(NCC1CCCCN1)c1cc(OCC(F)(F)F)ccc1OCC(F)(F)F,training,0
OC(Cn1cncn1)(Cn1cncn1)c1ccc(F)cc1F,training,1
O=C(Nc1ccc2c(c1)Cc1ccccc1-2)C(F)(F)F,training,1
CC(=O)Nc1ccc(-c2ccc(F)cc2)cc1,training,1
NC(=O)N(CCF)N=O,training,1
O=c1[nH]cc(F)c(=O)[nH]1,training,0
O=CNNc1nc(-c2ccco2)cs1,training,0
Cc1csc(NNC=O)n1,training,1
O=CNNc1nc(-c2ccc([N+](=O)[O-])o2)cs1,training,1
CCCC[C@H](C)[C@@H](OC(=O)C[C@H](CC(=O)O)C(=O)O)[C@@H](C[C@H](C)C[C@@H](O)CCCC[C@@H](O)C[C@H](O)[C@H](C)N)OC(=O)C[C@H](CC(=O)O)C(=O)O,training,1
NC(=O)N/N=C/c1ccco1,training,0
c1ccoc1,training,1
O=Cc1ccco1,training,1
OCc1ccco1,training,1
CC(C)(CO)CCCCCCC(C)(C)CO,training,0
CC(=O)OC/C=C(\C)CCC=C(C)C,training,0
Cc1cccn2c1nc1ccc(N)nc12,training,1
Nc1ccc2nc3ccccn3c2n1,training,1
O=CCCCC=O,training,0
OCC1CO1,training,1
CCN(Cc1cccc(S(=O)(=O)[O-])c1)c1ccc(C(=C2C=CC(=[N+](CC)Cc3cccc(S(=O)(=O)[O-])c3)C=C2)c2ccc(S(=O)(=O)[O-])cc2)cc1,training,1
Clc1cc2c(c(Cl)c1Cl)Oc1c(cc(Cl)c(Cl)c1Cl)O2,training,1
C1CCCNCCC1,training,0
CCCCCCCN,training,0
ClC1=C(Cl)C(Cl)(Cl)C(Cl)=C1Cl,training,0
Oc1c(Cl)cc(Cl)c(Cl)c1Cc1c(O)c(Cl)cc(Cl)c1Cl,training,0
C/C=C/C=C/C=O,training,1
OCN(CO)c1nc(N(CO)CO)nc(N(CO)CO)n1,training,1
CN(C)P(=O)(N(C)C)N(C)C,training,1
CCCCCC(N)=O,training,0
CCCCCC,training,0
CCCCCCN(N=O)C(N)=O,training,1
N[C@@H](Cc1cnc[nH]1)C(=O)O,training,0
NNc1nc(-c2ccc(N)cc2)cs1,training,1
NNc1nc(-c2ccc([N+](=O)[O-])o2)cs1,training,1
NNc1nc(-c2ccccc2)cs1,training,0
c1ccc(NNc2ccccc2)cc1,training,1
NS(=O)(=O)c1cc2c(cc1Cl)NCNS2(=O)=O,training,0
C[C@]12C[C@H](O)[C@H]3[C@@H](CCC4=CC(=O)CC[C@@]43C)[C@@H]1CC[C@]2(O)C(=O)CO,training,0
CC(=O)Nc1ccc(-c2ccccc2)cc1O,training,0
CC(=O)N(O)c1ccc2c(c1)Cc1ccccc1-2,training,1
Nc1ccc(-c2ccccc2)cc1O,training,0
O=C1c2ccccc2C(=O)c2c(O)cccc21,training,1
CCNC(=O)N(CCO)N=O,training,1
NC(=O)N(CCO)N=O,training,1
Oc1cccc2cccnc12,training,0
NC(=O)CCCCn1ccc(NC(N)=NCC(F)(F)F)n1,training,1
CS(=O)(=O)OCCCNCCCOS(C)(=O)=O,training,0
O=C([O-])CNCC(=O)O,training,0
CC1(C)C(=O)Nc2ccc(C3=NNC(=O)CC3)cc21,training,1
COc1ccc2c(c1)c(CC(=O)O)c(C)n2C(=O)c1ccc(Cl)cc1,training,1
CC(I)C1OCC(CO)O1,training,1
CCN(CC)CCCNC(=O)Cn1ncc(-c2ccccc2)c1-c1ccccc1,training,0
C/C=C1/C[C@@H](C)[C@](O)(CO)C(=O)OCC2=CC[N+]3([O-])CC[C@@H](OC1=O)[C@@H]23,training,1
CC(C)CN(N=O)/C(N)=N/[N+](=O)[O-],training,0
CC(C)C=O,training,0
COc1cc(S(C)=O)ccc1-c1nc2ccncc2[nH]1,training,1
NNC(=O)c1ccncc1,training,1
C=CC(=C)C,training,1
O=c1c(O)c(-c2ccc(O)cc2)oc2cc(O)cc(O)c12,training,0
Clc1cc(Cl)cc(-c2cc(Cl)cc(Cl)c2)c1,training,0
O=C1C2(Cl)C3(Cl)C4(Cl)C(Cl)(Cl)C5(Cl)C3(Cl)C1(Cl)C5(Cl)C24Cl,training,1
CC(C(=O)O)c1cccc(C(=O)c2ccccc2)c1,training,0
CC(C)(C)NC[C@H](O)COc1cccc2c1CCCC2=O,training,0
C=C(C)[C@H]1CC=C(C)CC1,training,1
C[C@H](CCC(=O)O)[C@H]1CC[C@H]2[C@@H]3CC[C@@H]4C[C@H](O)CC[C@]4(C)[C@H]3CC[C@@]21C,training,0
O=C(O)c1nn(Cc2ccc(Cl)cc2Cl)c2ccccc12,training,0
CN1C(C(=O)Nc2ccccn2)=C(O)c2sc(Cl)cc2S1(=O)=O,training,0
CC[C@H](C)C(=O)O[C@H]1C[C@@H](C)C=C2C=C[C@H](C)[C@H](CC[C@@H]3C[C@@H](O)CC(=O)O3)[C@H]21,training,0
Cn1nc(CO)nc1NCCCOc1cccc(CN2CCCCC2)c1,training,1
Cc1ccc(Cc2cnc(NCCSCc3ccc(CN(C)C)o3)[nH]c2=O)cn1,training,1
CCOC(=O)CC(SP(=S)(OC)OC)C(=O)OCC,training,0
O=c1ccc(=O)[nH][nH]1,training,0
S=C([S-])NCCNC(=S)[S-],training,1
O[C@H](CNCCCl)[C@@H](O)[C@H](O)[C@H](O)CNCCCl,training,0
Cc1cc2c(nc1[N+])[nH]c1ccccc12,training,1
Cc1cnc2ccc3c(nc(N)n3C)c2n1,training,1
Cc1cnc(NC(=O)C2=C(O)c3ccccc3S(=O)(=O)N2C)s1,training,0
CC1CCC(C(C)C)C(O)C1,training,0
CCN(CC)CCOc1ccc(C(O)(Cc2ccc(OC)cc2)c2ccccc2)cc1,training,0
S=c1[nH]c2ccccc2s1,training,1
CC1CN1P(=O)(N1CC1C)N1CC1C,training,1
CN(C)CCN(Cc1ccco1)c1ccccn1,training,0
CN(C)CCN(Cc1cccs1)c1ccccc1,training,0
Cn1cc[nH]c1=S,training,1
CN(Cc1cnc2nc(N)nc(N)c2n1)c1ccc(C(=O)N[C@@H](CCC(=O)O)C(=O)O)cc1,training,0
COc1cc2c(cc1N)oc1ccccc12,training,1
CCN=[N+](C)[O-],training,1
COC(C)(C)C,training,1
CCCCC/C=C\C/C=C\CCCCCCCC(=O)OC,training,0
C=C(C)C(=O)OC,training,0
Cc1ccc2c(c1[N+](=O)[O-])C(=O)c1ccccc1C2=O,training,1
CC1CN(/N=C/c2ccc([N+](=O)[O-])o2)C(=O)N1,training,1
CN(N=O)C(=O)NCCC[C@H](N)C(=O)O,training,1
C[C@@H]1CCCCN1N=O,training,1
C[C@H]1CCCCN1N=O,training,1
CN1CCCC1=O,training,0
Cc1ccc2cc3c(ccc4ccccc43)c3c2c1CC3,training,1
Cc1cc(Cc2ccc(N)c(C)c2)ccc1N,training,1
CN(C)c1ccc(Cc2ccc(N(C)C)cc2)cc1,training,1
Cc1cc(Cc2cc(C)cc(C(C)(C)C)c2O)c(O)c(C(C)(C)C)c1,training,0
Nc1ccc(Cc2ccc(N)cc2)cc1,training,1
CC/C(C)=N/O,training,1
Cc1ncc[nH]1,training,1
CN(CCCC(O)c1cccnc1)N=O,training,1
CN(CCCC(=O)c1cccnc1)N=O,training,1
C=CC(=O)NCO,training,0
Cc1ccc2c(c1)C(N1CCN(C)CC1)=Nc1ccccc1S2,training,0
Cc1ncc([N+](=O)[O-])n1CCO,training,1
ClC1(Cl)C2(Cl)C3(Cl)C4(Cl)C(Cl)(Cl)C5(Cl)C3(Cl)C1(Cl)C5(Cl)C24Cl,training,1
ClC1(Cl)C2(Cl)C3C4(Cl)C1(Cl)C1(Cl)C4(Cl)C(Cl)(Cl)C3(Cl)C21Cl,training,1
CCCCC(C)(O)C/C=C/[C@H]1[C@H](O)CC(=O)[C@@H]1CCCCCCC(=O)OC,training,0
CO[C@@]12[C@H](COC(N)=O)C3=C(C(=O)C(C)=C(N)C3=O)N1C[C@@H]1N[C@@H]12,training,1
N[C@@H](CC(=O)O)C(=O)[O-],training,0
N[C@@H](CCC(=O)O)C(=O)[O-],training,0
O=[N+]([O-])c1ccc(-c2nc(N3CCOCC3)c3ccccc3n2)s1,training,1
O=C1O[C@@H](CN2CCOCC2)CN1/N=C/c1ccc([N+](=O)[O-])o1,training,1
CS(=O)(=O)OCCCCOS(C)(=O)=O,training,0
CC(C)(Oc1ccc(C2CCCc3ccccc32)cc1)C(=O)O,training,1
CCn1cc(C(=O)O)c(=O)c2ccc(C)nc21,training,1
c1ccc2ccccc2c1,training,1
Nc1ccc2ccccc2c1,training,1
Cc1cccc(C)c1NC(=O)CN1CCCC1=O,training,0
O=C(O)CN(CC(=O)O)CC(=O)O,training,1
NC(=O)N/N=C/c1ccc([N+](=O)[O-])o1,training,1
CC(=O)OC(OC(C)=O)c1ccc([N+](=O)[O-])o1,training,0
O=c1[nH]nc(-c2ccc([N+](=O)[O-])o2)o1,training,1
CC(=O)Nc1nnc(-c2ccc([N+](=O)[O-])o2)s1,training,1
O=[N+]([O-])c1ccc(-c2cscn2)o1,training,1
CC(=O)Nc1nc(-c2ccc([N+](=O)[O-])o2)cs1,training,1
O=CNc1nc(-c2ccc([N+](=O)[O-])o2)cs1,training,1
CC(=O)Nc1nc(NC(C)=O)nc(-c2ccc([N+](=O)[O-])o2)n1,training,1
CC/C=C(/CC)[N+](=O)[O-],training,1
O=[N+]([O-])c1ccc2c3c(cccc13)CC2,training,1
O=[N+]([O-])c1ccc2nc[nH]c2c1,training,0
CCC(C)[N+](=O)[O-],training,1
O=[N+]([O-])c1ccc(Oc2ccc(Cl)cc2Cl)cc1,training,1
O=C1CN(/N=C/c2ccc([N+](=O)[O-])o2)C(=O)N1,training,1
O=C1NCCN1/N=C/c1ccc([N+](=O)[O-])o1,training,1
O=[N+]([O-])c1cccc2ccccc12,training,0
CCC(CC)[N+](=O)[O-],training,1
CCC[N+](=O)[O-],training,0
CC(C)[N+](=O)[O-],training,0
O=C(O)CC[N+](=O)[O-],training,0
O=[N+]([O-])c1ccc2ccc3cccc4ccc1c2c34,training,1
O=[N+]([O-])c1cccc2cccnc12,training,1
O=NN(CCCC(F)(F)F)CCCC(F)(F)F,training,1
O=NN1CCC(=O)NC1=O,training,1
CC(=O)CN(CC(O)CO)N=O,training,1
O=NN1CCOC(O)C1,training,0
CC(O)CN(N=O)C(=O)NCCCl,training,1
CC(O)CN(CCO)N=O,training,1
O=NN1CCC(O)C1,training,1
CC(C)CN(N=O)C(N)=O,training,1
CCCCCCCCCCN(C)N=O,training,1
O=NN1CCOC1=O,training,1
O=NN1CCCN(N=O)C1,training,1
O=NN1CC=CCC1,training,1
CC1CN(N=O)CC(C)N1C,training,1
C=CCN(CC(O)CO)N=O,training,1
C=CCN(CC(C)O)N=O,training,1
C=CCN(CC(C)=O)N=O,training,1
C=CCN(CCO)N=O,training,1
CCCCCN(N=O)C(=O)OCC,training,1
CN(N=O)C(=O)Nc1nc2ccccc2s1,training,1
CC(O)CN(CC(C)O)N=O,training,1
CC(=O)CN(CC(C)=O)N=O,training,1
Cc1[nH]cnc1CSCCN=C(NC#N)N(C)N=O,training,0
CCCCN(CCCC)N=O,training,1
O=NN(CCO)CCO,training,1
CCN(CC)N=O,training,1
O=NN(c1ccccc1)c1ccccc1,training,1
CCCN(CCC)N=O,training,1
O=NN1CSCSC1,training,0
O=NN1CCCCCCCCCCCC1,training,1
O=NN1CC(=O)NC1=O,training,1
CN(CCCC(=O)O)N=O,training,1
CN(CCO)N=O,training,1
CN(CCCO)N=O,training,1
CC(O)CN(C)N=O,training,1
CC(=O)CN(C)N=O,training,1
CN(N=O)c1ccccn1,training,1
CN(N=O)c1cccnc1,training,0
CN(N=O)c1ccncc1,training,0
CCCCCCCCCCCN(C)N=O,training,1
O=NN1CCOCC1,training,1
O=NN1CCCC1c1cccnc1,training,1
O=NN1CCCC1c1ccc[n+]([O-])c1,training,1
O=NN1CCC[C@H]1C(=O)O,training,0
O=NN1CCCC1,training,1
CC1SC(C)N(N=O)C(C)S1,training,1
O=NN1CCSCC1,training,1
C#C[C@]1(OC(C)=O)CC[C@H]2[C@@H]3CCC4=CC(=O)CC[C@@H]4[C@H]3CC[C@@]21C,training,1
C[C@@H]1Cc2c(Cl)cc(C(=O)N[C@@H](Cc3ccccc3)C(=O)O)c(O)c2C(=O)O1,training,1
CCCCCCCC/C=C\CCCCCCCC(=O)[O-],training,0
Cc1c(-c2cnccn2)ssc1=S,training,0
COc1ccc2nc(S(=O)Cc3ncc(C)c(OC)c3C)[nH]c2c1,training,1
O=[N+]([O-])c1ccc(Nc2ccc(Nc3ccccc3)c(S(=O)(=O)[O-])c2)c([N+](=O)[O-])c1,training,1
O=C1C=Cc2cc(S(=O)(=O)[O-])cc(S(=O)(=O)[O-])c2/C1=N/Nc1ccccc1,training,0
O=C([O-])c1cc(=O)[nH]c(=O)[nH]1,training,0
COc1cc(/C=C/C(=O)O[C@H]2CC[C@]34C[C@]35CC[C@]3(C)[C@@H]([C@H](C)CCC=C(C)C)CC[C@@]3(C)[C@@H]5CC[C@H]4C2(C)C)ccc1O,training,0
CNCc1ccc(CSCCNC(=NCC(O)c2ccc(O)cc2)NS(C)(=O)=O)o1,training,0
CNC(=O)O/N=C(\SC)C(=O)N(C)C,training,0
O=C1Nc2ccc(Cl)cc2C(c2ccccc2)=NC1O,training,0
CC(=O)Nc1ccc2c(c1)C(=O)c1ccccc1-2,training,1
CCn1cc(C(=O)O)c(=O)c2cc3c(cc21)OCO3,training,1
C=CC(=O)c1ccc2c(c1)OCO2,training,0
Nc1ccc(Oc2ccc(N)cc2)cc1,training,1
C[C@]12C/C(=C/O)C(=O)C[C@@H]1CC[C@@H]1[C@@H]2CC[C@@]2(C)[C@H]1CC[C@]2(C)O,training,1
CN(C)[C@@H]1C(=O)C(C(N)=O)=C(O)[C@@]2(O)C(=O)C3=C(O)c4c(O)cccc4[C@@](C)(O)[C@H]3[C@H](O)[C@@H]12,training,0
COC(=O)C1=C(C)NC(C)=C(C(=O)OCC(C)(C)CN(C)Cc2ccccc2)C1c1cc([N+](=O)[O-])ccc1F,training,0
O=C1C=C2C(=CCOC2O)O1,training,0
CC1(C)S[C@@H]2[C@H](NC(=O)COc3ccccc3)C(=O)N2[C@H]1C(=O)[O-],training,0
O=[N+]([O-])OCC(CO[N+](=O)[O-])(CO[N+](=O)[O-])CO[N+](=O)[O-],training,0
CCCCCN(N=O)/C(N)=N/[N+](=O)[O-],training,0
Cc1cc(=O)n(-c2ccccc2)n1C,training,1
Nc1ccc(N=Nc2ccccc2)c(N)n1,training,1
CCC1(c2ccccc2)C(=O)NC(=O)NC1=O,training,0
CCC1(c2ccccc2)C(=O)N=C([O-])NC1=O,training,1
O=C1OC(c2ccc(O)cc2)(c2ccc(O)cc2)c2ccccc21,training,1
CC(COc1ccccc1)N(CCCl)Cc1ccccc1,training,1
CC1=NN(c2ccccc2)C(=O)C1,training,0
Nc1ccc(Nc2ccccc2)cc1,training,0
O=C(O)CCCC/C=C(\c1ccccc1)c1cccnc1,training,0
O=C1C=Cc2ccccc2/C1=N/Nc1ccccc1,training,1
CCCCC1C(=O)N(c2ccccc2)N(c2ccccc2)C1=O,training,1
COc1cc(/C=C/C(=O)OCCc2ccccc2)ccc1O,training,0
c1ccc(OCC2CO2)cc1,training,1
Oc1ccccc1-c1ccccc1,training,1
[O-]c1ccccc1-c1ccccc1,training,1
O=C1OC(=O)c2ccccc21,training,0
C1CNCCN1,training,0
C1CCNCC1,training,0
C[C@H]1CCC[C@@H](C)N1CCCC(O)(c1ccccc1)c1ccccn1,training,0
CN1C(C(=O)Nc2ccccn2)=C(O)c2ccccc2S1(=O)=O,training,0
CC1(C)COC1=O,training,1
Brc1cc(-c2ccc(Br)c(Br)c2Br)cc(Br)c1Br,training,0
C=Cc1cccc[n+]1[O-],training,0
O=C(Nc1cccc2c(=O)cc(-c3nn[nH]n3)oc12)c1ccc(OCCCCc2ccccc2)cc1,training,0
O=C1CN=C(c2ccccc2)c2cc(Cl)ccc2N1CC1CC1,training,0
C[C@]12C[C@H](O)[C@H]3[C@@H](CCC4=CC(=O)C=C[C@@]43C)[C@@H]1CC[C@]2(O)C(=O)COC(=O)CCCc1ccc(N(CCCl)CCCl)cc1,training,1
C[C@]12C[C@H](O)[C@H]3[C@@H](CCC4=CC(=O)C=C[C@@]43C)[C@@H]1CC[C@]2(O)C(=O)CO,training,1
CCC1(c2ccccc2)C(=O)NCNC1=O,training,0
CC(CN1c2ccccc2Sc2ccccc21)N(C)C,training,0
O=S1(=O)CCCO1,training,1
O=C1CCO1,training,1
CC(C)NCC(O)COc1cccc2ccccc12,training,0
CC(O)COC(C)(C)C,training,0
NC(=O)c1cnccn1,training,0
CCc1nc(N)nc(N)c1-c1ccc(Cl)cc1,training,0
CCOC(=O)[C@H](CCc1ccccc1)N[C@@H](C)C(=O)N1Cc2ccccc2C[C@H]1C(=O)O,training,0
Cn1cc(C(=O)[C@@H]2CCc3nc[nH]c3C2)c2ccccc21,training,0
Cc1ccc(S(=O)(=O)Oc2ccc(N=Nc3ccc(-c4ccc(N/N=C5\C(=O)C=Cc6cc(S(=O)(=O)[O-])cc(S(=O)(=O)[O-])c65)c(C)c4)cc3C)cc2)cc1,training,1
Cc1ccc(N/N=C2\C(=O)C(S(=O)(=O)[O-])=Cc3ccc(S(=O)(=O)[O-])cc32)c(C)c1,training,1
O=C1C=Cc2ccccc2/C1=N/Nc1ccc2ccccc2c1S(=O)(=O)[O-],training,0
O=C([O-])c1ccccc1-c1c2cc(I)c(=O)c(I)c-2oc2c(I)c([O-])c(I)cc12,training,0
Cc1cc(C)c(S(=O)(=O)[O-])cc1N/N=C1\C=C(S(=O)(=O)[O-])c2ccccc2C1=O,training,1
CC1=C(/C=C/C(C)=C/C=C/C(C)=C/C(=O)O)C(C)(C)CCC1,training,0
CCCCCCCCCCCCCCCC(=O)OC/C=C(C)/C=C/C=C(C)/C=C/C1=C(C)CCCC1(C)C,training,0
C/C=C1/C[C@@H](C)[C@](O)(CO)C(=O)OCC2=CCN3CC[C@@H](OC1=O)[C@@H]23,training,1
CCN=c1cc2oc3cc(NCC)c(C)cc3c(-c3ccccc3C(=O)OCC)c-2cc1C,training,0
CCn1nc(C)c2c1C(c1ccccc1)=NCC(=O)N2,training,0
CC1=CC(=C(c2ccc(N)cc2)c2ccc(N)cc2)C=CC1=N,training,0
N=C1C=CC(=C(c2ccc(N)cc2)c2ccc(N)cc2)C=C1,training,1
C=C(C)[C@H]1Cc2c(ccc3c2O[C@@H]2COc4cc(OC)c(OC)cc4[C@@H]2C3=O)O1,training,0
C[C@@H]1O[C@@H](OC[C@H]2O[C@@H](Oc3c(-c4ccc(O)c(O)c4)oc4cc(O)cc(O)c4c3=O)[C@H](O)[C@@H](O)[C@@H]2O)[C@H](O)[C@H](O)[C@H]1O,training,0
O=C1NS(=O)(=O)c2ccccc21,training,0
O=S1(=O)N=C([O-])c2ccccc21,training,0
O=C(O)C1=C/C(=N\Nc2ccc(S(=O)(=O)Nc3ccccn3)cc2)C=CC1=O,training,1
CN1[C@H]2CC(OC(=O)[C@@H](CO)c3ccccc3)C[C@@H]1[C@H]1O[C@@H]21,training,0
CN[C@H]1CC[C@@H](c2ccc(Cl)c(Cl)c2)c2ccccc21,training,0
Oc1ccc2c(c1)OCO2,training,1
CCN(CC)C(=S)[S-],training,0
C/C=C/C=C/C(=O)O,training,0
COc1cc2c(c3oc4cccc(O)c4c(=O)c13)C1C=COC1O2,training,1
C=C1C[C@@]23CC[C@H]4[C@@](C)(CCC[C@@]4(C)C(=O)O[C@@H]4O[C@H](CO)[C@@H](O)[C@H](O)[C@H]4O)[C@@H]2CC[C@]1(O[C@@H]1O[C@H](CO)[C@@H](O)[C@H](O)[C@H]1O[C@@H]1O[C@H](CO)[C@@H](O)[C@H](O)[C@H]1O)C3,training,0
c1ccc(C2CO2)cc1,training,1
O=C1CCC(=O)O1,training,0
CC(=O)OC[C@H]1O[C@H](O[C@]2(COC(C)=O)O[C@H](COC(=O)C(C)C)[C@@H](OC(=O)C(C)C)[C@@H]2OC(=O)C(C)C)[C@H](OC(=O)C(C)C)[C@@H](OC(=O)C(C)C)[C@@H]1OC(=O)C(C)C,training,0
C=C(Cl)CSC(=S)N(CC)CC,training,1
Cc1noc(NS(=O)(=O)c2ccc(N)cc2)c1C,training,0
O=S1(=O)CC=CC1,training,0
CC(=O)Nc1ccc(S(=O)(=O)c2ccc(NC(C)=O)cc2)cc1,training,1
CC1=C(CC(=O)O)c2cc(F)ccc2/C1=C\c1ccc(S(C)(=O)=O)cc1,training,0
C/C=C(\C)C(=O)O[C@@H]1CCN2CC=C(COC(=O)C(O)(C(C)C)C(C)O)[C@H]12,training,1
COc1ccc(C(Cl)=C(c2ccc(OC)cc2)c2ccc(OC)cc2)cc1,training,0
CN1C(=O)C[C@@H](C(=O)N[C@@H](Cc2cnc[nH]2)C(=O)N2CCC[C@H]2C(N)=O)NC1=O,training,0
O=c1[nH]c(=O)n(C2CCCO2)cc1F,training,0
Nc1ccc(-c2ccc(N)c(N)c2)cc1N,training,1
Nc1cc(Cl)c(-c2cc(Cl)c(N)cc2Cl)cc1Cl,training,0
CN(C)[C@@H]1C(=O)C(C(N)=O)=C(O)[C@@]2(O)C(=O)C3=C(O)c4c(O)cccc4[C@@](C)(O)[C@H]3C[C@@H]12,training,0
CCN(CC)C(=S)SSC(=S)N(CC)CC,training,0
O=NN1CCCCO1,training,1
CCCCCc1cc(O)c2c(c1)OC(C)(C)[C@@H]1CCC(C)=C[C@@H]21,training,0
C1CCOC1,training,1
O=C1CCN([C@@H]2O[C@H](CO)[C@@H](O)[C@H]2O)C(=O)N1,training,0
CN(C)CCN(Cc1ccsc1)c1ccccn1,training,0
c1ccc2[nH]c(-c3cscn3)nc2c1,training,0
Cc1cc(O)c(C(C)(C)C)cc1Sc1cc(C(C)(C)C)c(O)cc1C,training,0
Nc1ccc(Sc2ccc(N)cc2)cc1,training,1
O=c1cc[nH]c(=S)[nH]1,training,1
CCOC(=O)[C@]1(c2ccccc2)CCC=C[C@H]1N(C)C,training,0
Cn1cc(OCC(O)CNC(C)(C)C)c2ccccc2c1=O,training,0
CC(=O)Oc1c(C)c(C)c2c(c1C)CCC(C)(CCCC(C)CCCC(C)CCCC(C)C)O2,training,0
Cc1ccc(S(=O)(=O)NC(=O)NN2CCCCCC2)cc1,training,0
CN(C)CCOc1ccc(/C(=C(/CCCl)c2ccccc2)c2ccccc2)cc1,training,0
C=C1C(CCl)(CCl)C2(Cl)C(Cl)C(Cl)C1(Cl)C2(Cl)Cl,training,0
CC1(C)O[C@@H]2C[C@H]3[C@@H]4CCC5=CC(=O)C=C[C@]5(C)[C@@]4(F)[C@@H](O)C[C@]3(C)[C@]2(C(=O)CO)O1,training,1
Nc1nc(N)c2nc(-c3ccccc3)c(N)nc2n1,training,0
CCCCOP(=O)(OCCCC)OCCCC,training,1
O=C1c2ccccc2C(=O)N1SC(Cl)(Cl)Cl,training,0
COP(=O)(OC)C(O)C(Cl)(Cl)Cl,training,0
ClCC(Cl)CCl,training,1
OCCN(CCO)CCO,training,0
OCCOCCOCCO,training,0
CN1C(=O)OC(C)(C)C1=O,training,0
COP(=O)(OC)OC,training,0
CNC(=S)N(C)C,training,1
c1ccc([Sn](c2ccccc2)c2ccccc2)cc1,training,0
Cc1ccc(/C(=C\CN2CCCC2)c2ccccn2)cc1,training,0
O=P(OCCCl)(OCCCl)OCCCl,training,1
O=P(OCC(Br)CBr)(OCC(Br)CBr)OCC(Br)CBr,training,1
O=P(OC(CCl)CCl)(OC(CCl)CCl)OC(CCl)CCl,training,1
CCCCC(CC)COP(=O)(OCC(CC)CCCC)OCC(CC)CCCC,training,0
Cc1c(N)nc(C)c2c1[nH]c1ccccc12,training,1
Cc1nc(N)cc2[nH]c3ccccc3c12,training,1
NC(Cc1c[nH]c2ccccc12)C(=O)O,training,0
O=c1cc[nH]c(=O)[nH]1,training,1
COc1ccccc1N1CCN(CCCNc2cc(=O)n(C)c(=O)n2C)CC1,training,0
CCOC(N)=O,training,1
C=COC(C)=O,training,1
C=CN1CCCC1=O,training,1
COC(=O)C1=C(C)NC(C)=C(C(=O)OCCc2ccc(N3CCN(C(c4ccccc4)c4ccccc4)CC3)cc2)C1c1cccc([N+](=O)[O-])c1,training,0
Cc1cccc(C)c1NC1=NCCCS1,training,0
CC(=O)C(N=Nc1ccc(-c2ccc(N=NC(C(C)=O)C(=O)Nc3ccccc3)c(Cl)c2)cc1Cl)C(=O)Nc1ccccc1,training,0
CC(=O)C(N=Nc1ccc(Cl)cc1Cl)C(=O)Nc1ccc(-c2ccc(NC(=O)C(N=Nc3ccc(Cl)cc3Cl)C(C)=O)c(C)c2)cc1C,training,0
O=C([O-])C1=NN(c2ccc(S(=O)(=O)[O-])cc2)C(=O)/C1=N\Nc1ccc(S(=O)(=O)[O-])cc1,training,0
O=C1C=Cc2cc(S(=O)(=O)[O-])ccc2/C1=N/Nc1ccc(S(=O)(=O)[O-])cc1,training,0
C[C@H]1CCCC(=O)CCC/C=C/c2cc(O)cc(O)c2C(=O)O1,training,0
OCC(CO)(CBr)CBr,training,1
Nc1cc(S(=O)(=O)[O-])cc2c1C(=O)/C(=N\Nc1ccc(-c3ccc(N/N=C4\C(=O)c5c(N)cc(S(=O)(=O)[O-])cc5C=C4S(=O)(=O)[O-])c(O)c3)cc1O)C(S(=O)(=O)[O-])=C2,training,1
O=C([O-])c1cc(N=Nc2ccc(-c3ccc(N/N=c4\c(=O)cc/c(=N\Nc5cc(S(=O)(=O)[O-])ccc5[O-])c4=O)cc3)cc2)ccc1[O-],training,1
CC(O)C(=O)[O-],training,0
CCCC(CCC)C(=O)[O-],training,1
C=CC,training,0
OC[P+](CO)(CO)CO,training,0
CC(=O)Nc1ccc2c(c1)Cc1ccccc1-2,training,1
NC(=O)/C(=C\c1ccc([N+](=O)[O-])o1)c1ccco1,training,1
C=CCOCC1CO1,training,0
COc1cccc2c1cc([N+](=O)[O-])c1c(C(=O)[O-])cc3c(c12)OCO3,training,1
O=C1CC(=O)NC(=O)N1,training,0
O=P([O-])(OCC(Br)CBr)OCC(Br)CBr,training,1
OCCN(CCO)c1nc(-c2cccs2)nc2ccccc12,training,0
O=C1/C(=C2\Nc3ccc(S(=O)(=O)[O-])cc3C2=O)Nc2ccc(S(=O)(=O)[O-])cc21,training,0
CC(C)C[C@H]1C(=O)N2CCC[C@H]2[C@]2(O)O[C@](NC(=O)[C@@H]3C=C4c5cccc6[nH]c(Br)c(c56)C[C@H]4N(C)C3)(C(C)C)C(=O)N12,training,1
O=C1C2CC=CCC2C(=O)N1SC(Cl)(Cl)Cl,training,1
CC(O)CNC(=O)N(N=O)C(C)Cl,training,1
Cc1nnc2n1-c1sc(CCc3ccc(CC(C)C)cc3)cc1C(c1ccccc1Cl)=NC2C,training,0
CC(C)(Oc1ccc(C2CC2(Cl)Cl)cc1)C(=O)O,training,1
N[C@@H](CS)C(=O)O,training,0
CC(=O)O[C@H]1CC[C@@]2(C)C(=CC[C@H]3[C@@H]4CCC(=O)[C@@]4(C)CC[C@@H]32)C1,training,1
Nc1nc(N)nc(-c2ccc([N+](=O)[O-])o2)n1,training,1
O[C@H](CBr)[C@H](O)[C@H](O)[C@@H](O)CBr,training,1
ClC1=C(Cl)[C@]2(Cl)[C@@H]3[C@@H]4C[C@H]([C@@H]3[C@@]1(Cl)C2(Cl)Cl)[C@H]1O[C@@H]41,training,0
Cc1ncc([N+](=O)[O-])n1C,training,1
O=NN1CCCN(N=O)CC1,training,1
CN(C)CCOC(c1ccccc1)c1ccccc1,training,0
CC(C)n1c(/C=C/[C@@H](O)C[C@@H](O)CC(=O)O)c(-c2ccc(F)cc2)c2ccccc21,training,1
NS(=O)(=O)c1cc(C(=O)O)c(NCc2ccco2)cc1Cl,training,0
O=CC1CO1,training,0
CC1(C)[C@@H](O)CC[C@@]2(C)[C@H]1CC[C@]1(C)[C@@H]2C(=O)C=C2[C@@H]3C[C@@](C)(C(=O)O)CC[C@]3(C)CC[C@]21C,training,0
ClC1=C(Cl)C2(Cl)C3C(Cl)C=CC3C1(Cl)C2(Cl)Cl,training,0
C1N2CN3CN1CN(C2)C3,training,0
NC(=O)N(CCCO)N=O,training,1
Cn1c(N)nc2c3cccnc3ccc21,training,1
Nc1nc(N)nc(-c2cc(Cl)ccc2Cl)n1,training,0
CC1=CC(=O)CC(C)(C)C1,training,1
CC(C)O,training,0
COC(=O)C1=C(C)NC(C)=C(C(=O)OCCN2CCN(C(c3ccccc3)c3ccccc3)CC2)C1c1cccc([N+](=O)[O-])c1,training,0
COC(=O)C(C)(C)Oc1ccc(-c2ccc(Cl)cc2)cc1,training,1
Cc1ccc2ncccc2c1,training,0
CNC(=O)c1c(N(C)N=O)ncn1C,training,1
NCCNc1cccc2ccccc12,training,0
O=C([O-])CN(CC(=O)[O-])CC(=O)[O-],training,1
O=[N+]([O-])c1ccc(-c2cnc3ccccn23)o1,training,1
O=[N+]([O-])c1ccc2c(c1)Cc1ccccc1-2,training,1
C[N+]([O-])(CCCl)CCCl,training,1
O=NN(CCO)C(=O)NCCCl,training,1
CC(=O)CN(CCO)N=O,training,1
CC1=CC(C)(C)N(N=O)c2ccccc21,training,1
CCOC(=O)N(CC)N=O,training,1
COC(=O)C1=CCCN(N=O)C1,training,0
CN(CC(O)CO)N=O,training,1
c1ccc2c(c1)[nH]c1cnccc12,training,0
Cn1c(N)nc2ncc(-c3ccccc3)cc21,training,1
CCCCOCCOCCOCc1cc2c(cc1CCC)OCO2,training,1
O=C(C1CCCCC1)N1CC(=O)N2CCc3ccccc3C2C1,training,0
CCCN(N=O)/C(N)=N/[N+](=O)[O-],training,1
CCNNC(=O)[C@@H]1[C@H](c2cc(OC)c(OC)c(OC)c2)c2cc3c(cc2[C@H](O)[C@H]1CO)OCO3,training,0
O=C1c2ccccc2C(=O)c2c(O)c(O)cc(O)c21,training,1
c1ccncc1,training,1
Cc1cc(C)c(N/N=C2\C(=O)C(S(=O)(=O)[O-])=Cc3cc(S(=O)(=O)[O-])ccc32)cc1C,training,1
O=C1C(S(=O)(=O)[O-])=Cc2cc(S(=O)(=O)[O-])ccc2/C1=N/Nc1ccc(S(=O)(=O)[O-])c2ccccc12,training,1
CC(=O)OC/C=C(C)/C=C/C=C(C)/C=C/C1=C(C)CCCC1(C)C,training,1
C=C1C/C(=C/C)C(=O)O[C@@H]2CCN3CC=C(COC(=O)[C@@]1(O)CO)[C@H]23,training,1
CO[C@H]1/C=C/O[C@@]2(C)Oc3c(C)c(O)c4c(c3C2=O)C(=O)/C(=C\NN2CCN(C)CC2)C(=C4O)NC(=O)/C(C)=C\C=C\[C@H](C)[C@H](O)[C@@H](C)[C@@H](O)[C@@H](C)[C@H](OC(C)=O)[C@@H]1C,training,0
O=C1N=S(=O)([O-])c2ccccc21,training,1
C=CCc1ccc2c(c1)OCO2,training,1
CCCCC1(COC(=O)CCC(=O)O)C(=O)N(c2ccccc2)N(c2ccccc2)C1=O,training,0
CC/C(=C(\c1ccccc1)c1ccc(OCCN(C)C)cc1)c1ccccc1,training,1
CN(C)C(=S)SSC(=S)N(C)C,training,0
O=C1C=C(N2CC2)C(=O)C(N2CC2)=C1N1CC1,training,1
CCCCC(CC)COS(=O)(=O)[O-],training,0
O=C(O)c1cc(Oc2ccc(C(F)(F)F)cc2Cl)ccc1[N+](=O)[O-],training,0
Cc1cc2c(nc1N)[nH]c1ccccc12,training,1
Nc1nnc(-c2ccc([N+](=O)[O-])o2)o1,training,1
COP(=S)(OC)SCn1nnc2ccccc2c1=O,training,0
CCCN=[N+]([O-])CCC,training,1
CCC1(CC)C(=O)N=C([O-])NC1=O,training,1
Nc1ccc(-c2ccc(N)cc2)cc1,training,1
O=[N+]([O-])c1ccc(-c2nc(N(CCO)CCO)c3ccccc3n2)s1,training,1
Nc1ccc(N)c2c1C(=O)c1c(N)ccc(N)c1C2=O,training,1
CCN(Cc1cccc(S(=O)(=O)[O-])c1)c1ccc(C(=C2C=CC(=[N+](CC)Cc3cccc(S(=O)(=O)[O-])c3)C=C2)c2ccccc2S(=O)(=O)[O-])cc1,training,0
CCC[C@@H]1O[C@@H]2C[C@H]3[C@@H]4CCC5=CC(=O)C=C[C@]5(C)[C@H]4[C@@H](O)C[C@]3(C)[C@]2(C(=O)CO)O1,training,1
CCCCN(N=O)C(N)=O,training,1
CCOC(=O)C(O)(c1ccc(Cl)cc1)c1ccc(Cl)cc1,training,0
CC(C)=CCC/C(C)=C/C=O,training,0
O=P1(N(CCCl)CCCl)NCCCO1,training,1
ClC(Cl)=C(c1ccc(Cl)cc1)c1ccc(Cl)cc1,training,0
C[C@]12CC[C@H]3[C@@H](CC=C4C[C@@H](O)CC[C@@]43C)[C@@H]1CCC2=O,training,1
O=C1NC(c2ccc([N+](=O)[O-])s2)Nc2ccccc21,training,1
CC1(C)C(=O)NC(=O)NC1=O,training,0
O=C1NC(=O)C(c2ccccc2)(c2ccccc2)N1,training,0
O=c1oc2c(O)c(O)cc3c(=O)oc4c(O)c(O)cc1c4c23,training,0
CNCCC(Oc1ccc(C(F)(F)F)cc1)c1ccccc1,training,0
OCC(O)CCl,training,0
CCN(Cc1cccc(S(=O)(=O)[O-])c1)c1ccc(C(=C2C=CC(=[N+](CC)Cc3cccc(S(=O)(=O)[O-])c3)C=C2)c2ccccc2)cc1,training,1
CC(CN1CC(=O)NC(=O)C1)N1CC(=O)NC(=O)C1,training,1
C=C(C)C,training,1
O=P1(NCCCl)OCCCN1CCCl,training,1
COC1[C@@H](O[C@@H]2O[C@H](C)[C@@H](O[C@H]3C[C@@](C)(O)[C@H](OC(=O)CC(C)C)[C@H](C)O3)[C@H](N(C)C)[C@H]2O)[C@@H](CC=O)C[C@@H](C)[C@@H](O)/C=C/C=C/C[C@@H](C)OC(=O)C[C@H]1OC(C)=O,training,0
C/C=C(/C)C(=O)O[C@H]1CCN2CC=C(COC(=O)[C@](O)([C@H](C)OC)C(C)(C)O)[C@H]12,training,1
O=C/C=C/[O-],training,1
Nc1nc(N)nc(N)n1,training,1
C=C(C)C#N,training,0
CN(C)CCN(Cc1cccs1)c1ccccn1,training,1
COc1ccc(C(c2ccc(OC)cc2)C(Cl)(Cl)Cl)cc1,training,0
COc1c2occc2cc2ccc(=O)oc12,training,1
Cc1cccc(N=Nc2ccc(N(C)C)cc2)c1,training,1
CCCCCC(/C=C/C=C\CCCCCCCC(=O)OC)OO,training,0
Cn1cnc2[nH]c(N)nc(=O)c21,training,0
COC(=O)C(c1ccccc1)C1CCCCN1,training,0
Cc1cccc2cccnc12,training,0
Nc1cccc2c(N)cccc12,training,1
CCNC(=O)Nc1ncc([N+](=O)[O-])s1,training,1
N/C(=N\O)c1ccc([N+](=O)[O-])o1,training,0
CCCC[N+](=O)[O-],training,0
O=[N+]([O-])c1ccc2ncccc2c1,training,0
CC1CN(N=O)C(=O)NC1=O,training,0
CC1CN(N=O)CC(C)N1C(=O)c1ccccc1,training,1
CCCCCCCCCCCCN(C)N=O,training,1
O=NN1C[C@H](O)C[C@H]1C(=O)O,training,0
C1CCC(C(CC2CCCCN2)C2CCCCC2)CC1,training,0
CC(C)CCC[C@@H](C)[C@H]1CC[C@H]2[C@@H]3CC=C4C[C@@H](OC(=O)Cc5ccc(N(CCCl)CCCl)cc5)CC[C@]4(C)[C@H]3CC[C@@]21C,training,1
CC[C@@H]1C(=O)OC[C@@H]1Cc1cncn1C,training,0
C[C@@H]1C/C=C/C=C/C=C/C=C/[C@H](O[C@@H]2O[C@H](C)[C@@H](O)[C@H](N)[C@@H]2O)C[C@@H]2O[C@](O)(C[C@@H](O)C[C@H]3O[C@@H]3/C=C/C(=O)O1)C[C@H](O)[C@H]2C(=O)O,training,0
CCCCCCCCS(=O)C(C)Cc1ccc2c(c1)OCO2,training,0
Brc1cc(Br)c(-c2cc(Br)c(Br)cc2Br)cc1Br,training,1
CCCCCCCC/C=C/CCCCCCCC(=O)OCCOCC(OCCO)C1OC(OCCO)CC1OCCO,training,0
CCCN(N=O)C(N)=O,training,1
CC(O)CO,training,0
CC1CO1,training,1
CCCc1cc(=O)[nH]c(=S)[nH]1,training,1
Cc1ccc(N/N=C2\C(=O)C=Cc3ccccc32)c([N+](=O)[O-])c1,training,1
COc1ccc([N+](=O)[O-])cc1N/N=C1/C(=O)C(C(=O)Nc2cccc([N+](=O)[O-])c2)=Cc2ccccc21,training,0
CCN(CC)c1cc2oc3cc(=[N+](CC)CC)c(C)cc-3c(-c3ccc(S(=O)(=O)[O-])cc3S(=O)(=O)[O-])c2cc1C,training,0
CN(N=O)C(=O)N[C@H]1[C@@H](O)O[C@H](CO)[C@@H](O)[C@@H]1O,training,1
S=P(N1CC1)(N1CC1)N1CC1,training,1
CC1=C(C)C(=O)C(C(CCCCCC(=O)O)c2ccccc2)=C(C)C1=O,training,0
O=[N+]([O-])OCC(CO[N+](=O)[O-])O[N+](=O)[O-],training,1
CC(O)CN(CC(C)O)CC(C)O,training,0
CCCCCCCCCCCCCCCC(=O)CC(=O)CCCCCCCCCCCCCCC,training,0
CCN(Cc1cccc(S(=O)(=O)[O-])c1)c1ccc(C(=C2C=CC(=[N+](C)C)C=C2)c2ccc(N(CC)Cc3cccc(S(=O)(=O)[O-])c3)cc2)cc1,training,1
COc1cc(NC(=O)C(N=Nc2ccc(-c3ccc(N=NC(C(C)=O)C(=O)Nc4cc(OC)c(Cl)cc4OC)c(Cl)c3)cc2Cl)C(C)=O)c(OC)cc1Cl,training,0
C=CC=O,training,0
O=NN(CCO)CC(O)CO,training,1
CCCCCCCCCCCCCCN(C)N=O,training,1
C/C=C1/C[C@@H](C)[C@@](C)(O)C(=O)OCC2=CCN(C)CC[C@@H](OC1=O)C2=O,training,1
C=CC=C,training,1
COC(=O)C(c1ccccc1)C1CCCCN1N=O,training,0
CC1=CC(C)(C)Nc2ccccc21,training,1
CC(=O)N[C@@H](CS)C(=O)O,training,0
Nc1nnc(-c2ccc([N+](=O)[O-])o2)s1,training,1
Nc1ccc(-c2ccccc2)cc1,training,1
CCCCCN(N=O)C(N)=O,training,1
Clc1ccc(-c2ccc(Cl)c(Cl)c2Cl)c(Cl)c1Cl,training,1
CC(C)N=[N+]([O-])C(C)C,training,1
CCCCOCCO,training,0
COC(=O)[C@H]1[C@H]2C[C@@H]3c4[nH]c5ccccc5c4CCN3C[C@H]2C[C@@H](OC(=O)c2cc(OC)c(OC)c(OC)c2)[C@@H]1OC,training,0
C=CCN(CC=C)N=O,training,1
S=C(NC1CCCCC1)NC1CCCCC1,training,0
CCN(CC)C(C)=O,training,1
NCCCC(N)(C(=O)O)C(F)F,training,0
COc1cc(OC)c2c3c(c(=O)oc2c1)C(=O)CC3,training,0
CN(C)CNc1nnc(/C=C/c2ccc([N+](=O)[O-])o2)o1,training,1
CCCCCCCCCCCCC(=O)COC1=C(O)C(=O)O[C@@H]1[C@@H](O)CO,training,0
Clc1ccc2c(c1)C(c1ccccc1)=NCc1nncn1-2,training,0
CC[N+]([O-])=NC,training,1
C1CC2OC2CC1C1CO1,training,0
CCN(N=O)C(=O)NCCO,training,1
CC(=O)O[C@@H]1[C@@H](O)C2OC3C=C(C)C(=O)C(O)[C@@]3(CO)[C@]1(C)[C@]21CO1,training,0
CCN(Cc1cccc(S(=O)(=O)[O-])c1)c1ccc(C(=C2C=CC(=[N+](CC)Cc3cccc(S(=O)(=O)[O-])c3)C=C2)c2ccc(O)cc2S(=O)(=O)[O-])cc1,training,0
Oc1cc2c(cc1O)[C@H]1c3ccc(O)c(O)c3OC[C@@]1(O)C2,training,1
ClC(Cl)=C(Cl)C(Cl)=C(Cl)Cl,training,1
NNc1nc(-c2ccc([N+](=O)[O-])cc2)cs1,training,1
O=C1N(CCO)CCN1/N=C/c1ccc([N+](=O)[O-])o1,training,1
O=[N+]([O-])c1ccc(-c2nc(NCCO)c3ccccc3n2)s1,training,1
C=CC(O)c1ccc2c(c1)OCO2,training,1
CC(C)CON=O,training,1
CC(Oc1c(Cl)cccc1Cl)C1=NCCN1,training,0
CCOC(=O)CC(SP(=O)(OC)OC)C(=O)OCC,training,0
OC[C@@H](O)[C@@H](O)[C@H](O)[C@H](O)CO,training,0
S=c1nc[nH]c2nc[nH]c12,training,0
CSCCC(N)C(=O)O,training,0
CN(C)c1ccc(C(=O)c2ccc(N(C)C)cc2)cc1,training,1
C[C@H]1C(=O)O[C@@H]2CCN3CC=C(COC(=O)[C@](C)(O)[C@]1(C)O)[C@H]23,training,1
O=C([O-])CCC(=O)O,training,0
CN1CCC[C@H]1c1cccnc1,training,0
CN(CCCl)CCCl,training,1
CC(O)CN(CC(O)CO)N=O,training,1
CCN(CC(F)(F)F)N=O,training,1
O=NN(CC(F)(F)F)CC(F)(F)F,training,0
O=Nc1ccc(Nc2ccccc2)cc1,training,1
CCN(C)N=O,training,1
O=NN1CCCCCCC1,training,1
O=NN1CCCCC1C(=O)O,training,0
O=NN1CCCCC1,training,1
O=C(OOC(=O)c1ccccc1)c1ccccc1,training,0
CC(=O)CN(N=O)C(=O)NCCCl,training,0
CC(=O)CN(N=O)C(N)=O,training,0
S=C(SN1CCOCC1)N1CCOCC1,training,1
C[C@H]1OC12C[C@@H](C)[C@@](C)(O)C(=O)OCC1=CCN(C)CC[C@@H](OC2=O)C1=O,training,1
c1ccc(Nc2ccc3ccccc3c2)cc1,training,0
Nc1c(Cl)c(Cl)nc(C(=O)O)c1Cl,training,0
C[C@]12CC[C@H]3C(=CCc4cc(OS(=O)(=O)[O-])ccc43)[C@@H]1CCC2=O,training,0
O=C1C=Cc2cc(S(=O)(=O)[O-])cc(S(=O)(=O)[O-])c2/C1=N/Nc1ccc(S(=O)(=O)[O-])c2ccccc12,training,1
COc1ccc(CN(CCN(C)C)c2ccccn2)cc1,training,1
O=C1/C(=N\Nc2ccc(S(=O)(=O)[O-])c3ccccc23)C=C(S(=O)(=O)[O-])c2ccccc21,training,0
COC(=O)[C@H]1[C@H]2C[C@@H]3c4[nH]c5cc(OC)ccc5c4CCN3C[C@H]2C[C@@H](OC(=O)c2cc(OC)c(OC)c(OC)c2)[C@@H]1OC,training,1
Clc1cc2c(cc1Cl)Oc1cc(Cl)c(Cl)cc1O2,training,1
Cn1c(=O)c2[nH]cnc2n(C)c1=O,training,0
Cc1c(C)c2c(c(C)c1O)CCC(C)(CCCC(C)CCCC(C)CCCC(C)C)O2,training,0
CCCCCCCC(=O)OCC(COC(=O)CCCCCCC)OC(=O)CCCCCCC,training,1
Cc1ccc(OP(=O)(Oc2ccc(C)cc2)Oc2ccc(C)cc2)cc1,training,0
N[C@@H](Cc1c[nH]c2ccccc12)C(=O)O,training,0
OCC(CO)N[C@H]1C[C@](O)(CO)[C@@H](O)[C@H](O)[C@H]1O,training,0
CC(=O)Nc1ccc(N/N=C2/C=C(C)C=CC2=O)cc1,training,1
O=C1c2ccccc2-c2ccc3c4c(ccc1c24)-c1ccccc1C3=O,training,0
CN1C2CC[C@@H]1CC(NC(=O)c1cc(Cl)cc3c1OC(C)(C)C3)C2,training,0
C=CC1=C(C)C2=CC3=NC(=C(CC(=O)[O-])C4=NC(=C(C)C4=C([O-])[O-])C=c4[n-]c(c(C)c4CC)=CC1=N2)[C@@H](CCC(=O)[O-])[C@@H]3C,training,0
CC[C@]1(O)C[C@H]2CN(CCc3c([nH]c4ccccc34)[C@@](C(=O)OC)(c3cc4c(cc3OC)N(C)[C@H]3[C@@](O)(C(=O)OC)[C@H](OC(C)=O)[C@]5(CC)C=CCN6CC[C@]43[C@@H]65)C2)C1,training,0
c1cc(OCC2CO2)cc(OCC2CO2)c1,training,1
COP(C)(=O)OC,training,1
ClC1=C(Cl)[C@]2(Cl)[C@H]3[C@H]([C@@H]4C[C@H]3[C@H]3O[C@@H]43)[C@@]1(Cl)C2(Cl)Cl,training,0
CN(N=O)c1ccc(/C=C/c2ccnc3ccccc23)cc1,training,1
CC(=O)NCc1nc(-c2ccc([N+](=O)[O-])o2)no1,training,1
O=NN1CCCCC1c1cccnc1,training,1
O=NN(CC(=O)O)CC(=O)O,training,0
O=NN1CCNCC1,training,1
O=C(Nc1nc(-c2ccc([N+](=O)[O-])o2)cs1)C(F)(F)F,training,1
CCOC(=O)c1ccccc1C(=O)OCC,test,0
C=Cc1ccc(C)cc1,test,0
CC(=O)Nc1ccc(CC(=O)O)cc1,test,0
C=CCOc1ccc(CC(=O)O)cc1Cl,test,0
Nc1ccc([N+](=O)[O-])cc1O,test,1
CC(N)Cc1ccccc1,test,0
COc1ccc(N)cc1,test,0
O=C(O)c1ccccc1,test,0
ClCc1ccccc1,test,0
N#CSCc1ccccc1,test,0
O=[N+]([O-])c1cc(N(CCO)CCO)ccc1NCCO,test,0
CC(C)(C)c1cc(C(C)(C)C)c(O)c(C(C)(C)C)c1,test,0
Oc1ccccc1O,test,1
O=C(O)CCCc1ccc(N(CCCl)CCCl)cc1,test,1
O=C(N[C@H](CO)[C@H](O)c1ccc([N+](=O)[O-])cc1)C(Cl)Cl,test,0
Nc1ccc(Cl)c(N)c1,test,1
Nc1ccc(N)c(Cl)c1,test,0
Cc1ccc(N)cc1Cl,test,0
Cc1cc(Cl)ccc1N,test,0
CC(=O)Nc1ccc(C(=O)CCl)cc1,test,0
CCCNC(=O)NS(=O)(=O)c1ccc(Cl)cc1,test,0
CCOC(=O)C(C)(C)Oc1ccc(Cl)cc1,test,1
COc1ccc(N)c(C)c1,test,1
COc1ccc(C)cc1N,test,1
Cc1ccc(N)cc1N,test,1
Cc1c(N)cccc1N,test,0
Cc1cc(N)ccc1N,test,0
Nc1cc(Cl)c(N)c(Cl)c1,test,0
Clc1ccc(Cl)cc1,test,1
COc1ccc(N)c(OC)c1,test,0
COC(=O)c1ccc(C(=O)OC)cc1,test,0
Cc1c([N+](=O)[O-])cccc1[N+](=O)[O-],test,1
CN[C@@H](C)[C@H](O)c1ccccc1,test,0
CCOc1ccc(NC(N)=O)cc1,test,1
CCCCC(CC)COC(=O)c1ccccc1C(=O)OCC(CC)CCCC,test,1
CCC(C(=O)NC(N)=O)c1ccccc1,test,0
CN(C)c1ccc(N=NS(=O)(=O)[O-])cc1,test,0
O=C(O)c1cc(O)c(O)c(O)c1,test,0
CCCCCCOc1cc(C)c(O)c(C)c1C,test,0
CCCCCCc1ccc(O)cc1O,test,0
CC(C)Cc1ccc(C(C)C(=O)O)cc1,test,0
CC(C)OC(=O)Nc1cccc(Cl)c1,test,0
COc1ccc(O)cc1,test,1
COP(=S)(OC)Oc1ccc([N+](=O)[O-])cc1,test,0
Cc1cc(O)ccc1O,test,0
CNC(=O)Oc1cc(C)c(N(C)C)c(C)c1,test,0
CCOc1ccc(NC(C)=O)cc1[N+](=O)[O-],test,0
COc1ccc([N+](=O)[O-])cc1N,test,1
Nc1ccc(N)c([N+](=O)[O-])c1,test,0
Nc1ccc([N+](=O)[O-])cc1,test,0
CN(N=O)c1ccc(F)cc1,test,1
CN(N=O)c1ccc([N+](=O)[O-])cc1,test,0
CN(CCc1ccccc1)N=O,test,1
CN(N=O)c1ccccc1,test,1
CCOP(=S)(OCC)Oc1ccc([N+](=O)[O-])cc1,test,0
NC(N)=NC(N)=NCCc1ccccc1,test,0
NC(=O)OCC(COC(N)=O)c1ccccc1,test,1
Nc1ccc(N)cc1,test,0
Nc1cccc(N)c1,test,0
CNC[C@H](O)c1cccc(O)c1,test,0
S=C=NCCCc1ccccc1,test,0
CCCCCCCCCc1ccc(OCCOCCO)cc1,test,0
CCCN(CCC)S(=O)(=O)c1ccc(C(=O)O)cc1,test,0
CNNCc1ccc(C(=O)NC(C)C)cc1,test,1
O=C(O)c1ccc(O)c(O)c1,test,0
Nc1ccc(NCCO)c([N+](=O)[O-])c1,test,0
O=C(O)COc1cc(Cl)c(Cl)cc1Cl,test,0
CCCN(CCC)c1c([N+](=O)[O-])cc(C(F)(F)F)cc1[N+](=O)[O-],test,0
Cc1ccc(C)c(N)c1,test,1
O=[N+]([O-])c1ccc(NCCO)c(OCCO)c1,test,0
Oc1ccc(O)cc1,test,1
CC(C)Oc1ccccc1OC(=O)N(C)N=O,test,1
O=Nc1ccc(NO)cc1,test,1
Oc1c(Cl)cc(Cl)cc1Cl,test,1
CC(=O)Oc1ccccc1C(=O)O,test,0
O=Cc1ccccc1,test,0
C=CCc1ccc(O)c(OC)c1,test,0
COP(=S)(OC)Oc1ccc(SC)c(C)c1,test,0
N[C@@H](Cc1ccc(N(CCCl)CCCl)cc1)C(=O)O,test,1
CC(O)c1ccccc1,test,1
CC(C(O)c1ccccc1)N(C)N=O,test,1
Oc1cccc(O)c1,test,0
Cc1ccccc1N,test,1
Nc1c(Cl)cc(Cl)cc1Cl,test,0
COc1cccc(O)c1O,test,1
CC(C)NCC(O)c1ccc(NS(C)(=O)=O)cc1,test,0
Cc1ccc(S(=O)(=O)OCC(N)CN=O)cc1,test,1
COC(=O)[C@H](Cc1ccccc1)NC(=O)[C@@H](N)CC(=O)O,test,0
Clc1ccccc1Cl,test,0
Cc1ccc(C)c(OCCCC(C)(C)C(=O)O)c1,test,1
ClC(Cl)=C(Cl)c1c(Cl)c(Cl)c(Cl)c(Cl)c1Cl,test,0
COc1c(Cl)c(Cl)c(Cl)c(Cl)c1Cl,test,1
CC(C)(C)NCC(O)c1ccc(O)c(CO)c1,test,1
CC(C)(C)NCC(O)c1cc(O)cc(O)c1,test,1
Cc1cccc(N)c1,test,0
Cc1ccc(NC(N)=O)cc1,test,0
O=[N+]([O-])c1cc([N+](=O)[O-])cc([N+](=O)[O-])c1,test,0
CN(N=O)C(=O)c1ccccc1C(=O)N(C)N=O,test,0
NC(=S)Nc1ccccc1,test,0
CC(C)(C)c1cc(O)ccc1O,val,0
Cc1cc(C)cc(S(=O)(=O)[O-])c1,val,0
C[C@@H](Oc1ccc(Cl)cc1Cl)C(=O)O,val,0
CC(=O)Nc1ccc(O)cc1,val,1
Nc1cc([N+](=O)[O-])ccc1O,val,1
Nc1ccc(O)c([N+](=O)[O-])c1,val,1
Nc1ccc(N(CCO)CCO)cc1,val,0
C/C=C/c1ccc(OC)cc1,val,0
Nc1ccccc1C(=O)O,val,0
CC(C)NCC(O)COc1ccc(CC(N)=O)cc1,val,0
c1ccccc1,val,1
O=C([O-])c1ccccc1,val,0
OCc1ccccc1,val,0
S=C=NCc1ccccc1,val,0
CNc1ccc(N(CCO)CCO)cc1[N+](=O)[O-],val,1
CC(C)(C)c1cc(CO)cc(C(C)(C)C)c1O,val,0
Cc1cc(C(C)(C)C)c(O)c(C(C)(C)C)c1,val,0
CC(C)(C)c1ccc(O)cc1,val,0
O=C(O)/C=C/c1ccc(O)c(O)c1,val,1
CCN(CC)C(=O)Nc1ccc(OCC(O)CNC(C)(C)C)c(C(C)=O)c1,val,0
Cc1ccc(Cl)cc1N,val,0
O=C(CCl)c1ccccc1,val,0
N#CC(C#N)=Cc1ccccc1Cl,val,0
Clc1ccccc1,val,1
CN(C)C(=O)Nc1ccc(Cl)cc1,val,1
O=NN([O-])c1ccccc1,val,1
COc1ccc(C(=O)/C(Br)=C\C(=O)[O-])cc1,val,1
Nc1ccc(O)c(N)c1,val,0
Oc1ccc(Cl)cc1Cl,val,0
CCN(CC)C(=O)c1cccc(C)c1,val,0
CC(C)CCCCCCOC(=O)c1ccccc1C(=O)OCCCCCCC(C)C,val,1
CN(C)c1ccccc1,val,1
NC(Cc1ccc(O)c(O)c1)C(=O)O,val,0
NCCc1ccc(O)c(O)c1,val,0
CCc1ccccc1,val,1
Cc1cc(Cl)ccc1OCC(=O)O,val,0
CN(N=O)C(=O)c1ccccc1,val,1
Cc1ccc(O)c(O)c1,val,1
C[C@](N)(Cc1ccc(O)c(O)c1)C(=O)O,val,0
CNCCc1ccc(OC(=O)C(C)C)c(OC(=O)C(C)C)c1,val,0
Nc1ccc([N+](=O)[O-])cc1N,val,0
Cc1ccc([N+](=O)[O-])cc1N,val,0
COc1ccccc1[N+](=O)[O-],val,1
Nc1cc([N+](=O)[O-])ccc1C(=O)O,val,0
O=C(O)c1ccc([N+](=O)[O-])cc1,val,1
Cc1ccc(S(=O)(=O)OCCN(C)N=O)cc1,val,1
Cc1ccccc1N=O,val,1
Cc1ccccc1[N+](=O)[O-],val,1
Cc1ccc([N+](=O)[O-])cc1,val,1
C=CCOc1ccccc1OCC(O)CNC(C)C,val,0
CCOc1ccc(NC(C)=O)cc1,val,1
S=C=NCCc1ccccc1,val,0
Oc1ccccc1,val,0
CN(C)N=Nc1ccccc1,val,1
Nc1ccccc1N,val,1
S=C=NCCCCCCc1ccccc1,val,0
NC(=O)c1ccccc1C(N)=O,val,0
CC(=O)Nc1ccc(OCC(O)CNC(C)C)cc1,val,0
CCCOC(=O)c1cc(O)c(O)c(O)c1,val,0
C=Cc1ccccc1,val,1
COc1c(Cl)c(Cl)c([N+](=O)[O-])c(Cl)c1Cl,val,0
CS(=O)(=O)c1ccc([C@@H](O)[C@@H](CO)NC(=O)C(Cl)Cl)cc1,val,0
Cc1ccc(N=C=O)cc1N=C=O,val,1
Cc1ccccc1S(N)(=O)=O,val,1
Cc1ccc(N)cc1,val,0
Cc1ccc(C)c(C)c1,val,1
C=Cc1cccc(C)c1,val,0
CCOc1ccc(NC(C)=O)cc1N,val,0
CC(COc1ccc(C(C)(C)C)cc1)OS(=O)OCCCl,val,1
CC(=O)OCc1ccccc1,val,0
O=[N+]([O-])c1ccccc1Cl,val,0
N#Cc1c(Cl)c(Cl)c(Cl)c(C#N)c1Cl,val,1
CN(C)C(=O)Nc1cccc(C(F)(F)F)c1,val,0
C=CCc1ccc(OC)c(OC)c1,val,1
CCCCCCCCCCC(C)c1ccc(S(=O)(=O)[O-])cc1,val,0
COc1ccccc1N,val,1
COc1ccc(O)c(C(C)(C)C)c1,val,1
Nc1cc(Cl)cc(C(=O)O)c1Cl,val,0
O=[N+]([O-])c1ccc(Cl)cc1,val,0
Nc1ccc(Cl)cc1N,val,1
O=C/C=C/c1ccccc1,val,0
O=C(O)COc1ccc(Cl)cc1Cl,val,0
O=[N+]([O-])/C=C/c1ccccc1,val,0
CCCCNC(=O)NS(=O)(=O)c1ccc(C)cc1,val,0
Cc1cc(C)c(N)cc1C,val,1
Cc1ccc(N)c(C)c1,val,0
Cc1ccc(O)c(C(C)(C)C)c1,val,0
Cc1ccccc1,val,1
Cc1cc(C)c(N)c(C)c1,val,1
O=[N+]([O-])c1ccc(Cl)c([N+](=O)[O-])c1,val,0
C=CCOC(=O)c1ccccc1C(=O)OCC=C,val,0
COc1ccc(N)cc1N,val,1
N#[N+]c1cc(CCN)ccc1[O-],val,1
Cc1cccc(C)c1N,val,0
CN(N=O)c1ccc(N=O)cc1,val,1
O=[N+]([O-])c1ccccc1,val,1
O=[N+]([O-])c1c(Cl)c(Cl)c(Cl)c(Cl)c1Cl,val,0
Nc1c(F)c(N)c(F)c(F)c1F,val,0
CC(C)(C)c1cc([N+](=O)[O-])cc([N+](=O)[O-])c1OS(C)(=O)=O,val,0
Clc1c(Cl)c(Cl)c(Cl)c(Cl)c1Cl,val,1
