smiles,group,CYP2D6-sub
CCCSc1ccc2nc(NC(=O)OC)[nH]c2c1,training,1
CN(C)CCc1c[nH]c2ccc(CS(=O)(=O)N3CCCC3)cc12,training,1
CCCCc1oc2ccccc2c1C(=O)c1cc(I)c(OCCN(CC)CC)c(I)c1,training,1
Cc1c(N(C)C)c(=O)n(-c2ccccc2)n1C,training,1
CN(C)CCC=C1c2ccccc2CCc2ccccc21,training,1
CCN(CC)Cc1cc(Nc2ccnc3cc(Cl)ccc23)ccc1O,training,1
Clc1ccc2c(c1)C(N1CCNCC1)=Nc1ccccc1O2,training,1
CC(C)CN(C[C@@H](O)[C@H](Cc1ccccc1)NC(=O)O[C@H]1CCOC1)S(=O)(=O)c1ccc(N)cc1,training,1
CCN(CC)CCCN(c1ccccc1)C1Cc2ccccc2C1,training,1
O=C1CCc2ccc(OCCCCN3CCN(c4cccc(Cl)c4Cl)CC3)cc2N1,training,1
C[C@@H]1CC[C@H]2[C@@H](C)C(=O)O[C@@H]3O[C@@]4(C)CC[C@@H]1[C@]32OO4,training,1
COc1ccc(CCN2CCC(Nc3nc4ccccc4n3Cc3ccc(F)cc3)CC2)cc1,training,1
CNS(=O)(=O)Cc1ccc2[nH]cc(CCCN3CCN(c4ncncc4OC)CC3)c2c1,training,1
CN1CCC[C@H](n2nc(Cc3ccc(Cl)cc3)c3ccccc3c2=O)CC1,training,1
CC(C)NC[C@H](O)COc1ccc(CCOCC2CC2)cc1,training,1
CC(C)C[C@@H](NC(=O)[C@@H](Cc1ccccc1)NC(=O)c1cnccn1)B(O)O,training,1
COc1cc(OC)c(C(=O)CCCN2CCCC2)c(OC)c1,training,1
CO[C@]12CC[C@@]3(C[C@@H]1[C@](C)(O)C(C)(C)C)[C@H]1Cc4ccc(O)c5c4[C@@]3(CCN1CC1CC1)[C@@H]2O5,training,1
C[C@H](CS)C(=O)N1CCC[C@H]1C(=O)O,training,1
NC(=O)N1c2ccccc2C=Cc2ccccc21,training,1
CC(C)(C)NC[C@H](O)COc1cccc2c1CCC(=O)N2,training,1
COc1ccccc1OCCNC[C@H](O)COc1cccc2[nH]c3ccccc3c12,training,1
C[C@H]1O[C@]2(CS1)CN1CCC2CC1,training,1
Oc1nc2cc(Cl)ccc2o1,training,1
CN(C)CC[C@H](c1ccc(Cl)cc1)c1ccccn1,training,1
CCOP(=S)(OCC)Oc1nc(Cl)c(Cl)cc1Cl,training,1
c1ccc(C2(c3ccccc3)C[C@H]2C2=NCCN2)cc1,training,1
COc1cc(N)c(Cl)cc1C(=O)N[C@H]1CCN(CCCOc2ccc(F)cc2)C[C@H]1OC,training,1
CN(C)CCC[C@@]1(c2ccc(F)cc2)OCc2cc(C#N)ccc21,training,1
OCCN1CCN(CC/C=C2/c3ccccc3Sc3ccc(Cl)cc32)CC1,training,1
CN1CCN(C2=Nc3cc(Cl)ccc3Nc3ccccc32)CC1,training,1
COc1ccc2c3c1O[C@H]1[C@@H](O)C=C[C@H]4[C@@H](C2)N(C)CC[C@]314,training,1
CN(C)CCC=C1c2ccccc2C=Cc2ccccc21,training,1
O=P1(N(CCCl)CCCl)NCCCO1,training,1
Nc1ccc(S(=O)(=O)c2ccc(N)cc2)cc1,training,1
N=C(N)N1CCc2ccccc2C1,training,1
CC(C)Nc1cccnc1N1CCN(C(=O)c2cc3cc(NS(C)(=O)=O)ccc3[nH]2)CC1,training,1
CNCCCN1c2ccccc2CCc2ccccc21,training,1
COc1ccc2c(c1)[C@@]13CCCC[C@H]1[C@@H](C2)N(C)CC3,training,1
COc1ccc2c3c1O[C@H]1[C@@H](O)CC[C@H]4[C@@H](C2)N(C)CC[C@]314,training,1
COc1ccc([C@@H]2Sc3ccccc3N(CCN(C)C)C(=O)[C@@H]2OC(C)=O)cc1,training,1
O=C(OC1C[C@@H]2CC3C[C@H](C1)N2CC3=O)c1c[nH]c2ccccc12,training,1
COc1cc2c(cc1OC)C(=O)[C@H](CC1CCN(Cc3ccccc3)CC1)C2,training,1
CN(C)CC/C=C1/c2ccccc2COc2ccccc21,training,1
COc1ccc(C(=O)Nc2ccccc2CC[C@H]2CCCCN2C)cc1,training,1
C[C@]12CC[C@@H]3c4ccc(O)cc4CC[C@H]3[C@@H]1CC[C@@H]2O,training,1
CCOc1ccc2c3c1O[C@H]1[C@@H](O)C=C[C@H]4[C@@H](C2)N(C)CC[C@]314,training,1
CCc1nn(CCCN2CCN(c3cccc(Cl)c3)CC2)c(=O)n1CC,training,1
Cc1ccc(-c2ncc(Cl)cc2-c2ccc(S(C)(=O)=O)cc2)cn1,training,1
O=C(NC[C@H]1CCCCN1)c1cc(OCC(F)(F)F)ccc1OCC(F)(F)F,training,1
Fc1ccc(C(c2ccc(F)cc2)N2CCN(C/C=C/c3ccccc3)CC2)cc1,training,1
CNCC[C@@H](Oc1ccc(C(F)(F)F)cc1)c1ccccc1,training,1
COc1ccc2c3c1O[C@H]1C[C@@H](O)C=C[C@@]31CCN(C)C2,training,1
CC1(C)CC(=O)N(CCCCN2CCN(c3ncccn3)CC2)C(=O)C1,training,1
N=C(N)NC[C@@H]1COc2ccccc2O1,training,1
CCCCN(CCCC)CC[C@H](O)c1cc2c(Cl)cc(Cl)cc2c2cc(C(F)(F)F)ccc12,training,1
O=C(CCCN1CCC(O)(c2ccc(Cl)cc2)CC1)c1ccc(F)cc1,training,1
FC(F)(F)[C@H](Cl)Br,training,1
COc1ccc2c3c1O[C@H]1C(=O)CC[C@H]4[C@@H](C2)N(C)CC[C@]314,training,1
COc1cc(C(C)=O)ccc1OCCCN1CCC(c2noc3cc(F)ccc23)CC1,training,1
CN(C)CCCN1c2ccccc2CCc2ccccc21,training,1
O=C(NC1CCN(CCc2c[nH]c3ccccc23)CC1)c1ccccc1,training,1
C[C@@H](CCc1ccccc1)NC[C@H](O)c1ccc(O)c(C(N)=O)c1,training,1
CCN(CC)C(=O)N[C@H]1C=C2c3cccc4[nH]cc(c34)C[C@H]2N(C)C1,training,1
CCOC(=O)N1CCC(=C2c3ccc(Cl)cc3CCc3cccnc32)CC1,training,1
CNCCCC12CCC(c3ccccc31)c1ccccc12,training,1
c1ccc2c(c1)Sc1ccccc1N2C[C@H]1CN2CCC1CC2,training,1
CN1CCN2c3ccccc3Cc3ccccc3[C@@H]2C1,training,1
CO/N=C\C1=CCCN(C)C1,training,1
Cc1cc(-c2ccccc2)nnc1NCCN1CCOCC1,training,1
CN1CCN2c3ccccc3Cc3cccnc3[C@@H]2C1,training,1
CN(c1nccc(=O)[nH]1)C1CCN(c2nc3ccccc3n2Cc2ccc(F)cc2)CC1,training,1
CCc1c(C)[nH]c2c1C(=O)[C@@H](CN1CCOCC1)CC2,training,1
CN1CC[C@]23c4c5ccc(O)c4O[C@H]2[C@@H](O)C=C[C@H]3[C@H]1C5,training,1
Cc1c(O)cccc1C(=O)N[C@@H](CSc1ccccc1)[C@H](O)CN1C[C@H]2CCCC[C@H]2C[C@H]1C(=O)NC(C)(C)C,training,1
Cc1ccnc2c1NC(=O)c1cccnc1N2C1CC1,training,1
CN1CCC[C@H]1c1cccnc1,training,1
COc1ccc2c3c1O[C@H]1[C@@H](O)C=C[C@H]4[C@@H](C2)NCC[C@]314,training,1
CNCCC=C1c2ccccc2CCc2ccccc21,training,1
Cc1cc2c(s1)Nc1ccccc1N=C2N1CCN(C)CC1,training,1
Cc1nccn1C[C@H]1CCc2c(c3ccccc3n2C)C1=O,training,1
OCCN1CCN(CCCN2c3ccccc3C=Cc3ccccc32)CC1,training,1
COc1ccc2c3c1O[C@H]1C(=O)CC[C@@]4(O)[C@@H](C2)N(C)CC[C@]314,training,1
COc1ccc(Cc2nccc3cc(OC)c(OC)cc23)cc1OC,training,1
Fc1ccc([C@@H]2CCNC[C@H]2COc2ccc3c(c2)OCO3)cc1,training,1
CC(C)(C)NC[C@H](O)COc1ccccc1C1CCCC1,training,1
CC(C)=CCN1CC[C@]2(C)c3cc(O)ccc3C[C@H]1[C@H]2C,training,1
O=C1[C@H]2CCCC[C@H]2C(=O)N1CCCCN1CCN(c2nsc3ccccc23)CC1,training,1
O=C1NC(=O)C(c2ccccc2)(c2ccccc2)N1,training,1
C[C@H](N/C(=N\C#N)Nc1ccncc1)C(C)(C)C,training,1
O=C(C1CCCCC1)N1CC(=O)N2CCc3ccccc3[C@H]2C1,training,1
CC(=O)[C@H]1CC[C@H]2[C@@H]3CC=C4C[C@@H](O)CC[C@]4(C)[C@H]3CC[C@]12C,training,1
CC(=O)[C@H]1CC[C@H]2[C@@H]3CCC4=CC(=O)CC[C@]4(C)[C@H]3CC[C@]12C,training,1
CCCNC[C@H](O)COc1ccccc1C(=O)CCc1ccccc1,training,1
CN1CCCN=C1/C=C\c1cccs1,training,1
OCCOCCN1CCN(C2=Nc3ccccc3Sc3ccccc32)CC1,training,1
CCN1CCC[C@H]1CNC(=O)c1c(OC)ccc(Br)c1OC,training,1
Cc1nc2n(c(=O)c1CCN1CCC(c3noc4cc(F)ccc34)CC1)CCCC2,training,1
CC(C)c1nc(CN(C)C(=O)N[C@H](C(=O)N[C@@H](Cc2ccccc2)C[C@H](O)[C@H](Cc2ccccc2)NC(=O)OCc2cncs2)C(C)C)cs1,training,1
CC(C)(C)NC(=O)[C@@H]1C[C@@H]2CCCC[C@@H]2CN1C[C@@H](O)[C@H](Cc1ccccc1)NC(=O)[C@H](CC(N)=O)NC(=O)c1ccc2ccccc2n1,training,1
O=C1NCCN1CCN1CCC(c2cn(-c3ccc(F)cc3)c3ccc(Cl)cc23)CC1,training,1
CCCc1nn(C)c2c(=O)nc(-c3cc(S(=O)(=O)N4CCN(C)CC4)ccc3OCC)[nH]c12,training,1
C1CCN2C[C@H]3C[C@H](CN4CCCC[C@H]34)[C@@H]2C1,training,1
CCOc1ccccc1OCCN[C@H](C)Cc1ccc(OC)c(S(N)(=O)=O)c1,training,1
CN(C)S(=O)(=O)CCNC(=O)N(CCCl)N=O,training,1
CC(C)(C)c1ccc([C@H](O)CCCN2CCC(C(O)(c3ccccc3)c3ccccc3)CC2)cc1,training,1
CCN(CC)C(=O)N[C@H]1C[C@@H]2c3cccc4[nH]cc(c34)C[C@H]2N(C)C1,training,1
C[C@]12CC[C@H]3[C@@H](CCC4=CC(=O)CC[C@@]43C)[C@@H]1CC[C@@H]2O,training,1
CSc1ccc2c(c1)N(CC[C@@H]1CCCCN1C)c1ccccc1S2,training,1
Cc1ccsc1C(=CCCN1CCC[C@@H](C(=O)O)C1)c1sccc1C,training,1
CC(C)(C)NC[C@H](O)COc1nsnc1N1CCOCC1,training,1
Cc1ccc(C(=O)[C@H](C)CN2CCCCC2)cc1,training,1
CNCC[C@@H](Oc1ccccc1C)c1ccccc1,training,1
O=c1n(CCCN2CCN(c3cccc(Cl)c3)CC2)nc2ccccn12,training,1
O=C(CCCN1CCC(O)(c2cccc(C(F)(F)F)c2)CC1)c1ccc(F)cc1,training,1
C[C@H](CN(C)C)CN1c2ccccc2CCc2ccccc21,training,1
Cc1c(C)c2c(c(C)c1O)CC[C@](C)(COc1ccc(C[C@@H]3SC(=O)NC3=O)cc1)O2,training,1
CN1[C@H]2CC[C@@H]1CC(OC(=O)c1c[nH]c3ccccc13)C2,training,1
COc1ccc([C@H](CN(C)C)C2(O)CCCCC2)cc1,training,1
CCC1=C[C@@H]2CN(C1)Cc1c([nH]c3ccccc13)[C@@](C(=O)OC)(c1cc3c(cc1OC)N(C)[C@H]1[C@@](O)(C(=O)OC)[C@H](OC(C)=O)[C@]4(CC)C=CCN5CC[C@]31[C@@H]54)C2,training,1
CC(=O)C[C@@H](c1ccccc1)c1c(O)c2ccccc2oc1=O,training,1
COC(=O)[C@H]1[C@@H](O)CC[C@H]2CN3CCc4c([nH]c5ccccc45)[C@@H]3C[C@@H]21,training,1
Cc1ccc(-c2nc3ccc(C)cn3c2CC(=O)N(C)C)cc1,training,1
CN(C)CCOC1=Cc2ccccc2Sc2ccc(Cl)cc21,training,1
Cc1cc2ccccc2c2ccc3ccccc3c12,training,1
Cc1cc(NC(=O)NC(=O)c2ccccc2N(C)C)ccc1Oc1ncc(Br)cn1,training,1
COc1ccc(-c2cc(C(F)(F)F)nn2-c2ccc(S(N)(=O)=O)c(CO)c2)cc1,training,1
C[C@H](C(=O)c1ccc2c(c1)OCO2)N1CCCC1,training,1
COc1ccc(C(=O)[C@H](C)N2CCCC2)cc1,training,1
Cc1ccc(C(=O)[C@@H](C)N2CCCC2)cc1,training,1
CCCCCN(CCCCC)N=O,training,1
CNCC[C@H](Oc1ccccc1C)c1ccccc1,training,1
COc1ccc(-c2coc3cc(O)cc(O)c3c2=O)cc1,training,1
c1ccc(C2(c3ccccc3)C[C@@H]2C2=NCCN2)cc1,training,1
COc1ccc([C@H](CC(=O)O)N2CCN(CCCc3ccc4c(n3)NCCC4)C2=O)cn1,training,1
COC(=O)c1c(C)nc(C)c(C(=O)OC/C=C/c2ccccc2)c1-c1cccc([N+](=O)[O-])c1,training,1
C=CCSSCC=C,training,1
CN1CCC[C@@H]1C[C@@H]1CNc2ccc(CCS(=O)(=O)c3ccccc3)cc21,training,1
Cc1c2ccncc2c(C)c2c1[nH]c1ccccc12,training,1
CC[C@@H]1CN2CCc3cc(OC)c(OC)cc3[C@@H]2C[C@@H]1C[C@H]1NCCc2cc(OC)c(OC)cc21,training,1
Fc1ccc(C(OCCN2CCN(CCCc3ccccc3)CC2)c2ccc(F)cc2)cc1,training,1
COc1cc2ncnc(Nc3ccc(F)c(Cl)c3)c2cc1OCCCN1CCOCC1,training,1
COc1ccc2c(c1)[nH]c1c(C)nccc12,training,1
CN1CC[C@@]23c4c5ccc(O)c4O[C@@H]2C(=O)CC[C@@H]3[C@@H]1C5,training,1
COc1ccc(N2CCc3c(NCCO)nc4c(OC(F)(F)F)cccc4c32)c(C)c1,training,1
CN(C)C(=O)C(CCN1CCC(O)(c2ccc(Cl)cc2)CC1)(c1ccccc1)c1ccccc1,training,1
Clc1cccc(N2CCNCC2)c1,training,1
CN1CCN2c3ncccc3Cc3ccccc3[C@H]2C1,training,1
CN1CC=C(c2ccccc2)CC1,training,1
CCCN(CCC)CCc1ccc(OC)c(OCCc2ccccc2)c1,training,1
COc1ccc2[nH]c3c(c2c1)CCNC3,training,1
COc1cccc([C@@H](C)NCCCc2ccccc2Cl)c1,training,1
COCCCOc1ccnc(CSc2nc3ccccc3[nH]2)c1C,training,1
C[C@@H]1O[C@@]2(CS1)CN1CCC2CC1,training,1
COc1ccc(-c2cc(=O)c3c(OC)c(OC)c(OC)c(OC)c3o2)cc1,training,1
C[C@@H]([C@@H](O)c1ccc(O)cc1)N1CCC(O)(c2ccccc2)CC1,training,1
CC1=C(/C=C/C(C)=C\C=C\C(C)=C/C(=O)O)C(C)(C)CCC1,training,1
COCC[C@@H]1C[C@@H]2CN3CCc4c([nH]c5ccccc45)[C@@](C(=O)OC)(C2)[C@@H]13,training,1
Cc1cc2c(s1)Nc1ccccc1N=C2N1CCNCC1,training,1
Nc1cc2c3ccccc3ccc2c2ccccc12,training,1
Cc1cc2c3ccccc3ccc2c2ccccc12,training,1
CCCCCOc1ccc2nc3ccc(=O)cc-3oc2c1,training,1
O=C1Nc2c(O)cc(Cl)cc2[C@@](C#CC2CC2)(C(F)(F)F)O1,training,1
Cc1nc2n(c(=O)c1CCN1CCC(c3noc4cc(F)ccc34)CC1)CCC[C@@H]2O,training,1
COc1ccc(OC(F)(F)F)cc1CN[C@@H]1CCCN[C@H]1c1ccccc1,training,1
Oc1ccc(OC(F)(F)F)cc1CN[C@@H]1CCCN[C@H]1c1ccccc1,training,1
COC(OC)[C@@]1(C)Oc2ccc(N)cc2[C@H](N(Cc2nnn(C)n2)c2ccc(Cl)cc2)[C@H]1O,training,1
CC[C@@H](C(=O)c1ccc(C)cc1)N1CCCC1,training,1
CNc1cccc(-c2ccnc3c(C(=O)c4cccs4)cnn23)c1,training,1
O=NN1CCC[C@H]1c1cccnc1,training,1
CCN(CC)N=O,training,1
CN(C)N=O,training,1
CCCCN(C)N=O,training,1
CN(CCCC(=O)c1cccnc1)N=O,training,1
O=C1C=C2CN([C@@H](C(=O)C3CC3)c3ccccc3F)CC[C@H]2S1,training,1
FC(F)(F)c1cccc(N2CCNCC2)c1,training,1
CCNc1ncn(Cc2ccc(OC)c(OC3CCCC3)c2)c2nc(C(C)C)nc1-2,training,1
C[C@H](NC(N)=O)c1cc2ccccc2s1,training,1
C[C@@H](C#Cc1ccc(Cc2ccccc2)s1)NC(N)=O,training,1
C[C@@H](C#Cc1ccc(Cc2ccccc2)s1)N(O)C(N)=O,training,1
CC1=C(/C=C/C(C)=C/C=C/C(C)=C/C=O)C(C)(C)CCC1,training,1
CC1=C(/C=C/C(C)=C/C=C/C(C)=C/CO)C(C)(C)CCC1,training,1
Cc1cc(=O)n(-c2ccccc2)n1C,training,1
CCCCC/C=C\C/C=C\C/C=C\C/C=C\CCCC(=O)O,training,1
COc1ccc2c(C(=O)c3cc(OC)c(OC)c(OC)c3)c[nH]c2c1,training,1
C=C(C)c1ccc(OC)c(CN[C@H]2C3CCN(CC3)[C@@H]2C(c2ccccc2)c2ccccc2)c1,training,1
c1ccc2c(c1)cc1ccc3cccc4c5ccccc5c2c1c34,training,1
COc1cc2c(CCN3CCN(c4cccc(Cl)c4C)CC3)nn(Cc3c[nH]cn3)c2cc1OC,training,1
COc1ccc(-c2cc(=O)c3c(O)c(OC)c(O)cc3o2)cc1OC,training,1
COc1ccc(-c2coc3cc(O)ccc3c2=O)cc1,training,1
CC1(C)Cc2c(-c3ccccc3)c(-c3ccc(Cl)cc3)c(CC(=O)O)n2C1,training,1
CN1CCCC[C@@H]1CCN1c2ccccc2Sc2ccc(S(C)=O)cc21,training,1
CSc1nc(-c2ccnc(N[C@H](C)c3ccccc3)c2)c(-c2ccc(F)cc2)[nH]1,training,1
C[C@@H](Nc1cc(-c2nc(S(C)=O)[nH]c2-c2ccc(F)cc2)ccn1)c1ccccc1,training,1
COc1ccc(OC(=O)N(CC(=O)O)Cc2ccc(OCCc3nc(-c4ccccc4)oc3C)cc2)cc1,training,1
Oc1ccccc1-c1ccccc1,training,1
CCOP(=S)(OCC)SCSCC,training,1
OCCc1ccccc1Nc1c(Cl)cccc1Cl,training,1
O=c1c2ccccc2nc2n1CCc1c-2[nH]c2ccccc12,training,1
Clc1ccccc1CN1CCc2sccc2C1,training,1
CN[C@@H]1CN(c2ccc3c(=O)c(C(=O)O)cn(-c4nccs4)c3n2)C[C@H]1OC,training,1
CC[C@@]1(c2ccccc2)NC(=O)N(C)C1=O,training,1
COC(=O)[C@H]1[C@@H](OC(=O)c2ccccc2)C[C@H]2CC[C@@H]1N2C,training,1
CC(=O)OCC[N+](C)(C)C,training,1
CC(=O)[C@@H]1CC[C@@H]2[C@H]3CCC4=CC(=O)CC[C@@]4(C)[C@@H]3CC[C@]12C,training,1
COc1cc2c(cc1OC)[C@@H]1CC(=O)[C@@H](CC(C)C)CN1CC2,training,1
NC(=O)NN=Cc1ccc([N+](=O)[O-])o1,training,1
CN1C2CCC1CC(OC(c1ccccc1)c1ccccc1)C2,training,1
CN(C)CC[C@@H](c1ccc(Br)cc1)c1ccccn1,training,1
CN(C)CCO,training,1
CC(C)(C)CC(C)(C)c1ccc(OCCOCC[N+](C)(C)Cc2ccccc2)cc1,training,1
CCC1(CC)C(=O)NC[C@@H](C)C1=O,training,1
COc1ccc2c(c1)[C@]13CCCC[C@@H]1[C@H](C2)N(C)CC3,training,1
CN(C)CC[C@@H](c1ccc(Cl)cc1)c1ccccn1,training,1
FC(F)(F)[C@@H](Cl)Br,training,1
C(=Cc1ccccc1)CN1CCN(C(c2ccccc2)c2ccccc2)CC1,training,1
CNCCCC1c2ccccc2C=Cc2ccccc21,training,1
COc1ccc2c3c1O[C@H]1C(OC(C)=O)=CC[C@@H]4[C@@H](C2)N(C)CC[C@@]341,training,1
CN1CC[C@]23c4c5ccc(O)c4O[C@H]2C(=O)CC[C@H]3[C@H]1C5,training,1
CC[C@H]1CN2CCc3cc(OC)c(OC)cc3[C@@H]2C[C@@H]1C[C@H]1NCCc2cc(OC)c(OC)cc21,training,1
CC[C@]1(O)C[C@@H]2CN(CCc3c([nH]c4ccccc34)[C@@](C(=O)OC)(c3cc4c(cc3OC)N(C)[C@H]3[C@@](O)(C(=O)OC)[C@H](OC(C)=O)[C@]5(CC)C=CCN6CC[C@]43[C@@H]65)C2)C1,training,1
CN(C)CCC=C1c2ccccc2COc2ccccc21,training,1
N=C(N)NC[C@H]1COc2ccccc2O1,training,1
CCC1C2CC3C4N(C)c5ccccc5C45CC(C2C5O)N3C1O,training,1
CN1CCCC[C@H]1CCN1c2ccccc2Sc2ccc(S(C)=O)cc21,training,1
Nc1ccn([C@H]2CC[C@@H](CO)O2)c(=O)n1,training,1
CO[C@H]1C=CO[C@@]2(C)Oc3c(C)c(O)c4c(O)c(c(C=NN5CCN(C)CC5)c(O)c4c3C2=O)NC(=O)C(C)=CC=C[C@H](C)[C@H](O)[C@@H](C)[C@@H](O)[C@@H](C)[C@H](OC(C)=O)[C@@H]1C,training,1
CC1=C(C(=O)O)N2C(=O)[C@@H](NC(=O)[C@H](N)c3ccccc3)[C@H]2SC1,training,1
CN1CCCN=C1C=Cc1cccs1,training,1
CN(CCCN1c2ccccc2CCc2ccccc21)CC(=O)c1ccc(Cl)cc1,training,1
CN1CCN2c3ccccc3Cc3ccccc3[C@H]2C1,training,1
CO[C@]12C[C@@H](COC(=O)c3cncc(Br)c3)CN(C)[C@@H]1Cc1cn(C)c3cccc2c13,training,1
NCCCC(=O)O,training,1
CC(=O)c1cc2cccc(OC[C@H](O)CNC(C)C)c2o1,training,1
COc1ccc(C[C@H](C)NC[C@@H](O)c2ccc(O)c(NC=O)c2)cc1,training,1
CC(C)(C)c1ccc([C@@H](O)CCCN2CCC(C(O)(c3ccccc3)c3ccccc3)CC2)cc1,training,1
COc1cc(NS(C)(=O)=O)ccc1Nc1c2ccccc2nc2ccccc12,training,1
Fc1ccc(C(c2ccc(F)cc2)N2CCN(CC=Cc3ccccc3)CC2)cc1,training,1
CO[C@@]12CC[C@]3(C[C@H]1[C@](C)(O)C(C)(C)C)[C@@H]1Cc4ccc(O)c5c4[C@]3(CCN1CC1CC1)[C@@H]2O5,training,1
OCCN1CCN(CCC=C2c3ccccc3Sc3ccc(Cl)cc32)CC1,training,1
CCCNC[C@@H](O)COc1ccccc1C(=O)CCc1ccccc1,training,1
O=C(NC[C@@H]1CCCCN1)c1cc(OCC(F)(F)F)ccc1OCC(F)(F)F,training,1
COC(=O)C1=C(C)NC(C)=C(C(=O)OCCN(C)Cc2ccccc2)[C@@H]1c1cccc([N+](=O)[O-])c1,training,1
CC(=O)[C@]1(O)Cc2c(O)c3c(c(O)c2[C@@H](O[C@H]2C[C@H](N)[C@H](O)[C@H](C)O2)C1)C(=O)c1ccccc1C3=O,training,1
Cc1ccnc(NC(=O)[C@H](C)c2cccc(C(=O)c3ccccc3)c2)c1,training,1
CNC(=C[N+](=O)[O-])NCCSCc1ccc(CN(C)C)o1,training,1
COc1ccc(C(=O)Nc2ccccc2[C@H](C)CN2CCCCC2)cc1,training,1
CO[C@@H]1O[C@@H]2O[C@@]3(C)CC[C@H]4[C@H](C)CC[C@@H]([C@H]1C)[C@]42OO3,training,1
COc1ccccc1OCCNC[C@@H](O)COc1cccc2[nH]c3ccccc3c12,training,1
COc1cc2nc(N3CCN(C(=O)[C@@H]4COc5ccccc5O4)CC3)nc(N)c2cc1OC,training,1
CN1C2CCC1CC(OC(=O)c1c[nH]c3ccccc13)C2,training,1
CC(C)n1c(C=C[C@H](O)C[C@H](O)CC(=O)O)c(-c2ccc(F)cc2)c2ccccc21,training,1
CC(C)C1CCC(C(=O)N[C@@H](Cc2ccccc2)C(=O)O)CC1,training,1
CC(C)(C)NC(=O)[C@@H]1C[C@H]2CCCC[C@@H]2CN1C[C@@H](O)[C@H](Cc1ccccc1)NC(=O)[C@H](CC(N)=O)NC(=O)c1ccc2ccccc2n1,training,1
C[N+]1(C)[C@H]2CC(OC(=O)C(O)(c3cccs3)c3cccs3)C[C@@H]1[C@H]1O[C@@H]21,training,1
CN1CCC[C@@H]1Cc1c[nH]c2ccc(CCS(=O)(=O)c3ccccc3)cc12,training,1
CN(C)CC(c1ccc(O)cc1)C1(O)CCCCC1,training,1
CNCC[C@H](Oc1cccc2ccccc12)c1cccs1,training,1
Cc1cc(C)cc(OCC2CNC(=O)O2)c1,training,1
Nc1nc(NC2CC2)c2ncn([C@H]3C=C[C@@H](CO)C3)c2n1,training,0
COCc1c(C(=O)OC(C)C)ncc2[nH]c3ccc(OCc4ccccc4)cc3c12,training,0
C[C@]12CC[C@H]3[C@@H](CC=C4C[C@@H](O)CC[C@@]43C)[C@@H]1CC=C2c1cccnc1,training,0
O=C(O)COC(=O)Cc1ccccc1Nc1c(Cl)cccc1Cl,training,0
CC(=O)C[C@@H](c1ccc([N+](=O)[O-])cc1)c1c(O)c2ccccc2oc1=O,training,0
CC(=O)Nc1nnc(S(N)(=O)=O)s1,training,0
CC(C)=O,training,0
CN(C)Cc1nnc2n1-c1ccc(Cl)cc1C(c1ccccc1)=NC2,training,0
CCC(=O)N(c1ccccc1)C1(COC)CCN(CCn2nnn(CC)c2=O)CC1,training,0
Cc1[nH]cnc1CN1CCc2c(c3ccccc3n2C)C1=O,training,0
CCCN(CCC)C(=O)Cc1c(-c2ccc(Cl)cc2)nc2ccc(Cl)cn12,training,0
Cc1nnc2n1-c1ccc(Cl)cc1C(c1ccccc1)=NC2,training,0
Nc1c(Br)cc(Br)cc1CNC1CCC(O)CC1,training,0
CC[C@]1(c2ccc(N)cc2)CCC(=O)NC1=O,training,0
CNn1cc(C(=O)O)c(=O)c2cc(F)c(N3CCN(C)CC3)cc21,training,0
CC(C)(C#N)c1cc(Cn2cncn2)cc(C(C)(C)C#N)c1,training,0
O=C1c2ccccc2C(=O)c2ccccc21,training,0
CCC[C@H]1C(=O)N2C(N(C)C)=Nc3ccc(C)cc3N2C1=O,training,0
CN1CCc2cccc3c2[C@@H]1Cc1ccc(O)c(O)c1-3,training,0
C[C@@H](O[C@H]1OCCN(Cc2n[nH]c(=O)[nH]2)[C@H]1c1ccc(F)cc1)c1cc(C(F)(F)F)cc(C(F)(F)F)c1,training,0
C[C@@H]1CC[C@H]2[C@@H](C)[C@@H](OC(=O)CCC(=O)O)O[C@@H]3O[C@@]4(C)CC[C@@H]1[C@@]23OO4,training,0
CC1=CC(=O)C=C2CC[C@H]3[C@@H]4CCC(=O)[C@@]4(C)CC[C@@H]3[C@@]12C,training,0
COC(=O)N[C@H](C(=O)N[C@@H](Cc1ccccc1)[C@H](O)CN(Cc1ccc(-c2ccccn2)cc1)NC(=O)[C@H](NC(=O)OC)C(C)(C)C)C(C)(C)C,training,0
CC(C)c1c(C(=O)Nc2ccccc2)c(-c2ccccc2)c(-c2ccc(F)cc2)n1CC[C@@H](O)C[C@@H](O)CC(=O)O,training,0
O=C1C(=O)c2ccccc2C(O)=C1C1CCC(c2ccc(Cl)cc2)CC1,training,0
CC(C)c1cc(C(C)C)c(CC(=O)NS(=O)(=O)Oc2c(C(C)C)cccc2C(C)C)c(C(C)C)c1,training,0
OC(c1ccccc1)(c1ccccc1)C1CCNCC1,training,0
CC[C@]1(C)C[C@@H](OC(=O)CSc2n[nH]c(N)n2)[C@]2(C)[C@@H](C)CC[C@]3(CCC(=O)[C@H]32)[C@@H](C)[C@@H]1O,training,0
CN1CCC(=C2c3ccccc3CCc3cccnc32)CC1,training,0
CN1CCN(CCCCN2C(=O)CN(/N=C\c3ccc(-c4ccc(Cl)cc4)o3)C2=O)CC1,training,0
CC[C@H]1OC(=O)[C@H](C)[C@@H](O[C@H]2C[C@@](C)(OC)[C@@H](O)[C@H](C)O2)[C@H](C)[C@@H](O[C@@H]2O[C@H](C)C[C@H](N(C)C)[C@H]2O)[C@](C)(O)C[C@@H](C)CN(C)[C@H](C)[C@@H](O)[C@]1(C)O,training,0
C[C@H]1C[C@H]2[C@@H]3CCC4=CC(=O)C=C[C@]4(C)[C@@]3(Cl)[C@@H](O)C[C@]2(C)[C@@]1(O)C(=O)CO,training,0
COC(=O)C1=C(C)NC(C)=C(C(=O)O[C@@H]2CCCN(Cc3ccccc3)C2)[C@@H]1c1cccc([N+](=O)[O-])c1,training,0
C[C@H]1C[C@H]2[C@@H]3CCC4=CC(=O)C=C[C@]4(C)[C@@]3(F)[C@@H](O)C[C@]2(C)[C@@]1(O)C(=O)CO,training,0
C=C(c1ccc(C(=O)O)cc1)c1cc2c(cc1C)C(C)(C)CCC2(C)C,training,0
CC(C)(Oc1ccc(CCNC(=O)c2ccc(Cl)cc2)cc1)C(=O)O,training,0
CC[C@@H](c1ccc(O)c(F)c1)[C@H](C)c1ccc(O)c(F)c1,training,0
c1ccc(-c2ccc([C@@H](c3ccccc3)n3ccnc3)cc2)cc1,training,0
CCc1oc2ccccc2c1C(=O)c1cc(Br)c(O)c(Br)c1,training,0
C[C@]12C=CC(=O)C=C1CC[C@@H]1[C@@H]2CC[C@]2(C)[C@@H](O)CC[C@@H]12,training,0
COc1ccccc1Oc1c(NS(=O)(=O)c2ccc(C(C)(C)C)cc2)nc(-c2ncccn2)nc1OCCO,training,0
CCN[C@H]1CN(CCCOC)S(=O)(=O)c2sc(S(N)(=O)=O)cc21,training,0
O=C1CN=C(c2ccccn2)c2cc(Br)ccc2N1,training,0
CC(C)C[C@H]1C(=O)N2CCC[C@H]2[C@]2(O)O[C@](NC(=O)[C@@H]3C=C4c5cccc6[nH]c(Br)c(c56)C[C@H]4N(C)C3)(C(C)C)C(=O)N12,training,0
Nc1nc(=O)c(Br)c(-c2ccccc2)[nH]1,training,0
Cc1nnc2n1-c1sc(Br)cc1C(c1ccccc1Cl)=NC2,training,0
CCC[C@H]1O[C@@H]2C[C@H]3[C@@H]4CCC5=CC(=O)C=C[C@]5(C)[C@H]4[C@@H](O)C[C@]3(C)[C@]2(C(=O)CO)O1,training,0
CC(C)(C)N1CCC(c2ccccc2)(c2ccccc2)CC1,training,0
CS(=O)(=O)OCCCCOS(C)(=O)=O,training,0
CCOc1nc2cccc(C(=O)O)c2n1Cc1ccc(-c2ccccc2-c2nnn[nH]2)cc1,training,0
CCOC(=O)n1ccn(C)c1=S,training,0
CCC[C@@](C)(COC(N)=O)COC(=O)NC(C)C,training,0
COCc1c(C(C)C)nc(C(C)C)c(/C=C\[C@@H](O)C[C@@H](O)CC(=O)O)c1-c1ccc(F)cc1,training,0
OC(O)C(Cl)(Cl)Cl,training,0
C=C1CC[C@H](O)C/C1=C/C=C1\CCC[C@@]2(C)[C@H]1CC[C@@H]2[C@H](C)CCCC(C)C,training,0
COCCOC(=O)C1=C(C)NC(C)=C(C(=O)OC/C=C/c2ccccc2)[C@H]1c1cccc([N+](=O)[O-])c1,training,0
O=C(O)c1cn(C2CC2)c2cc(N3CCNCC3)c(F)cc2c1=O,training,0
CC(C)(Oc1ccc([C@@H]2CC2(Cl)Cl)cc1)C(=O)O,training,0
CN1CCC[C@@H]1CCO[C@](C)(c1ccccc1)c1ccc(Cl)cc1,training,0
CCC[C@@H]1C[C@H](C(=O)N[C@H]([C@H](C)Cl)[C@H]2O[C@H](SC)[C@H](O)[C@@H](O)[C@H]2O)N(C)C1,training,0
CC(C)/N=c1/cc2n(-c3ccc(Cl)cc3)c3ccccc3nc-2cc1Nc1ccc(Cl)cc1,training,0
Cc1ncsc1CCCl,training,0
Clc1ccccc1C(c1ccccc1)(c1ccccc1)n1ccnc1,training,0
COC(=O)[C@H]1[C@@H](OC(=O)c2ccccc2)C[C@@H]2CC[C@H]1N2C,training,0
COc1cc2c(c(OC)c1OC)-c1ccc(OC)c(=O)cc1[C@@H](NC(C)=O)CC2,training,0
C[C@]12C[C@H](O)[C@H]3[C@@H](CCC4=CC(=O)CC[C@@]43C)[C@@H]1CC[C@@H]2C(=O)CO,training,0
C[C@]12CC(=O)[C@H]3[C@@H](CCC4=CC(=O)CC[C@@]43C)[C@@H]1CC[C@]2(O)C(=O)CO,training,0
CC(=O)[C@@]1(O)CC[C@H]2[C@@H]3C=C(Cl)C4=CC(=O)[C@@H]5C[C@@H]5[C@]4(C)[C@H]3CC[C@@]21C,training,0
CCN(CC)CCS(=O)(=O)[C@@H]1CCN2C(=O)c3coc(n3)CC(=O)C[C@H](O)C=C(C)C=CCNC(=O)C=C[C@@H](C)[C@@H](C(C)C)OC(=O)[C@@H]12,training,0
C#C[C@]1(O)CC[C@H]2[C@@H]3CCC4=Cc5oncc5C[C@]4(C)[C@H]3CC[C@@]21C,training,0
O=C1CN(/N=C\c2ccc(-c3ccc([N+](=O)[O-])cc3)o2)C(=O)N1,training,0
COc1cccc2c1C(=O)c1c(O)c3c(c(O)c1C2=O)C[C@@](O)(C(C)=O)C[C@@H]3O[C@H]1C[C@H](N)[C@H](O)[C@H](C)O1,training,0
O=C(O)c1ccc(OCCn2ccnc2)cc1,training,0
CCOC(=O)[C@H](CCc1ccccc1)N[C@@H](C)C(=O)N(CC(=O)O)C1Cc2ccccc2C1,training,0
Clc1ccc2c(c1)CCc1cccnc1C2=C1CCNCC1,training,0
C#C[C@]1(O)CC[C@H]2[C@@H]3CCC4=CCCC[C@@H]4[C@H]3C(=C)C[C@@]21CC,training,0
C[C@@H]1C[C@H]2[C@@H]3CCC4=CC(=O)C=C[C@]4(C)[C@@]3(F)[C@@H](O)C[C@]2(C)[C@@]1(O)C(=O)CO,training,0
Cc1cccc([C@H](C)c2c[nH]cn2)c1C,training,0
ClC1=C(Cl)[C@]2(Cl)[C@@H]3[C@@H]4C[C@H]([C@@H]3[C@@]1(Cl)C2(Cl)Cl)[C@H]1O[C@@H]41,training,0
CCN(CC)C(=O)N1CCN(C)CC1,training,0
CC/C(=C(\CC)c1ccc(O)cc1)c1ccc(O)cc1,training,0
CN1CCN(c2cc3c(cc2F)c(=O)c(C(=O)O)cn3-c2ccc(F)cc2)CC1,training,0
C[C@H]1O[C@@H](O[C@H]2[C@@H](O)C[C@H](O[C@H]3[C@@H](O)C[C@H](O[C@H]4CC[C@]5(C)[C@H]6CC[C@]7(C)[C@@H](C8=CC(=O)OC8)CC[C@]7(O)[C@@H]6CC[C@@H]5C4)O[C@@H]3C)O[C@@H]2C)C[C@H](O)[C@@H]1O,training,0
C[C@H]1O[C@@H](O[C@H]2[C@@H](O)C[C@H](O[C@H]3[C@@H](O)C[C@H](O[C@H]4CC[C@]5(C)[C@H]6C[C@@H](O)[C@]7(C)[C@@H](C8=CC(=O)OC8)CC[C@]7(O)[C@@H]6CC[C@@H]5C4)O[C@@H]3C)O[C@@H]2C)C[C@H](O)[C@@H]1O,training,0
NNc1nnc(NN)c2ccccc12,training,0
CN1C[C@H](C(=O)N[C@]2(C)O[C@@]3(O)[C@@H]4CCCN4C(=O)[C@H](Cc4ccccc4)N3C2=O)C[C@@H]2c3cccc4[nH]cc(c34)C[C@H]21,training,0
COc1ccc(-c2cc(=O)c3c(O)cc(O[C@@H]4O[C@H](CO[C@@H]5O[C@@H](C)[C@H](O)[C@@H](O)[C@H]5O)[C@@H](O)[C@H](O)[C@H]4O)cc3o2)cc1O,training,0
CS(C)=O,training,0
CN(CCOc1ccc(NS(C)(=O)=O)cc1)CCc1ccc(NS(C)(=O)=O)cc1,training,0
CCN[C@H]1C[C@H](C)S(=O)(=O)c2sc(S(N)(=O)=O)cc21,training,0
C[C@H]1c2cccc(O)c2C(=O)C2=C(O)[C@]3(O)C(=O)C(C(N)=O)=C(O)[C@@H](N(C)C)[C@@H]3[C@@H](O)[C@@H]21,training,0
C[C@]12CC[C@H]3[C@H]([C@@H]1[C@@H]1C[C@@H]1[C@@]21CCC(=O)O1)[C@H]1C[C@H]1C1=CC(=O)CC[C@@]13C,training,0
C[C@]12CC[C@H]3[C@@H](CC[C@H]4NC(=O)C=C[C@]34C)[C@@H]1CC[C@@H]2C(=O)Nc1cc(C(F)(F)F)ccc1C(F)(F)F,training,0
CC(C)(C)c1ccc(C(=O)CCCN2CCC(OC(c3ccccc3)c3ccccc3)CC2)cc1,training,0
Clc1ccc(CO[C@@H](Cn2ccnc2)c2ccc(Cl)cc2Cl)cc1,training,0
O=C1Nc2ccc(Cl)cc2[C@@](C#CC2CC2)(C(F)(F)F)O1,training,0
CC1=C(C(=O)OCCN(Cc2ccccc2)c2ccccc2)[C@H](c2cccc([N+](=O)[O-])c2)C(P2(=O)OCC(C)(C)CO2)=C(C)N1,training,0
CCOCCn1c(N2CCCN(C)CC2)nc2ccccc21,training,0
CCOCn1c(Cc2ccccc2)c(C(C)C)c(=O)[nH]c1=O,training,0
CCOC(=O)[C@H](CCc1ccccc1)N[C@@H](C)C(=O)N1CCC[C@H]1C(=O)O,training,0
FC(F)OC(F)(F)[C@@H](F)Cl,training,0
COC(=O)[C@@H]1CC2=CC(=O)CC[C@]2(C)[C@@]23O[C@@H]2C[C@@]2(C)[C@@H](CC[C@@]24CCC(=O)O4)[C@H]13,training,0
CCCCc1ncc(/C=C(/Cc2cccs2)C(=O)O)n1Cc1ccc(C(=O)O)cc1,training,0
CN1C[C@H](C(=O)N[C@]2(C)O[C@@]3(O)[C@@H]4CCCN4C(=O)[C@H](Cc4ccccc4)N3C2=O)C=C2c3cccc4[nH]cc(c34)C[C@H]21,training,0
CC[C@H]1OC(=O)[C@H](C)[C@@H](O[C@H]2C[C@@](C)(OC)[C@@H](O)[C@H](C)O2)[C@H](C)[C@@H](O[C@@H]2O[C@H](C)C[C@H](N(C)C)[C@H]2O)[C@](C)(O)C[C@@H](C)C(=O)[C@H](C)[C@@H](O)[C@]1(C)O,training,0
C#C[C@]1(O)CC[C@H]2[C@@H]3CCc4cc(O)ccc4[C@H]3CC[C@@]21C,training,0
CCN1C(=O)N[C@H](c2ccccc2)C1=O,training,0
CCOC(=O)c1cncn1[C@H](C)c1ccccc1,training,0
C#C[C@]1(O)CC[C@H]2[C@@H]3CCC4=CC(=O)CC[C@@H]4[C@H]3C(=C)C[C@@]21CC,training,0
COc1cc([C@@H]2c3cc4c(cc3[C@@H](O[C@@H]3O[C@@H]5CO[C@@H](C)O[C@H]5[C@H](O)[C@H]3O)[C@H]3COC(=O)[C@H]23)OCO4)cc(OC)c1O,training,0
C=C1C[C@@H]2[C@H](CC[C@]3(C)C(=O)CC[C@@H]23)[C@@]2(C)C=CC(=O)C=C12,training,0
N#Cc1ccc([C@H]2CCCc3cncn32)cc1,training,0
NC(N)=Nc1nc(CSCC/C(N)=N\S(N)(=O)=O)cs1,training,0
CC(C)OC(=O)C(C)(C)Oc1ccc(C(=O)c2ccc(Cl)cc2)cc1,training,0
CCC(=O)N(c1ccccc1)C1CCN(CCc2ccccc2)CC1,training,0
CC(C)(C(=O)O)c1ccc([C@@H](O)CCCN2CCC(C(O)(c3ccccc3)c3ccccc3)CC2)cc1,training,0
CC(C)(C)NC(=O)[C@H]1CC[C@H]2[C@@H]3CC[C@H]4NC(=O)C=C[C@]4(C)[C@H]3CC[C@]12C,training,0
Cn1cc(S(C)=O)c(=O)c2ccc(F)cc21,training,0
Cc1onc(-c2c(F)cccc2Cl)c1C(=O)N[C@@H]1C(=O)N2[C@@H](C(=O)O)C(C)(C)S[C@H]12,training,0
O=C(O)c1ccccc1Nc1cccc(C(F)(F)F)c1,training,0
Fc1cccc2c1O[C@H]1CNC[C@@H]1O2,training,0
O=c1[nH]cc(F)c(=O)[nH]1,training,0
C[C@@H](C(=O)O)c1ccc(-c2ccccc2)c(F)c1,training,0
CCC(=O)O[C@]1(C(=O)SCF)[C@H](C)C[C@H]2[C@@H]3C[C@H](F)C4=CC(=O)C=C[C@]4(C)[C@@]3(F)[C@@H](O)C[C@@]21C,training,0
O=C1NC(c2ccccc2)(c2ccccc2)C(=O)N1COP(=O)(O)O,training,0
Cc1nc2c([nH]1)c(=O)n(C)c(=O)n2Cc1ccco1,training,0
COc1ccc(CCN(C)CCC[C@@](C#N)(c2cc(OC)c(OC)c(OC)c2)C(C)C)cc1OC,training,0
CC(=O)[C@H]1CC[C@H]2[C@@H]3CC[C@H]4C[C@](C)(O)CC[C@]4(C)[C@H]3CC[C@]12C,training,0
COc1c(N2CCN[C@@H](C)C2)c(F)cc2c(=O)c(C(=O)O)cn(C3CC3)c12,training,0
C#C[C@]1(O)C=C[C@H]2[C@@H]3CCC4=CC(=O)CC[C@@H]4[C@H]3CC[C@@]21CC,training,0
CCC1=C(C)CN(C(=O)NCCc2ccc(S(=O)(=O)NC(=O)NC3CCC(C)CC3)cc2)C1=O,training,0
Cc1cnc(C(=O)NCCc2ccc(S(=O)(=O)NC(=O)NC3CCCCC3)cc2)cn1,training,0
COc1ccc(Cl)cc1C(=O)NCCc1ccc(S(=O)(=O)NC(=O)NC2CCCCC2)cc1,training,0
Cc1c(F)c(N2CCN[C@H](C)C2)cc2c1c(=O)c(C(=O)O)cn2C1CC1,training,0
COC1=CC(=O)C[C@@H](C)[C@]12Oc1c(Cl)c(OC)cc(OC)c1C2=O,training,0
NNc1nncc2ccccc12,training,0
CN1C(=O)[C@@](C)(C2=CCCCC2)C(=O)N=C1O,training,0
CC[C@H]1CN2CC[C@H]1C[C@@H]2[C@@H](O)c1ccnc2ccc(OC)cc12,training,0
OCCOCCN1CCN([C@H](c2ccccc2)c2ccc(Cl)cc2)CC1,training,0
CC(C)Cn1cnc2c(N)nc3ccccc3c21,training,0
COc1ccc2c(c1)c(CC(=O)O)c(C)n2C(=O)c1ccc(Cl)cc1,training,0
CC(C)Oc1ccc2c(=O)c(-c3ccccc3)coc2c1,training,0
CCCCC1=NC2(CCCC2)C(=O)N1Cc1ccc(-c2ccccc2-c2nnn[nH]2)cc1,training,0
CCc1c2c(nc3ccc(OC(=O)N4CCC(N5CCCCC5)CC4)cc13)-c1cc3c(c(=O)n1C2)COC(=O)[C@]3(O)CC,training,0
O=C(O)CCCC/C=C(\c1ccccc1)c1cccnc1,training,0
Clc1ccc([C@@H](Cn2ccnc2)OCc2c(Cl)cccc2Cl)c(Cl)c1,training,0
COC(=O)C1=C(C)NC(C)=C(C(=O)OC(C)C)[C@H]1c1cccc2nonc12,training,0
CO[C@@H]1[C@@H](O[C@@H]2O[C@H](C)[C@@H](O[C@H]3C[C@@](C)(O)[C@@H](OC(=O)CC(C)C)[C@H](C)O3)[C@H](N(C)C)[C@H]2O)[C@@H](CC=O)C[C@@H](C)[C@@H](O)C=CC=CC[C@@H](C)OC(=O)C[C@H]1OC(C)=O,training,0
CC(=O)N1CCN(c2ccc(OC[C@H]3CO[C@](Cn4ccnc4)(c4ccc(Cl)cc4Cl)O3)cc2)CC1,training,0
C[C@@H](C(=O)O)c1cccc(C(=O)c2ccccc2)c1,training,0
Cc1oncc1C(=O)Nc1ccc(C(F)(F)F)cc1,training,0
N#Cc1ccc(C(c2ccc(C#N)cc2)n2cncn2)cc1,training,0
C[C@H]1COc2c(N3CCN(C)CC3)c(F)cc3c(=O)c(C(=O)O)cn1c23,training,0
Clc1cccc([C@H](c2ccc3nc[nH]c3c2)n2ccnc2)c1,training,0
CN(C)c1ccc([C@H]2C[C@@]3(C)[C@@H](CC[C@@]3(O)/C=C/CO)[C@@H]3CCC4=CC(=O)CCC4=C32)cc1,training,0
CC(=O)NC[C@H]1CN(c2ccc(N3CCOCC3)c(F)c2)C(=O)O1,training,0
N[C@@H](Cc1cc(I)c(Oc2ccc(O)c(I)c2)c(I)c1)C(=O)O,training,0
c1ccc2cc(COC3CCNCC3)ccc2c1,training,0
Cc1cccc(C)c1OCC(=O)N[C@@H](Cc1ccccc1)[C@@H](O)C[C@H](Cc1ccccc1)NC(=O)[C@H](C(C)C)N1CCCNC1=O,training,0
CCCCc1nc(Cl)c(CO)n1Cc1ccc(-c2ccccc2-c2nnn[nH]2)cc1,training,0
CC[C@H](C)C(=O)O[C@H]1C[C@@H](C)C=C2C=C[C@H](C)[C@H](CC[C@@H]3C[C@@H](O)CC(=O)O3)[C@H]21,training,0
CCOC(=O)C[C@@H](SP(=S)(OC)OC)C(=O)OCC,training,0
COC(=O)Nc1nc2cc(C(=O)c3ccccc3)ccc2[nH]1,training,0
CN1CCN=C(c2ccccc2)c2cc(Cl)ccc21,training,0
CC(=O)[C@@]1(O)CC[C@H]2[C@@H]3C[C@H](C)C4=CC(=O)CC[C@]4(C)[C@H]3CC[C@@]21C,training,0
Cc1cccc(Nc2ccccc2C(=O)O)c1C,training,0
O[C@@H](c1cc(C(F)(F)F)nc2c(C(F)(F)F)cccc12)[C@H]1CCCCN1,training,0
Cc1cnc(NC(=O)C2=C(O)c3ccccc3S(=O)(=O)N2C)s1,training,0
CC[C@]1(c2ccccc2)NC(=O)N(C)C1=O,training,0
COC(=O)[C@H](c1ccccc1)[C@H]1CCCCN1,training,0
CC[C@]1(c2ccccc2)C(=O)NC(=O)N(C)C1=O,training,0
C#C[C@]1(O)CC[C@H]2[C@@H]3CCc4cc(OC)ccc4[C@H]3CC[C@@]21C,training,0
CNC(=O)O/N=C(\C)SC,training,0
COc1c2occc2cc2ccc(=O)oc12,training,0
CC(C)(C(=O)c1cccnc1)c1cccnc1,training,0
CC[C@H](C)C(=O)O[C@H]1CCC=C2C=C[C@H](C)[C@H](CC[C@@H]3C[C@@H](O)CC(=O)O3)[C@H]21,training,0
COCC(=O)O[C@]1(CCN(C)CCCc2nc3ccccc3[nH]2)CCc2cc(F)ccc2[C@@H]1C(C)C,training,0
Clc1ccc(CO[C@@H](Cn2ccnc2)c2ccc(Cl)cc2Cl)c(Cl)c1,training,0
Cc1ncc2n1-c1ccc(Cl)cc1C(c1ccccc1F)=NC2,training,0
CC#C[C@]1(O)CC[C@H]2[C@@H]3CCC4=CC(=O)CCC4=C3[C@@H](c3ccc(N(C)C)cc3)C[C@@]21C,training,0
Nc1cc(N2CCCCC2)nc(N)[n+]1[O-],training,0
O=C1c2c(O)ccc(O)c2C(=O)c2c(NCCNCCO)ccc(NCCNCCO)c21,training,0
CCOC(=O)Nc1ccc2c(c1)N(C(=O)CCN1CCOCC1)c1ccccc1S2,training,0
CCOc1cc(N)c(Cl)cc1C(=O)NC[C@@H]1CN(Cc2ccc(F)cc2)CCO1,training,0
CCOc1ccc2ccccc2c1C(=O)N[C@@H]1C(=O)N2[C@@H](C(=O)O)C(C)(C)S[C@H]12,training,0
CCn1cc(C(=O)O)c(=O)c2ccc(C)nc21,training,0
CC(C)C1CCC(C(=O)N[C@H](Cc2ccccc2)C(=O)O)CC1,training,0
CCc1nn(CCCN2CCN(c3cccc(Cl)c3)CC2)c(=O)n1CCOc1ccccc1,training,0
Cc1cccc(C)c1NC(=O)CN1CCCC1=O,training,0
CC1(C)NC(=O)N(c2ccc([N+](=O)[O-])c(C(F)(F)F)c2)C1=O,training,0
O=[N+]([O-])OCC(CO[N+](=O)[O-])O[N+](=O)[O-],training,0
C#C[C@]1(O)CC[C@H]2[C@@H]3CCC4=CC(=O)CC[C@@H]4[C@H]3CC[C@@]21C,training,0
CCn1cc(C(=O)O)c(=O)c2cc(F)c(N3CCNCC3)cc21,training,0
C#C[C@]1(O)CC[C@H]2[C@@H]3CCC4=CC(=O)CC[C@@H]4[C@H]3CC[C@@]21CC,training,0
CN(C)CC/C=C1\c2ccccc2COc2ccc(CC(=O)O)cc21,training,0
Cc1c(-c2cnccn2)ssc1=S,training,0
CN(C)c1ccc([C@H]2C[C@@]3(C)[C@@H](CC[C@]3(O)CCCO)[C@@H]3CCC4=CC(=O)CCC4=C32)cc1,training,0
NC(=O)N1c2ccccc2CC(=O)c2ccccc21,training,0
Clc1ccc(CO/N=C(\Cn2ccnc2)c2ccc(Cl)cc2Cl)c(Cl)c1,training,0
CCOC(=O)C1=C(C)NC(C)=C(C(=O)OC)[C@@H]1c1cccc2c1OCO2,training,0
C[C@H](CN(C)C)CN1c2ccccc2S(=O)(=O)c2ccccc21,training,0
CC(=O)O[C@H]1C(=O)[C@]2(C)[C@@H](O)C[C@H]3OC[C@@]3(OC(C)=O)[C@H]2[C@H](OC(=O)c2ccccc2)[C@]2(O)C[C@H](OC(=O)[C@H](O)[C@@H](NC(=O)c3ccccc3)c3ccccc3)C(C)=C1C2(C)C,training,0
CCC(=O)NS(=O)(=O)c1ccc(-c2c(-c3ccccc3)noc2C)cc1,training,0
CCn1cc(C(=O)O)c(=O)c2cc(F)c(N3CCN(C)CC3)cc21,training,0
CCCN1C[C@H](CSC)C[C@@H]2c3cccc4[nH]cc(c34)C[C@H]21,training,0
CCC1(c2ccccc2)C(=O)NC(=O)NC1=O,training,0
CC[C@H](c1ccccc1)c1c(O)c2ccccc2oc1=O,training,0
CN1C(=O)C[C@@H](c2ccccc2)C1=O,training,0
CCCCC1C(=O)N(c2ccccc2)N(c2ccccc2)C1=O,training,0
CC[C@@H]1C(=O)OC[C@@H]1Cc1cncn1C,training,0
Cc1cccc(C)c1NC(=O)CC12CCCN1CCC2,training,0
COc1ccc(-c2nc3cc(C4=NNC(=O)C[C@H]4C)ccc3[nH]2)cc1,training,0
O=c1[nH]c2ccccc2n1C1CCN(CCCC(c2ccc(F)cc2)c2ccc(F)cc2)CC1,training,0
CCc1ccc(CCOc2ccc(C[C@@H]3SC(=O)NC3=O)cc2)nc1,training,0
CCn1cc(C(=O)O)c(=O)c2cnc(N3CCNCC3)nc21,training,0
CN1C(C(=O)Nc2ccccn2)=C(O)c2ccccc2S1(=O)=O,training,0
C#CC[C@]12CCC(=O)C=C1CC[C@H]1[C@@H]3CCC(=O)[C@@]3(C)CC[C@@H]12,training,0
C[C@]12CC[C@H]3[C@@H](CC=C4C[C@@H](O)CC[C@@]43C)[C@@H]1CCC2=O,training,0
CC[C@H](C)C(=O)O[C@H]1C[C@H](O)C=C2C=C[C@H](C)[C@H](CC[C@@H](O)C[C@@H](O)CC(=O)O)[C@H]21,training,0
C[C@]12C[C@H](O)[C@H]3[C@@H](CCC4=CC(=O)C=C[C@@]43C)[C@@H]1CC[C@]2(O)C(=O)CO,training,0
C[C@]12CC(=O)[C@H]3[C@@H](CCC4=CC(=O)C=C[C@@]43C)[C@@H]1CC[C@]2(O)C(=O)CO,training,0
CCC1(c2ccccc2)C(=O)NCNC1=O,training,0
CCCO,training,0
CN(C)C(=O)OC1=CC=[C-][N+](C)(Br)C1,training,0
COc1ccc(CN(CCN(C)C)c2ccccn2)cc1,training,0
O=c1c(O)c(-c2ccc(O)c(O)c2)oc2cc(O)cc(O)c12,training,0
CCN(CC)CCC[C@@H](C)Nc1c2ccc(Cl)cc2nc2ccc(OC)cc12,training,0
CCCN1CCC[C@@H]2Cc3nc(N)ncc3C[C@H]21,training,0
COc1ccccc1OC[C@@H](O)CN1CCN(CC(=O)Nc2c(C)cccc2C)CC1,training,0
CCOc1ccccc1O[C@H](c1ccccc1)[C@H]1CNCCO1,training,0
C[C@@](Cc1ccccc1)(NC(=O)CN)c1ccccc1,training,0
CCOc1cc(CC(=O)N[C@@H](CC(C)C)c2ccccc2N2CCCCC2)ccc1C(=O)O,training,0
CCOCc1nc2c(N)nc3ccccc3c2n1CC(C)(C)O,training,0
CC1=C(/C=C\C(C)=C\C=C/C(C)=C\C(=O)O)C(C)(C)CCC1,training,0
CO[C@H]1C=CO[C@@]2(C)Oc3c(C)c(O)c4c(c3C2=O)C2=NC3(CCN(CC(C)C)CC3)NC2=C(NC(=O)C(C)=CC=C[C@H](C)[C@H](O)[C@@H](C)[C@@H](O)[C@@H](C)[C@H](OC(C)=O)[C@@H]1C)C4=O,training,0
CO[C@H]1C=CO[C@@]2(C)Oc3c(C)c(O)c4c(O)c(c(/C=N\N5CCN(C)CC5)c(O)c4c3C2=O)NC(=O)C(C)=CC=C[C@H](C)[C@H](O)[C@@H](C)[C@@H](O)[C@@H](C)[C@H](OC(C)=O)[C@H]1C,training,0
CO[C@H]1C=CO[C@@]2(C)Oc3c(C)c(O)c4c(O)c(cc(O)c4c3C2=O)NC(=O)C(C)=CC=C[C@H](C)[C@H](O)[C@@H](C)[C@@H](O)[C@@H](C)[C@H](OC(C)=O)[C@H]1C,training,0
CO[C@H]1C=CO[C@@]2(C)Oc3c(C)c(O)c4c(O)c(c(/C=N\N5CCN(C6CCCC6)CC5)c(O)c4c3C2=O)NC(=O)C(C)=CC=C[C@H](C)[C@H](O)[C@@H](C)[C@@H](O)[C@@H](C)[C@H](OC(C)=O)[C@H]1C,training,0
Nc1nc2ccc(OC(F)(F)F)cc2s1,training,0
CS(=O)(=O)c1ccc(C2=C(c3ccccc3)C(=O)OC2)cc1,training,0
CC[C@@]1(c2ccncc2)CCC(=O)NC1=O,training,0
CN(C(=O)c1c(O)n(C)c2ccccc2c1=O)c1ccccc1,training,0
Cc1cncc(CN2CCC(=C3c4ccc(Cl)cc4CCc4cccnc43)CC2)c1,training,0
OCc1cc([C@H](O)CNCCCCCCOCCCCc2ccccc2)ccc1O,training,0
C=CCC1([C@@H](C)CCC)C(=O)NC(=O)NC1=O,training,0
CC1=C(C)C(=O)C([C@@H](CCCCCC(=O)O)c2ccccc2)=C(C)C1=O,training,0
CC(C)C[C@H](N(C)C)C1(c2ccc(Cl)cc2)CCC1,training,0
Clc1ccc(CS[C@@H](Cn2ccnc2)c2ccc(Cl)cc2Cl)cc1,training,0
Cc1onc(NS(=O)(=O)c2ccc(N)cc2)c1C,training,0
Nc1ccc(S(=O)(=O)Nc2ncccn2)cc1,training,0
COc1cc(OC)nc(NS(=O)(=O)c2ccc(N)cc2)n1,training,0
COc1ncnc(NS(=O)(=O)c2ccc(N)cc2)c1OC,training,0
O=C1C(CCS(=O)c2ccccc2)C(=O)N(c2ccccc2)N1c1ccccc1,training,0
Cc1ccnc(NS(=O)(=O)c2ccc(N)cc2)n1,training,0
Cc1cc(NS(=O)(=O)c2ccc(N)cc2)no1,training,0
Cc1nnc(NS(=O)(=O)c2ccc(N)cc2)s1,training,0
Nc1ccc(S(=O)(=O)Nc2ccnn2-c2ccccc2)cc1,training,0
Nc1ccc(S(=O)(=O)Nc2ccccn2)cc1,training,0
CC1=C(CC(=O)O)c2cc(F)ccc2/C1=C\c1ccc(S(C)=O)cc1,training,0
CCN1CCC[C@@H]1CNC(=O)c1cc(S(N)(=O)=O)ccc1OC,training,0
C[C@H](C(=O)O)c1cccc(C(=O)c2cccs2)c1,training,0
C=CC[C@@H]1C=C(C)C[C@H](C)C[C@H](OC)[C@@H]2O[C@](O)(C(=O)C(=O)N3CCCC[C@H]3C(=O)O[C@H](/C(C)=C/[C@@H]3CC[C@@H](O)[C@H](OC)C3)[C@H](C)[C@@H](O)CC1=O)[C@H](C)C[C@@H]2OC,training,0
CN1CC(=O)N2[C@H](Cc3c([nH]c4ccccc34)[C@H]2c2ccc3c(c2)OCO3)C1=O,training,0
Cc1nc(C)c2c(n1)N(Cc1ccc(-c3ccccc3-c3nnn[nH]3)cc1)C(=O)CC2,training,0
CCCCOC(=O)C(=O)Nc1cccc(-c2nnn[nH]2)c1,training,0
COc1cc([C@@H]2c3cc4c(cc3[C@@H](O[C@@H]3O[C@@H]5CO[C@@H](c6cccs6)O[C@H]5[C@H](O)[C@H]3O)[C@H]3COC(=O)[C@H]23)OCO4)cc(OC)c1O,training,0
CN1C(C(=O)Nc2ccccn2)=C(O)c2sccc2S1(=O)=O,training,0
C[C@]12CC[C@H]3[C@@H](CCC4=CC(=O)C=C[C@@]43C)[C@@H]1CCC(=O)O2,training,0
CCCCCc1cc(O)c2c(c1)OC(C)(C)[C@@H]1CCC(C)=C[C@@H]21,training,0
CN(C)[C@@H]1C(O)=C(C(N)=O)C(=O)[C@@]2(O)C(O)=C3C(=O)c4c(O)cccc4[C@@](C)(O)[C@H]3C[C@@H]12,training,0
COc1ccccc1Oc1c(NS(=O)(=O)c2ccc(C(C)C)cn2)nc(-c2ccnc(-c3nn[nH]n3)c2)nc1OCCO,training,0
c1ccc2[nH]c(-c3cscn3)nc2c1,training,0
S=P(N1CC1)(N1CC1)N1CC1,training,0
CN1CCN(CC/C=C2\c3ccccc3Sc3ccc(S(=O)(=O)N(C)C)cc32)CC1,training,0
O=C(O)COc1ccc(C(=O)c2cccs2)c(Cl)c1Cl,training,0
Clc1ccc([C@@H](Cn2ccnc2)OCc2ccsc2Cl)c(Cl)c1,training,0
CCC[C@@]1(CCc2ccccc2)CC(=O)C([C@H](CC)c2cccc(NS(=O)(=O)c3ccc(C(F)(F)F)cn3)c2)=C(O)O1,training,0
C[C@@H]1C[C@H]2[C@@H]3CCC4=CC(=O)C=C[C@]4(C)C3=CC[C@]2(C)[C@H]1C(=O)CN1CCN(c2cc(N3CCCC3)nc(N3CCCC3)n2)CC1,training,0
Cc1ccc(C(=O)c2cc(O)c(O)c([N+](=O)[O-])c2)cc1,training,0
CC1(C)O[C@@H]2CO[C@@]3(COS(N)(=O)=O)OC(C)(C)O[C@H]3[C@@H]2O1,training,0
CN(C)CCOc1ccc(/C(=C(\CCCl)c2ccccc2)c2ccccc2)cc1,training,0
Cc1cccc(Nc2ccncc2S(=O)(=O)NC(=O)NC(C)C)c1,training,0
N[C@@H]1C[C@H]1c1ccccc1,training,0
Cc1nnc2n1-c1ccc(Cl)cc1C(c1ccccc1Cl)=NC2,training,0
ClC=C(Cl)Cl,training,0
CN1C(=O)OC(C)(C)C1=O,training,0
COc1ccc(CN2CCNCC2)c(OC)c1OC,training,0
COc1cc(Cc2cnc(N)nc2N)cc(OC)c1OC,training,0
Cc1ccc(/C(=C/CN2CCCC2)c2ccccn2)cc1,training,0
O=P1(N(CCCl)CCCl)OCCCN1CCCl,training,0
CO[C@H]1C[C@H](O[C@@H]2[C@@H](C)C(=O)O[C@H](C)[C@H](C)[C@H](OC(C)=O)[C@@H](C)C(=O)[C@@]3(CO3)C[C@H](C)[C@H](O[C@@H]3O[C@H](C)C[C@H](N(C)C)[C@H]3OC(C)=O)[C@H]2C)O[C@@H](C)[C@@H]1OC(C)=O,training,0
O=C(OC1C[C-]2CC[C-](C1)[N+2]21(Cl)[C-2]CC[C-2]1)C(O)(c1ccccc1)c1ccccc1,training,0
CCCC(CCC)C(=O)O,training,0
CCCCC(=O)N(Cc1ccc(-c2ccccc2-c2nnn[nH]2)cc1)[C@H](C(=O)O)C(C)C,training,0
COc1ccc(C(=O)N2CCN(c3ccc4c(c3)CCC(=O)N4)CC2)cc1OC,training,0
CC[C@]1(O)C[C@H]2CN(CCc3c([nH]c4ccccc34)[C@@](C(=O)OC)(c3cc4c(cc3OC)N(C)[C@H]3[C@@](O)(C(=O)OC)[C@H](OC(C)=O)[C@]5(CC)C=CCN6CC[C@]43[C@@H]65)C2)C1,training,0
CC[C@]1(O)C[C@H]2CN(CCc3c([nH]c4ccccc34)[C@@](C(=O)OC)(c3cc4c(cc3OC)N(C=O)[C@H]3[C@@](O)(C(=O)OC)[C@H](OC(C)=O)[C@]5(CC)C=CCN6CC[C@]43[C@@H]65)C2)C1,training,0
C[C@@H](c1ncncc1F)[C@](O)(Cn1cncn1)c1ccc(F)cc1F,training,0
CCN(C(C)=O)c1cccc(C2=[N+]3[N-]CC(C#N)=C3NC=C2)c1,training,0
C[C@@H](C(=O)O)c1ccc2c(c1)CC(=O)c1ccccc1S2,training,0
CN1[C@H]2CC[C@@H]1CC(NC(=O)c1cc(Cl)cc3c1OC(C)(C)C3)C2,training,0
Cc1cn([C@H]2C[C@H](N=[N+][N-])[C@@H](CO)O2)c(=O)[nH]c1=O,training,0
C[C@@H](c1cc2ccccc2s1)N(O)C(N)=O,training,0
CN(C)CCc1c[nH]c2ccc(C[C@H]3COC(=O)N3)cc12,training,0
NS(=O)(=O)Cc1noc2ccccc12,training,0
Nc1nc2cc(Cl)ccc2o1,training,0
COc1cc(Br)c2oc(C3CCNCC3)cc2c1,training,1
O=C(CCCN1CCC(O)(c2ccc(Br)cc2)CC1)c1ccc(F)cc1,training,1
CCc1cccc2cc([C@H](O)CNC(C)(C)C)oc12,training,1
Cc1ccc(-c2cc(C(F)(F)F)nn2-c2ccc(S(N)(=O)=O)cc2)cc1,training,1
CN(C)CCCN1c2ccccc2CCc2ccc(Cl)cc21,training,1
NC1=NC[C@@H]2c3ccccc3Cc3ccccc3N12,training,1
COc1ccc(C(C)C)cc1CN[C@H]1C2CCN(CC2)[C@H]1C(c1ccccc1)c1ccccc1,training,1
CN1CCN(C2=Nc3cc(F)ccc3Cc3ccccc32)CC1,training,1
CC(C)(C)NC(=O)[C@@H]1CN(Cc2cccnc2)CCN1C[C@@H](O)C[C@@H](Cc1ccccc1)C(=O)N[C@H]1c2ccccc2C[C@H]1O,training,1
CN[C@@]1(c2ccccc2Cl)CCCCC1=O,training,1
CCOC(=O)C1(c2ccccc2)CCN(C)CC1,training,1
C1CCC(C(C[C@H]2CCCCN2)C2CCCCC2)CC1,training,1
CN/C(=C\[N+](=O)[O-])NCCSCc1ccc(CN(C)C)o1,training,1
CN[C@H]1CC[C@@H](c2ccc(Cl)c(Cl)c2)c2ccccc21,training,1
CC/C(=C(/c1ccccc1)c1ccc(OCCN(C)C)cc1)c1ccccc1,training,1
COc1cccc([C@@]2(O)CCCC[C@@H]2CN(C)C)c1,training,1
c1cnc(N2CCNCC2)nc1,training,1
COc1cc(/C=C/C(=O)CC(=O)/C=C/c2ccc(O)c(OC)c2)ccc1O,training,1
CC1=CC[C@@H]2[C@H](C1)C2(C)C,training,1
COc1ccc2c3c([nH]c2c1)C(C)=NCC3,training,1
CC[C@@H]1C[C@H]2C[C@@H]3c4[nH]c5ccc(OC)cc5c4CCN(C2)[C@@H]31,training,1
CCCN1CCC[C@@H](c2cccc(S(C)(=O)=O)c2)C1,training,1
CCN(CC)C(=O)SC,training,1
CN1C(=O)CC(=O)N(c2ccccc2)c2cc(Cl)ccc21,training,1
CCOP(=S)(OCC)Oc1cc(C)nc(C(C)C)n1,training,1
CCC(=C(c1ccccc1)c1ccc(OCCN(C)C)cc1)c1ccccc1,training,1
CN(C)CCC[C@]1(c2ccc(F)cc2)OCc2cc(C#N)ccc21,training,1
COc1cc2c(cc1O)CCN[C@]21CS[C@@H]2c3c(OC(C)=O)c(C)c4c(c3[C@H](COC1=O)N1[C@@H](O)[C@@H]3Cc5cc(C)c(OC)c(O)c5[C@H]([C@H]21)N3C)OCO4,training,1
O=C1c2cccc3c2[C@H](CCC3)CN1[C@@H]1CN2CCC1CC2,training,1
O[C@@](CCN1CCCCC1)(c1ccccc1)[C@@H]1C[C@@H]2C=C[C@H]1C2,training,0
CC(C)c1nc(COC(N)=O)n(Cc2ccncc2)c1Sc1cc(Cl)cc(Cl)c1,training,0
C[C@H](CCC(=O)O)[C@H]1CC[C@H]2[C@H]3[C@H](CC[C@@]21C)[C@@]1(C)CC[C@@H](O)C[C@@H]1C[C@H]3O,training,0
CN1C(=O)CC[C@H]1c1cccnc1,training,0
O=c1oc2ccccc2c(O)c1Cc1c(O)c2ccccc2oc1=O,training,0
CNC(=O)c1cccc(NCC(=O)NCCc2ccc(OC)c(OC)c2)c1,training,0
C[C@H](CO)NC(=O)[C@@H]1C=C2c3cccc4[nH]cc(c34)C[C@H]2N(C)C1,training,0
CC[C@]1(C)CC(=O)NC1=O,training,0
OC(Cn1cncn1)(Cn1cncn1)c1ccc(F)cc1F,training,0
CC[C@H]1OC(=O)[C@H](C)[C@@H](O[C@H]2C[C@@](C)(OC)[C@@H](O)[C@H](C)O2)[C@H](C)[C@@H](O[C@@H]2O[C@H](C)C[C@H](N(C)C)[C@H]2O)[C@](C)(O)C[C@](C)(F)C(=O)[C@H](C)[C@@H](O)[C@]1(C)O,training,0
CN[C@@H]1CCc2[nH]c3ccc(C(N)=O)cc3c2C1,training,0
O=P1(NCCCl)OCCCN1CCCl,training,0
FC(F)O[C@@H](Cl)C(F)(F)F,training,0
CC[C@H](C)n1ncn(-c2ccc(N3CCN(c4ccc(OC[C@H]5CO[C@](Cn6cncn6)(c6ccc(Cl)cc6Cl)O5)cc4)CC3)cc2)c1=O,training,0
COC(=O)C1=C(C)NC(C)=C(C(=O)OC(C)(C)CN(C)CCC(c2ccccc2)c2ccccc2)[C@H]1c1cccc([N+](=O)[O-])c1,training,0
CCn1cc(C(=O)O)c(=O)c2cc(F)c(N3CCN[C@H](C)C3)c(F)c21,training,0
CN1C(C(=O)Nc2ccccn2)=C(O)c2sc(Cl)cc2S1(=O)=O,training,0
C[C@H]1C[C@H]2[C@@H]3CC[C@](O)(C(=O)CO)[C@@]3(C)C[C@H](O)[C@@H]2[C@@]2(C)C=CC(=O)C=C12,training,0
C[C@@H]1CO[C@]2(c3ccccc3Cl)c3cc(Cl)ccc3NC(=O)CN12,training,0
O=C(N[C@H]1CCS[C@H]2CCC[C@@H](C(=O)O)N2C1=O)[C@@H](S)Cc1ccccc1,training,0
CC(C)NC[C@@H]1CCc2cc(CO)c([N+](=O)[O-])cc2N1,training,0
CCC[C@@H](C)C1(CC)C(=O)NC(=O)NC1=O,training,0
c1ccc(C2(N3CCCCC3)CCCCC2)cc1,training,0
CCCN[C@H]1CCc2nc(N)sc2C1,training,0
CCC(=O)O[C@](Cc1ccccc1)(c1ccccc1)[C@H](C)CN(C)C,training,0
C=C[C@H]1CN2CC[C@H]1C[C@@H]2[C@H](O)c1ccnc2ccc(OC)cc12,training,0
O=C(N[C@H](Cc1cc(=O)[nH]c2ccccc12)C(=O)O)c1ccc(Cl)cc1,training,0
CC(=O)S[C@@H]1CC2=CC(=O)CC[C@]2(C)[C@H]2CC[C@@]3(C)[C@@H](CC[C@@]34CCC(=O)O4)[C@@H]21,training,0
O=C(O)c1cc(/N=N\c2ccc(S(=O)(=O)Nc3ccccn3)cc2)ccc1O,training,0
COc1cc(NCc2ccc3nc(N)nc(N)c3c2C)cc(OC)c1OC,training,0
CC[C@]1(O)C[C@H]2CN(CCc3c([nH]c4ccccc34)[C@@](C(=O)OC)(c3cc4c(cc3OC)N(C)[C@H]3[C@@](O)(C(N)=O)[C@H](O)[C@]5(CC)C=CCN6CC[C@]43[C@@H]65)C2)C1,training,0
Cn1nnc2ccc([C@H](c3ccc(Cl)cc3)n3cncn3)cc21,training,0
COc1cc(C(=O)NS(=O)(=O)c2ccccc2C)ccc1Cc1cn(C)c2ccc(NC(=O)OC3CCCC3)cc12,training,0
CN(C)CCCOc1nn(Cc2ccccc2)c2ccccc12,training,1
O=C1CC2(CCCC2)CC(=O)N1CCCCN1CCN(c2ncccn2)CC1,training,1
ClC(Cl)Cl,training,1
C(=C/c1ccccc1)\CN1CCN(C(c2ccccc2)c2ccccc2)CC1,training,1
CNCCC[C@@]1(c2ccc(F)cc2)OCc2cc(C#N)ccc21,training,1
CCC(C)(C)NC[C@H](O)COc1ccccc1C(=O)CCc1ccccc1,training,1
CC(C)n1c(/C=C\[C@@H](O)C[C@@H](O)CC(=O)O)c(-c2ccc(F)cc2)c2ccccc21,training,1
COC(=O)C1=C(C)NC(C)=C(C(=O)OCCN(C)Cc2ccccc2)[C@H]1c1cccc([N+](=O)[O-])c1,training,1
CCCN1CCCC[C@H]1C(=O)Nc1c(C)cccc1C,training,1
Cc1onc(-c2ccccc2)c1-c1ccc(S(N)(=O)=O)cc1,training,1
COc1ccc(N2CCNCC2)cc1,training,1
CO[C@]12C[C@@H](CO)CN(C)[C@@H]1Cc1cn(C)c3cccc2c13,training,1
O=c1[nH]c2ccccc2n1CCCN1CCC(n2c(=O)[nH]c3cc(Cl)ccc32)CC1,training,1
COc1ccc2c(c1)c(CC(=O)NCCc1ccccc1)c(C)n2C(=O)c1ccc(Cl)cc1,training,1
CCn1nnc(C2=CCCN(C)C2)n1,training,1
O=C(OC1C[C@@H]2CC3C[C@H](C1)N2C[C@H]3O)c1c[nH]c2ccccc12,training,1
NS(=O)(=O)c1ccc(C2=C(c3ccc(F)cc3)C(=O)OC23CCCC3)cc1,training,1
COc1ccc2c(c1)c(CC(=O)NC[C@@H](O)c1ccccc1)c(C)n2C(=O)c1ccc(Cl)cc1,training,1
CCCN(CCC)N=O,training,1
CCN(C)N=O,training,1
OCCCOc1cccc(CN2CCCCC2)c1,training,1
CCc1cc2c(s1)N(C)C(=O)CN=C2c1ccccc1Cl,training,1
COc1ccc(CCNCCC[C@](C#N)(c2ccc(OC)c(OC)c2)C(C)C)cc1OC,training,1
CCN(CC)CCOCCOC(=O)C1(c2ccccc2)CCCC1,training,1
C1CNCCN1,training,1
CC[C@]12CCCN3CCc4c(n(c5ccccc45)[C@@](O)(C(=O)OC)C1)[C@@H]32,training,1
CC(C)COC[C@H](CN(Cc1ccccc1)c1ccccc1)N1CCCC1,training,1
COc1ccc([C@@H](CN(C)C)C2(O)CCCCC2)cc1,training,1
O[C@@H](CNC[C@@H](O)[C@@H]1CCc2cc(F)ccc2O1)[C@H]1CCc2cc(F)ccc2O1,training,1
CC(C)c1nc(CN(C)C(=O)N[C@@H](C(=O)N[C@@H](Cc2ccccc2)C[C@H](O)[C@H](Cc2ccccc2)NC(=O)OCc2cncs2)C(C)C)cs1,training,1
CC(C)C[C@H](NC(=O)[C@@H](Cc1ccccc1)NC(=O)c1cnccn1)B(O)O,training,1
C[C@H]1CCN(C(=O)[C@H](CCCN=C(N)N)NS(=O)(=O)c2ccc3c(c2)C[C@@H](C)CN3)[C@@H](C(=O)O)C1,training,0
C[C@@H](Cc1ccccc1)N(C)Cc1ccccc1,training,0
CC(C)COC[C@@H](CN(Cc1ccccc1)c1ccccc1)N1CCCC1,training,0
O=C(O)COCCN1CCN([C@H](c2ccccc2)c2ccc(Cl)cc2)CC1,training,0
CC[C@H]1OC(=O)[C@H](C)[C@@H](O[C@H]2C[C@@](C)(OC)[C@@H](O)[C@H](C)O2)[C@H](C)[C@@H](O[C@@H]2O[C@H](C)C[C@H](N(C)C)[C@H]2O)[C@](C)(OC)C[C@@H](C)C(=O)[C@H](C)[C@@H](O)[C@]1(C)O,training,0
CC(C)N(CC[C@@](C(N)=O)(c1ccccc1)c1ccccn1)C(C)C,training,0
NC(N)=Nc1nc(CSCC/N=C/NS(=O)(=O)c2ccc(Br)cc2)cs1,training,0
CCn1cc(C(=O)O)c(=O)c2cc(F)c(N3CCNCC3)nc21,training,0
Cc1ccc(S(=O)(=O)NC(=O)NN2C[C@H]3CCC[C@H]3C2)cc1,training,0
CN1CCCN([C@H](c2ccccc2)c2ccc(Cl)cc2)CC1,training,0
NNC(=O)c1ccncc1,training,0
O=[N+]([O-])O[C@H]1CO[C@H]2[C@@H]1OC[C@H]2O[N+](=O)[O-],training,0
COC1=CC(=O)O[C@H]1[C@H](O)c1ccccc1Cl,training,0
CCCCN(CCCC)C[C@@H](O)c1cc(Cl)cc2c1-c1ccc(Cl)cc1/C2=C\c1ccc(Cl)cc1,training,0
COC(=O)C1=C(C)NC(C)=C(C(=O)OCCN2CCN(C(c3ccccc3)c3ccccc3)CC2)[C@H]1c1cccc([N+](=O)[O-])c1,training,0
CN(C)CC(Oc1ccccc1)Oc1ccccc1,training,0
Cc1ccccc1-n1c(C)nc2ccccc2c1=O,training,0
CCN(CC)C(=O)[C@]1(c2ccccc2)C[C@@H]1CN,training,0
O=[N+]([O-])c1cncn1CCN1CCOCC1,training,0
Fc1ccc(Cn2c(NC3CCNCC3)nc3ccccc32)cc1,training,0
CCc1nc(N)nc(N)c1-c1ccc(Cl)cc1,training,0
COC(=O)[C@H]1[C@H]2C[C@@H]3c4[nH]c5cc(OC)ccc5c4CCN3C[C@H]2C[C@@H](OC(=O)c2cc(OC)c(OC)c(OC)c2)[C@@H]1OC,training,0
CCCC(=O)O[C@H]1[C@H](C)O[C@@H](O[C@@H]2[C@@H](C)O[C@@H](O[C@@H]3[C@@H](OC)[C@H](O)CC(=O)O[C@H](C)CC=CC=C[C@H](O)[C@H](C)C[C@@H]3CC=O)[C@H](O)[C@H]2N(C)C)C[C@@]1(C)OC(=O)CC,training,0
CCCN(CCC)CCc1cccc2c1CC(=O)N2,training,0
CC(C)c1nc(N(C)S(C)(=O)=O)nc(-c2ccc(F)cc2)c1CC[C@@H](O)C[C@@H](O)CC(=O)O,training,0
FCOC(C(F)(F)F)C(F)(F)F,training,0
CCC(=O)N(c1ccccc1)C1(COC)CCN(CCc2cccs2)CC1,training,0
Cc1noc(NS(=O)(=O)c2ccc(N)cc2)c1C,training,0
Nc1c2c(nc3ccccc13)CCCC2,training,0
CC(C)(C)c1cc(C[C@H]2SCNC2=O)cc(C(C)(C)C)c1O,training,0
CCCc1nc2c(C)cc(-c3nc4ccccc4n3C)cc2n1Cc1ccc(-c2ccccc2C(=O)O)cc1,training,0
C[C@H](Cn1cnc2c(N)ncnc21)OCP(=O)(O)O,training,0
O=C1CC[C@H](N2C(=O)c3ccccc3C2=O)C(=O)N1,training,0
O=C(Cn1c(=O)sc2ccc(Cl)cc21)N1CCN(CCO)CC1,training,0
CCN(CC)c1cc(C)nc2ncnn12,training,0
CN(C)CCN(Cc1ccccc1)c1ccccn1,training,0
O=C1Cc2cc(CCN3CCN(c4nsc5ccccc45)CC3)c(Cl)cc2N1,training,0
CN/C(=N\C#N)NCCSCc1nc[nH]c1C,test,0
CCS(=O)(=O)CCn1c([N+](=O)[O-])cnc1C,test,0
Cc1ncc([N+](=O)[O-])n1CCO,test,0
C[C@H](N)Cc1ccccc1,test,1
Cc1ccc(Cl)c(OC[C@@H](O)CNC(C)(C)C)c1,test,1
COCCc1ccc(OC[C@@H](O)CNC(C)C)cc1,test,1
CCOP(=S)(OCC)Oc1ccc([N+](=O)[O-])cc1,test,1
NC(N)=N/C(N)=N/CCc1ccccc1,test,1
CC(C)c1cccc(C(C)C)c1O,test,1
C#CCN(C)[C@@H](C)Cc1ccccc1,test,1
CN[C@@H](C)Cc1ccccc1OC,test,1
CN[C@H](C)Cc1ccc(OC)cc1,test,1
C[C@@H](Cc1ccccc1)NCCC#N,test,1
COc1ccc(OC(F)(F)F)cc1CN,test,1
CCCNC(=O)NS(=O)(=O)c1ccc(Cl)cc1,test,1
CCN[C@@H](C)Cc1cccc(C(F)(F)F)c1,test,1
C[C@@H](N)Cc1ccccc1,test,1
C#CCN(C)[C@H](C)Cc1ccccc1,test,1
CC(C)(C)NC[C@@H](O)c1ccc(O)c(CO)c1,test,0
Nc1ccccc1,test,0
O=C(N[C@H](CO)[C@H](O)c1ccc([N+](=O)[O-])cc1)C(Cl)Cl,test,0
CC(C)(Oc1ccc(Cl)cc1)C(=O)O,test,0
Cc1cc(Cl)c(S(N)(=O)=O)cc1S(N)(=O)=O,test,0
CCN(CC)C(=O)/C(C#N)=C\c1cc(O)c(O)c([N+](=O)[O-])c1,test,0
CNC[C@H](O)c1ccc(O)c(O)c1,test,0
CCc1ccccc1,test,0
N=C(N)N/N=C\c1c(Cl)cccc1Cl,test,0
CC(C)Cc1ccc([C@@H](C)C(=O)O)cc1,test,0
CCCCCCCN(CC)CCC[C@@H](O)c1ccc(NS(C)(=O)=O)cc1,test,0
C=CCOc1ccccc1OC[C@@H](O)CNC(C)C,test,0
C#CCN(C)Cc1ccccc1,test,0
Oc1ccccc1,test,0
CCCN(CCC)S(=O)(=O)c1ccc(C(=O)O)cc1,test,0
O=C(O)c1ccccc1O,test,0
Cc1cccc(C)c1NC(=O)[C@H](C)N,test,0
Cc1ccccc1,test,0
CNC(=O)Oc1cc(C)c(SC)c(C)c1,test,1
COc1cccc(C[C@@H](C)N)c1,test,1
N[C@@H](Cc1ccc(O)c(O)c1)C(=O)O,test,1
COCCc1ccc(OC[C@H](O)CNC(C)C)cc1,test,1
CCCCCN(CCCOC)C(=O)[C@@H](CCC(=O)O)NC(=O)c1ccc(Cl)c(Cl)c1,test,0
COCCCC/C(=N/OCCN)c1ccc(C(F)(F)F)cc1,test,1
CCN(CC)CCNC(=O)c1cc(Cl)c(N)cc1OC,test,1
COc1ccccc1C[C@@H](C)N,test,1
COCCCCC(=NOCCN)c1ccc(C(F)(F)F)cc1,test,1
c1ccccc1,test,0
C[C@H](N)C(=O)c1ccccc1,test,0
Cc1ccc(C)c(OCCCC(C)(C)C(=O)O)c1,test,0
CC(C)NC[C@H](O)COc1cccc2[nH]ccc12,test,1
COc1ccc2[nH]cc(CCN(C)C)c2c1,test,1
COc1ccc2[nH]cc(CCN(C(C)C)C(C)C)c2c1,test,1
CC(C)NC[C@@H](O)COc1cccc2[nH]ccc12,test,1
CC(C)(C)[C@@H](O)/C=C\c1ccc2c(c1)OCO2,test,0
CNC(=O)Oc1cccc2ccccc12,test,1
CC(C)NC[C@H](O)COc1cccc2ccccc12,test,1
COc1ccc2cc(CCC(C)=O)ccc2c1,test,1
CN(C/C=C/C#CC(C)(C)C)Cc1cccc2ccccc12,test,0
C[C@@H](O)CCCCn1c(=O)c2c(ncn2C)n(C)c1=O,test,0
Cn1cnc2c1c(=O)[nH]c(=O)n2C,test,0
CCOc1ccc2cc(C#N)c(=O)oc2c1,test,1
CCOc1ccc2ccc(=O)oc2c1,test,1
CCNCc1cc(=O)oc2cc(OC)ccc12,test,1
CNCc1cc(=O)oc2cc(OC)ccc12,test,1
O=c1ccc2ccccc2o1,test,0
COc1ccc2c(CN)cc(=O)oc2c1,test,1
CCOC(=O)C1=C(COCCN)NC(C)=C(C(=O)OC)[C@@H]1c1ccccc1Cl,test,0
CCOC(=O)C1=C(C)NC(C)=C(C(=O)OC)[C@@H]1c1cccc(Cl)c1Cl,test,0
CCOC(=O)C1=C(C)NC(C)=C(C(=O)OCC)C1c1ccccc1/C=C\C(=O)OC(C)(C)C,test,0
COC(=O)C1=C(C)NC(C)=C(C(=O)OCC(C)C)[C@H]1c1ccccc1[N+](=O)[O-],test,0
COCCOC(=O)C1=C(C)NC(C)=C(C(=O)OC(C)C)[C@@H]1c1cccc([N+](=O)[O-])c1,test,0
Cc1ccc(O)c([C@@H](CCN(C(C)C)C(C)C)c2ccccc2)c1,test,1
Cc1ccc(O)c([C@H](CCN(C(C)C)C(C)C)c2ccccc2)c1,test,1
COc1ccc([C@@H](c2ccc(O)c(O)c2)C(Cl)(Cl)Cl)cc1,test,1
CC(C)C(=O)Oc1ccc(CO)cc1[C@H](CCN(C(C)C)C(C)C)c1ccccc1,test,1
COc1ccc(C(c2ccc(OC)cc2)C(Cl)(Cl)Cl)cc1,test,1
CN(C)CCCN1c2ccccc2Sc2ccc(Cl)cc21,test,1
CN(C)CCCN1c2ccccc2Sc2ccccc21,test,1
CN(C)CCCCCN1c2ccccc2Sc2ccc(C(F)(F)F)cc21,test,1
C[C@H](CN(C)C)CN1c2ccccc2Sc2ccc(C#N)cc21,test,1
C[C@@H](CN1c2ccccc2Sc2ccccc21)N(C)C,test,1
C[C@H](CN1c2ccccc2Sc2ccccc21)N(C)C,test,1
COc1ccc2nc(S(=O)Cc3ncc(C)c(OC)c3C)[nH]c2c1,test,1
Cc1c(OCC(F)(F)F)ccnc1CS(=O)c1nc2ccccc2[nH]1,test,0
O=S(Cc1ccccn1)c1nc2ccccc2[nH]1,test,0
O=C1CN=C(c2ccccc2Cl)c2cc([N+](=O)[O-])ccc2N1,test,0
CN1C(=O)CN=C(c2ccccc2)c2cc(Cl)ccc21,test,0
CCN(CC)CCN1C(=O)CN=C(c2ccccc2F)c2cc(Cl)ccc21,test,0
CN1C(=O)[C@H](O)N=C(c2ccccc2)c2cc(Cl)ccc21,test,0
OCCN1CCN(CCCN2c3ccccc3Sc3ccc(Cl)cc32)CC1,test,1
CN1CCN(CCCN2c3ccccc3Sc3ccccc32)CC1,test,1
CN1CCN(CCCN2c3ccccc3Sc3ccc(C(F)(F)F)cc32)CC1,test,0
CN(C)/N=N\c1[nH]cnc1C(N)=O,val,0
Cn1ccnc1S,val,0
CC(=O)Nc1ccc(O)cc1,val,1
Cc1cc(N(C)C)ccc1C[C@H](C)N,val,1
CC(C)NC[C@H](O)COc1ccc(COCCOC(C)C)cc1,val,1
CC(C)(C)NC[C@H](O)COc1ccccc1C#N,val,1
CCN[C@H](C)Cc1cccc(C(F)(F)F)c1,val,1
CN[C@@H](C)Cc1ccccc1,val,1
Cc1cccc(C)c1OC[C@@H](C)N,val,1
CCOc1ccc(NC(C)=O)cc1,val,1
CCN(CC)CCNC(=O)c1ccc(N)cc1,val,1
COc1ccc(C[C@@H](C)N)cc1,val,1
COc1cc(CNC(=O)CCCC/C=C/C(C)C)ccc1O,val,1
C=CCc1ccc(O)c(OC)c1,val,1
C=CCc1ccc(OC)c(OC)c1,val,1
Cc1ccc(O)cc1,val,1
NCCc1ccc(O)cc1,val,1
Clc1ccc(Cl)c(Cl)c1,val,1
COc1ccc([N+](=O)[O-])cc1,val,1
CN(C)C(=O)Nc1ccc(Cl)c(Cl)c1,val,1
CC(C)/N=C(N)/N=C(\N)NOCCCOc1ccc(OC(F)(F)F)cc1Cl,val,1
CC(C)NC(=N)NC(=N)Nc1ccc(Cl)cc1,val,1
CC(C)/N=C(N)/N=C(\N)NOCCCOc1cc(Cl)c(Cl)cc1Cl,val,1
NCCc1ccc(O)c(O)c1,val,1
CN[C@@H](C)[C@@H](O)c1ccccc1,val,1
NC[C@H](O)c1ccc(O)cc1,val,1
COc1cc(CNC(=O)CCCCC=CC(C)C)ccc1O,val,1
C[C@@](N)(Cc1ccc(O)c(O)c1)C(=O)O,val,1
Cc1cccc(C)c1OC[C@H](C)N,val,1
C[C@H](NC(C)(C)C)C(=O)c1cccc(Cl)c1,val,1
CC(=O)Nc1ccccc1,val,0
C[C@@H](NC(C)(C)C)C(=O)c1cccc(Cl)c1,val,0
CCOC(=O)C(C)(C)Oc1ccc(Cl)cc1,val,0
NC(=O)OCC(COC(N)=O)c1ccccc1,val,0
CC(C)C(=O)Nc1ccc([N+](=O)[O-])c(C(F)(F)F)c1,val,0
CCN(CC)CC(=O)Nc1c(C)cccc1C,val,1
Nc1ccc([N+](=O)[O-])c(C(F)(F)F)c1,val,1
Nc1ccc(S(N)(=O)=O)cc1,val,0
C=CCc1ccccc1OC[C@@H](O)CNC(C)C,val,1
CCN(CC)C(=O)c1cccc(C)c1,val,1
Cc1cc(O)cc(C)c1Cl,val,1
CCN[C@@H](C)Cc1ccccc1,val,1
CC(C)NC[C@@H](O)COc1ccc(COCCOC(C)C)cc1,val,1
CCCC(=O)Nc1ccc(OC[C@@H](O)CNC(C)C)c(C(C)=O)c1,val,0
CC(=O)Oc1ccccc1C(=O)O,val,0
CCCCNC(=O)NS(=O)(=O)c1ccc(C)cc1,val,0
CCCCC/N=C(\N)N/N=C\c1c[nH]c2ccc(CO)cc12,val,1
COc1ccc2[nH]cc(CCN)c2c1,val,1
COc1ccc2[nH]cc(CCNC(C)=O)c2c1,val,1
CCCCCNC(=N)NN=Cc1c[nH]c2ccc(CO)cc12,val,1
CCN[C@@H](C)Cc1ccc2c(c1)OCO2,val,1
CC[C@@H](Cc1ccc2c(c1)OCO2)NC,val,1
CN[C@H](C)Cc1ccc2c(c1)OCO2,val,1
C=CCc1ccc2c(c1)OCO2,val,1
C[C@@H](N)Cc1ccc2c(c1)OCO2,val,1
CC[C@H](N)Cc1ccc2c(c1)OCO2,val,1
CC(C)NC[C@@H](O)COc1cccc2ccccc12,val,1
COc1ccc2cc([C@H](C)C(=O)O)ccc2c1,val,0
COc1cc(N[C@@H](C)CCCN)c2ncccc2c1,val,1
c1ccc2ncccc2c1,val,1
CCN(CC)CCC[C@@H](C)Nc1ccnc2cc(Cl)ccc12,val,1
CCN(CCO)CCC[C@H](C)Nc1ccnc2cc(Cl)ccc12,val,0
CCN(CC)CCC[C@H](C)Nc1ccnc2cc(Cl)ccc12,val,1
Cn1c(=O)c2[nH]cnc2n(C)c1=O,val,1
Cn1c(=O)[nH]c2ncn(C)c2c1=O,val,0
CC(=O)CCCCn1c(=O)c2c(ncn2C)n(C)c1=O,val,0
Cn1c(=O)c2c(ncn2C)n(C)c1=O,val,1
COc1ccc2c(CN(C)C)cc(=O)oc2c1,val,1
COc1ccc2c(C(F)(F)F)cc(=O)oc2c1,val,1
CC[N+](C)(CC)CCc1c(C)c2ccc(OC)cc2oc1=O,val,1
CCCCNCc1cc(=O)oc2cc(OC)ccc12,val,1
CCCNCc1cc(=O)oc2cc(OC)ccc12,val,1
COC(=O)C1=C(C)NC(C)=C(C(=O)OC)C1c1ccccc1[N+](=O)[O-],val,1
COC(=O)C1=C(C)NC(C)=C(C(=O)O)[C@H]1c1cccc([N+](=O)[O-])c1,val,1
COC(=O)C1=C(C#N)NC(C)=C(C(=O)OC(C)C)[C@H]1c1cccc([N+](=O)[O-])c1,val,0
COC(=O)C1=C(C)NC(C)=C(C(=O)OCC(C)=O)[C@@H]1c1ccccc1[N+](=O)[O-],val,0
CCOC(=O)C1=C(C)NC(C)=C(C(=O)OC)[C@@H]1c1cccc([N+](=O)[O-])c1,val,0
CCCOCCOC(=O)C1=C(C)NC(C)=C(C(=O)OCCOCCC)C1c1cccc([N+](=O)[O-])c1,val,0
Cc1ccccc1[C@H](OCCN(C)C)c1ccccc1,val,1
COc1ccc([C@@H](c2ccc(O)cc2)C(Cl)(Cl)Cl)cc1,val,1
CCC(=O)C(C[C@H](C)N(C)C)(c1ccccc1)c1ccccc1,val,1
NC(=O)CS(=O)C(c1ccccc1)c1ccccc1,val,0
CCCC(C(=O)OCCN(CC)CC)(c1ccccc1)c1ccccc1,val,0
CCC(=O)C(C[C@@H](C)N(C)C)(c1ccccc1)c1ccccc1,val,1
CN(C)CCOC(c1ccccc1)c1ccccc1,val,1
COc1ccc2c(c1)N(C[C@H](C)CN(C)C)c1ccccc1S2,val,1
COc1ccnc(CS(=O)c2nc3ccc(OC(F)F)cc3[nH]2)c1OC,val,0
COCCCOc1ccnc(CS(=O)c2nc3ccccc3[nH]2)c1C,val,0
O=C1CN=C(c2ccccc2)c2cc(Cl)ccc2N1,val,0
OCCN1CCN(CCCN2c3ccccc3Sc3ccc(C(F)(F)F)cc32)CC1,val,1
CN1CCN(CCCN2c3ccccc3Sc3ccc(Cl)cc32)CC1,val,1
