smiles,group,CYP3A4-sub
Cc1cc(I)c(O)c(C(=O)Nc2ccc(C(=N)N)c(Cl)c2)c1,training,0
Clc1cccc(Nc2nc(OCC3CCCCC3)c3[nH]cnc3n2)c1,training,0
CN(CCCl)CCCl,training,0
CCCCOc1ccc(OCCCN2CCOCC2)cc1,training,0
Clc1ccc(C(OCCN2CCCCC2)c2ccccc2)cc1,training,0
CN1CCC(=C2c3ccccc3CCn3c(C=O)cnc32)CC1,training,0
CCOc1nc2cccc(C(=O)OCc3oc(=O)oc3C)c2n1Cc1ccc(-c2ccccc2-c2noc(=O)[nH]2)cc1,training,0
N=C1N=NC(N)=C1/N=N/c1ccc(F)cc1,training,0
C[C@](O)(CS(=O)(=O)c1ccc(F)cc1)C(=O)Nc1ccc(C#N)c(C(F)(F)F)c1,training,0
CO[C@@]12[C@H](COC(N)=O)C3=C(C(=O)C(C)=C(N)C3=O)N1C[C@@H]1N[C@@H]12,training,0
COc1cccc2c1c(O)c(C(=O)N(C)c1ccc(C(F)(F)F)cc1)c(=O)n2C,training,0
O=C(O)CC[C@H](NC(=O)c1ccc(S(=O)(=O)N2CCC[C@@H]2C(=O)O)cc1)C(=O)O,training,0
NC(=O)[C@@H](Cc1c[nH]c2ccccc12)NC(=O)[C@@H](CCCc1ccccc1)CP(=O)(O)[C@@H](Cc1ccccc1)NC(=O)OCc1ccccc1,training,0
C[C@@H](Cn1cnc2c(N)nc(N)nc21)OCP(=O)([O-])[O-],training,0
O=c1c(O)c(-c2ccc(O)c(O)c2)oc2cc(O)cc(O)c12,training,0
N=C(N)c1ccc2[nH]c(Cc3nc4ccccc4[nH]3)nc2c1,training,0
CCCCCCCCCCCCOS(=O)(=O)O,training,0
O[C@H]1CN2CC[C@H](O)[C@@H]2[C@@H](O)[C@@H]1O,training,0
C/C=C/C[C@H](C(C)=O)n1cc([C@@](C)(NC(=O)c2ccccc2)C(C)C)nn1,training,0
O=C1NCCc2[nH]c(-c3ccnc(-c4cnc5ccccc5c4)c3)cc21,training,0
N[C@H](CC(=O)O)C(=O)[O-],training,0
O=C(O)c1ccc(-c2c[nH]c3ncc(-c4ccccc4)cc23)cc1,training,0
Fc1ccccc1-c1cn2ccnc2c(NCc2cccnc2)n1,training,0
COC(=O)[C@H](Cc1cccc(C(=N)N)c1)[C@@H](C)NC(=O)c1ccc(-c2cccc(CN)c2)cc1,training,0
Cc1cc(CCN2CCN(c3cccc(Cl)c3)CC2)n[nH]1,training,0
CC(=O)N[C@H]1[C@H](O[C@H](C)C(=O)N[C@H](C)C(=O)O)[C@@H](O)[C@H](CO)O[C@@H]1OP(=O)(O)OP(=O)(O)OC[C@@H]1O[C@@H](n2ccc(=O)[nH]c2=O)[C@H](O)[C@H]1O,training,0
O=C(NCc1ccccc1)c1cc(-c2n[nH]cc2-c2cccc(Cl)c2)c[nH]1,training,0
CCn1nccc1-c1c[nH]c2ncc(-c3ccc(N)c(C(=O)N(C)C)c3)cc12,training,0
CCC1(CC)C(=O)NC(=O)N(C)C1=O,training,0
CCNC(=O)c1n[nH]c(-c2cc(Cl)c(O)cc2O)c1N1CCNCC1,training,0
COc1ccc(S(=O)(=O)N2CCc3cc(O)c(OC)cc3[C@@H]2C(=O)NO)cc1,training,0
CCOC(=O)N[C@H](Cc1ccccc1)C(=O)N1CCC[C@H]1C(=O)NNCCCCN,training,0
CC(C)(COP(=O)(O)OP(=O)(O)OC[C@@H]1O[C@@H](n2cnc3c(N)ncnc32)[C@H](O)[C@H]1OP(=O)(O)O)[C@@H](O)C(=O)NCCC(=O)NCCSCc1ccc(O)cc1,training,0
C[C@@H](NC(N)=O)C(=O)O,training,0
Nc1nc(=O)c2sc(=O)n([C@@H]3O[C@H](CO)[C@@H](O)[C@H]3O)c2[nH]1,training,0
C=C1/C(=C\C=C2\CCC[C@]3(C)[C@@H]2CC[C@@H]3[C@H](C)OCCCC(O)(CC)CC)C[C@H](O)C[C@H]1O,training,0
CC[C@H](CNC(=O)c1ccc(S(N)(=O)=O)cc1)c1ccc2[nH]ccc2c1,training,0
CCCCCCCCC(=O)OC,training,0
C=CCN(C(=O)c1cc(Cl)cc(OCCCONC(=N)N)c1)C1CCCC1,training,0
CCCCCCCCCCC1=C(C)C(=O)C(OC)=C(OC)C1=O,training,0
CCCCCCCCCO,training,0
O=C(O)c1c(-c2ccccc2)oc(-c2ccccc2)c1C(=O)O,training,0
NC1(c2ccccc2)CCCCC1,training,0
CCCCCC/C=C\CCCCCCCCCC(=O)O,training,0
Cc1ccc(N(CC2=NCCN2)c2cccc(O)c2)cc1,training,0
C[n+]1cn([C@@H]2O[C@@H](CO)[C@H](O)[C@H]2O)c2nc(N)[nH]c(=O)c21,training,0
CN(CC(=O)O)C(=N)N,training,0
N#Cc1ccc(COc2ccc3cc(S(=O)(=O)N[C@H](CCC(=O)O)C(=O)O)ccc3c2)cc1,training,0
CC(C)C[C@H](NC(=O)[C@H]1CC(=O)NCCCCCCOC(=O)N[C@@H](C(C)C)C(=O)N1)[C@H](O)C[C@H](C)C(=O)N[C@H](C(=O)NCc1ccccc1)C(C)C,training,0
OC[C@H]1OC(O)[C@H](O)[C@@H](O)[C@@H]1O[C@@H]1O[C@H](CO)[C@H](O)[C@H](O)[C@H]1O,training,0
Cc1cccc(C2=C(c3ccc4ncccc4n3)CNN2)n1,training,0
CC(=O)C1Cc2cccc(OCC(O)CNC(C)C)c2O1,training,0
C[C@@H](C[C@H](C)CCCC[C@H](O)[C@H](C=O)CO)C[C@@H](C)CC(=O)O,training,0
C=CCN1CCCC1CNC(=O)c1cc2n[nH]nc2cc1OC,training,0
CC(=O)N[C@H]1[C@H](O)O[C@H](CO)[C@H](O[C@@H]2O[C@H](CO)[C@H](O)[C@H](O)[C@H]2O)[C@@H]1O,training,0
Nc1nc(O)c2cc(C[C@@H](C(=O)O)c3ccc(C(=O)N[C@@H](CCC(=O)O)C(=O)O)cc3)ccc2n1,training,0
O=C(O)C1=C[C@@H](O)[C@H](O)CO1,training,0
O=C(c1ccncc1)c1ccc(F)cc1,training,0
C[C@H]1CN(c2c(F)c(N)c3c(=O)c(C(=O)O)cn(C4CC4)c3c2F)C[C@@H](C)N1,training,0
Cc1ccc(C(=O)NC2CC2)cc1-c1ccc2nc(NCCN3CCOCC3)ncc2c1,training,0
CSCC[C@H](NC=O)C(=O)O,training,0
NCCO,training,0
NC1=NC(=O)C([C@H]2CCNC(=O)C3=NC(Br)=C[C@H]32)=N1,training,0
CC(C)N1CCC(NC(=O)c2cc3ccccc3n2CC(=O)Nc2ccc(Cl)cc2)CC1,training,0
Cc1ccc(Cl)cc1NC(=O)[C@H]1CC(=O)N(C2CCCCC2)C1,training,0
O=C(O)CP(=O)(O)O,training,0
Cc1cc2c(cc1C1(c3ccc(C(=O)O)cn3)CC1)C(C)(C)CCC2(C)C,training,0
CCOc1ccc(-c2c(C#N)c(N)nc3sc(C(N)=O)c(N)c23)cc1,training,0
C[C@@H]1C/C=C/C=C/C=C/C=C/[C@H](O[C@@H]2O[C@H](C)[C@@H](O)[C@H](N)[C@@H]2O)C[C@@H]2O[C@](O)(C[C@@H](O)C[C@H]3O[C@@H]3/C=C/C(=O)O1)C[C@H](O)[C@H]2C(=O)O,training,0
COc1ccc(CN(CCN(C)C)c2ccccn2)cc1,training,0
CCC(=O)C(CC(C)N1CCCCC1)(c1ccccc1)c1ccccc1,training,0
C[C@H](O)[C@@H](CCc1cccc(Cl)c1Cl)n1cnc(C(N)=O)c1,training,0
N[C@@H](C[C@@H]1C/C(=N/[C@@H]2C[C@H]2c2ccccc2)C(O)=CC1=O)C(=O)O,training,0
O=C(NOC[C@H](O)CO)c1cc(Br)c(F)c(F)c1Nc1ccc(I)cc1F,training,0
c1ccc2c(CCc3ccncc3)c[nH]c2c1,training,0
CC(=O)O[C@H](C(=O)Nc1cccc2c1C(=O)C(=O)NC2=O)c1ccccc1,training,0
CCOP(=O)(OCC)OCC,training,0
COc1cc(N(C)C[C@H]2CCC3=C(C2)C(N)=N[C@H](N)N3)cc(OC)c1OC,training,0
C=CCN(C)C/C=C/COc1cc2c(cc1F)c(-c1ccc(Br)cc1)nn2C,training,0
OCc1cccnc1,training,0
C[C@]12CC[C@H](O)C[C@@H]1CC[C@@H]1[C@@H]2C[C@@H](O)[C@]2(C)[C@@H](C3=CC(=O)OC3)CC[C@@]12O,training,0
CC(=O)c1ccc(NC(=O)c2cn[nH]c2-c2cc(Cl)c(O)cc2O)cc1,training,0
CO/N=C(\C(=O)N[C@@H]1C(=O)N2C(C(=O)O)=C(COC(N)=O)CS[C@H]12)c1ccco1,training,0
OCCOCCOCCOCCOCCOCCOCCS,training,0
NS(=O)(=O)c1ccc(C(=O)NCc2ccc(F)c(F)c2F)cc1,training,0
COc1cc(CN(C)c2cnc3nc(N)nc(N)c3c2)cc(OC)c1,training,0
O=c1[nH]c(Nc2ccccc2)nc2c1ncn2CCCCO,training,0
CC(=O)N(O)CCCCCNC(=O)CCC(=O)N(O)CCCCCNC(=O)CCC(=O)N(O)CCCCCN,training,0
NC(=O)[C@H](CCCCN=C(N)N)NC(=O)[C@@H](Cc1ccc(O)cc1)NC(=O)[C@@H]1CCN1C(=O)[C@@H](CC1CCCCC1)NC(=O)C1CCC(CN=C(N)N)CC1,training,0
CC(=O)N[C@H](Cc1ccccc1)C(=O)N1CCC[C@H]1C(=O)N[C@@H](CCCCCN)B(O)O,training,0
Cc1ccc(C(=O)Nc2cccc(C(F)(F)F)c2)cc1Nc1cncc(C(N)=O)c1,training,0
CN1[C@H]2CC[C@@H]1[C@@H](C(=O)O)[C@@H](OC(=O)c1ccccc1)C2,training,0
CCOC(=O)[C@H](CCc1ccccc1)N[C@@H](C)C(=O)N1[C@H](C(=O)O)C[C@H]2CCCC[C@@H]21,training,0
O=C1N=C(S)S[C@@H]1Cc1ccc(C(F)(F)F)cc1,training,0
O=c1cccc2n1C[C@@H]1CNC[C@H]2C1,training,0
CN1CCN(NC(=S)Nc2ccc(S(N)(=O)=O)cc2)CC1,training,0
Cc1c(Cl)cccc1Nc1ncccc1C(=O)O,training,0
CCCCCCCCCCCCCCCCCCOC[C@@H](COP(=O)(O)OCCSC)NC(C)=O,training,0
CS(=O)CC[C@H](N)C(=O)O,training,0
C=Cc1c(C)c2cc3nc(cc4[n-]c(cc5nc(cc1[n-]2)C(C)=C5CCC(=O)O)c(CCC(=O)O)c4C)C(C)=C3C=O,training,0
CN(CCCCC(=O)O)c1ccc(/C=C/c2ccc([N+](=O)[O-])cc2)cc1,training,0
Cc1ccc(-c2cccc(C(=O)N3CCCC(C)(C)C3)n2)cc1F,training,0
CCN1CCC[C@H]1CNC(=O)c1c(OC)ccc(Br)c1OC,training,0
O=S(=O)(O)OC1C(OS(=O)(=O)O)C(OS(=O)(=O)O)C(OS(=O)(=O)O)C(OS(=O)(=O)O)C1OS(=O)(=O)O,training,0
Fc1ccc(C(c2ccc(F)cc2)N2CCN(C/C=C/c3ccccc3)CC2)cc1,training,0
COc1ccc(-c2ccc3cc(C(=O)O)ccc3c2)cc1C12CC3CC(CC(C3)C1)C2,training,0
N=C1NC(=O)/C(=C\c2ccccn2)S1,training,0
CC12CCC(CC1)C(C)(C)O2,training,0
COc1ccc2[nH]cc(CCC(=O)O)c2c1,training,0
O=C(O)[C@@H](O)C[C@H](O)[C@@H](O)CO,training,0
O=C1CCN([C@@H]2C[C@H](O)[C@@H](CO)O2)C(=O)N1,training,0
N=C(N)O,training,0
O=C1CC[C@@]2(O)[C@H]3Cc4ccc(O)c5c4[C@@]2(CCN3CC2CC2)[C@H]1O5,training,0
Cn1nnc(-c2ccc(-c3ccc(N4C[C@H](COP(=O)(O)O)OC4=O)cc3F)cn2)n1,training,0
Cn1cc[nH]c1=S,training,0
O[C@H](CS)[C@H](O)CS,training,0
Nc1nc2c(CCc3ccccc3)c3nc[nH]c3cc2c(=O)[nH]1,training,0
Nc1nccc(-c2c3c(O)ccnc3n3c(N)nccc23)n1,training,0
COc1cccc(OC)c1C(=O)N[C@@H](C(=O)OC[C@@H](N)C(=O)[O-])[C@@H]1N[C@H](C(=O)[O-])C(C)(C)S1,training,0
COc1ccc(C2C(=O)c3ccccc3C2=O)cc1,training,0
O=C1Nc2ccccc2C1(c1ccc(O)cc1)c1ccc(O)cc1,training,0
C[C@H](N)[C@@H](CCCCCC(=O)O)NC(=O)O,training,0
CC(C)c1c(Cc2ccccc2)n(COCc2ccccc2)c(=O)[nH]c1=O,training,0
CO[C@@H]1[C@@H](OC(N)=O)[C@@H](O)[C@H](Oc2ccc3c(O)c(NC(=O)c4ccc(O)c(CC=C(C)C)c4)c(=O)oc3c2C)OC1(C)C,training,0
O=C([O-])CN1CCN(CC(=O)[O-])CCN([C@H](CO)[C@H](O)CO)CCN(CC(=O)[O-])CC1,training,0
NC(=O)[C@@H]1CC[C@@H]2CN1C(=O)N2OS(=O)(=O)O,training,0
O=C1OC(OC(=O)c2cccnc2Nc2cccc(C(F)(F)F)c2)c2ccccc21,training,0
O[Cu+](O)(n1ccnc1)(n1ccnc1)(n1ccnc1)n1ccnc1,training,0
Cc1ncsc1CCOP(=O)(O)O,training,0
Cc1cc(Nc2ccc(C(F)(F)F)cc2)n2ncnc2n1,training,0
C[C@@H]1C(=O)O[C@H]2C[C@@]34[C@H]5C[C@@H](C(C)(C)C)[C@]36[C@@H](OC(=O)[C@@H]6O)O[C@@]4(C(=O)O5)[C@]21O,training,0
COc1ccc(S(=O)(=O)N2CCCSC(C)(C)[C@H]2C(=O)NO)cc1,training,0
CNC(=O)CN1CCC(Nc2nccc(-c3cnc4ccccn34)n2)CC1,training,0
CCC1(CC)C(=O)NC(=O)NC1=O,training,0
[O-][C@@H]1O[C@H](CO)[C@@H](O[C@@H]2O[C@H](CO)[C@@H](O[C@@H]3O[C@H](CO)[C@@H](O)[C@H](O)[C@H]3O)[C@H](O)[C@H]2O)[C@H](O)[C@H]1F,training,0
CCCCCCCCCCCCCCCCCCCCCCC(=O)O,training,0
CNC(=O)[C@H](NC(=O)[C@@H](OCc1ccc(-c2ccsc2)cc1)[C@H](O)[C@@H](O)[C@H](OCc1ccc(-c2ccsc2)cc1)C(=O)N[C@@H](C(=O)NC)C(C)C)C(C)C,training,0
C[C@H](O)c1cc(C(=O)O)nc2c1C=CC[C@@H]2O,training,0
O=C(O)Cn1cc(Cc2nc3c(F)c(F)cc(F)c3s2)c2cccnc21,training,0
COC(=O)CC1=C(C(=O)O)N[C@@H]([C@@H](C=O)NC(=O)Cc2cccs2)SC1,training,0
COc1cc(C)c(S(=O)(=O)NC[C@@H](O)[C@@H](N)Cc2ccccc2)c(C)c1C,training,0
CCCCCCCCCCCCCCCCOP(=O)([O-])OCC[N+](C)(C)C,training,0
NC1=[N+]C(O)C2C3OC4([O-])O[C@@H](C(O)C2(N1)[C@@H]4O)C3(O)CO,training,0
C[C@]12CC[C@H]3[C@@H](CC[C@H]4C[C@H](O)CC[C@@]43C)[C@@H]1CC[C@@H]2O,training,0
C[C@@H](OP(=O)(O)OC[C@H](O)[C@@H](O)[C@H](O)Cn1c2nc(=O)[nH]c(=O)c-2cc2ccc(O)cc21)C(=O)N[C@H](CCC(=O)N[C@@H](CCC(=O)O)C(=O)O)C(=O)O,training,0
CCOC(=O)N[C@@H](CC(C)C)C(=O)O,training,0
CC1CCC(NCc2ccc3c(c2)Cc2c(-c4ccc(C(=O)O)cc4)n[nH]c2-3)CC1,training,0
CCCCCCCCCCCCCCCC(=O)OC[C@@H](COP(=O)(O)OCCN)OC(=O)CCCCCCCCCCCCCCC,training,0
Nc1ncnc2c1c(I)cn2[C@@H]1O[C@H](CO)[C@@H](O)[C@H]1O,training,0
CCCCC[C@H](O)C=C[C@H]1[C@H](O)CC(=O)[C@@H]1CCCCCCC(=O)O,training,0
CSC[C@H](N)C(=O)O,training,0
CCOc1ccc(Cc2nc3cc([N+](=O)[O-])ccc3n2CCN(CC)CC)cc1,training,0
NS(=O)(=O)c1cc(C(=O)O)cc(N2CCCC2)c1Oc1ccccc1,training,0
CNCC[C@@H](Oc1ccc(C(F)(F)F)cc1)c1ccccc1,training,0
CC(C)(Oc1ccc(F)cc1Cl)C(=O)NC1[C@H]2CC3C[C@@H]1CC(S(C)(=O)=O)(C3)C2,training,0
N#Cc1c(-c2ccccc2)cc(-c2cc(Br)ccc2O)[nH]c1=O,training,0
C[C@H](C(=O)O)c1ccc(C(=O)c2ccc(I)s2)cc1,training,0
CCCCCCCCCCCCCCCCOC[C@H](COP(=O)([O-])OCC[N+](C)(C)C)OC(C)=O,training,0
COc1ccc(OC)c(CN(C)c2cnc3nc(N)nc(N)c3c2)c1,training,0
CCN1C(=O)CCC1=O,training,0
O=C1C(O)=C(C2CCC(c3ccc(Cl)cc3)CC2)C(=O)c2ccccc21,training,0
COc1ccc([C@@H]2CC(=O)c3c(O)cc(O)cc3O2)cc1O,training,0
CCC(=O)N(c1ccc(F)cc1)C1CCN(CCc2ccccc2)CC1,training,0
CC1=CC[C@H]2C[C@@H]1[C@H](c1ccc(O)cc1)OC2(C)C,training,0
CC[C@H]1O[C@@]2(C)[C@@H](O)[C@H](/C=C/C=C/C=C/c3oc(=O)cc(OC)c3C)O[C@]1(C)[C@H]2OC(C)=O,training,0
N=C(N)c1ccc(CNC(=O)[C@@H]2CCCN2C(=O)CNC2CCCC2)cc1,training,0
CNC(=O)[C@H](Cc1c(F)c(F)c(F)c(F)c1F)NC(=O)Nc1nnc(S)s1,training,0
Nc1nc2c(ncn2[C@H]2O[C@H](CO)[C@@H]3OP(O)(=S)O[C@@H]32)c(=O)[nH]1,training,0
CC[C@@]1(O)C(=O)OCc2c1cc1n(c2=O)Cc2cc3ccccc3nc2-1,training,0
O=c1nc[nH]c2c1ncn2[C@@H]1O[C@H](CO)[C@@H](O)[C@H]1O,training,0
Nc1nc(O)c(Br)c(-c2ccccc2)n1,training,0
O=C([O-])O,training,0
OCCCCCCO,training,0
CC1(C)O[C@@H]2C[C@H]3[C@@H]4CCC5=CC(=O)C=C[C@]5(C)[C@H]4[C@@H](O)C[C@]3(C)[C@]2(C(=O)CO)O1,training,0
CC(=O)c1ccc(N2C[C@@H](C(=O)O)CC2=O)cc1,training,0
CC(C)C[C@H](NC(=O)[C@@H](O)CC(=O)O)C(=O)NCCCCNC(=[N+])N,training,0
CN(C)c1ccc(C(=C2C=CC(=[N+](C)C)C=C2)c2ccccc2)cc1,training,0
C[C@]12CC[C@H]3[C@@H](CC=C4C[C@@H](OS(=O)(=O)O)CC[C@@]43C)[C@@H]1CCC2=O,training,0
N=c1c2ncn([C@@H]3O[C@H](COP(=O)([O-])OP(=O)([O-])OP(=O)([O-])[O-])[C@H](O)[C@H]3O)c2ncn1[C@@H]1O[C@H](COP(=O)([O-])[O-])[C@@H](O)[C@H]1O,training,0
CC(C)C[C@H](C(=O)NO)N(Cc1ccccc1)P(C)(=O)c1ccccc1,training,0
CC(C)(C)c1nc2c3ccc(F)cc3c3c(=O)[nH]ccc3c2[nH]1,training,0
Nc1nc2ccc(C(=O)c3c(F)cccc3F)cn2c1C(=O)c1ccccc1,training,0
O=C(OCCN1CCN(c2cccc(C(F)(F)F)c2)CC1)c1ccccc1Nc1ccnc2cc(C(F)(F)F)ccc12,training,0
NC(=O)CN1C(=O)[C@@H](NC(=O)C2=CC3=C[C@H](Cl)SC3=N2)Cc2ccccc21,training,0
CC(C)(C)OC(=O)Nc1cccnc1C(=O)Nc1nccs1,training,0
CCOc1ccc(-c2nc(-c3cccc(C(=O)O)n3)cs2)cc1OCC,training,0
Nc1cncc(Cl)n1,training,0
CCCOc1ccc2nc(NC(=O)OC)[nH]c2c1,training,0
Cc1cc(-c2nc3ccccc3o2)cc(C)c1O,training,0
COC(=O)C1CCN(C(=O)c2ccc(NCc3cnc4nc(N)nc(N)c4n3)cc2)CC1,training,0
COc1ccc(-n2cnc3ccc(-c4n[nH]c(=S)o4)cc32)cc1,training,0
CC[C@@H](C)O,training,0
O=P(O)(O)OC[C@@H](O)[C@H](O)[C@@H](O)NO,training,0
Cc1ncc(COP(=O)(O)O)c(CNCCCC[C@@H](N)C(=O)O)c1O,training,0
CC[C@H](C)C(=O)O[C@H]1CCC=C2C=C[C@H](C)[C@H](CC[C@@H]3C[C@@H](O)CC(=O)O3)[C@H]21,training,0
NC(=O)c1ccc[n+]([C@@H]2O[C@@H](COP(=O)(O)O)[C@H](O)[C@H]2O)c1,training,0
N=C1N=NC(N)=C1/N=N/c1ccccc1C(F)(F)F,training,0
CC12CCC(CC1)C2(C)C,training,0
CCCCC(C)(C)[C@H](O)/C=C/[C@H]1[C@H](O)CC(=O)[C@@H]1CCCC/C=C/C(=O)OC,training,0
O=[N+]([O-])c1ccc(S[C@@H]2O[C@H](CO)[C@@H](O)[C@H](O)[C@H]2O)cc1,training,0
CCC1(C2=CCCCCC2)C(=O)NC(=O)NC1=O,training,0
CN(CCO)c1ncnc2oc(-c3ccccc3)c(-c3ccccc3)c12,training,0
C[C@@H](C(=O)N1CCOCC1)N1CC[C@H](NS(=O)(=O)c2n[nH]c(-c3ccc(Cl)s3)n2)C1=O,training,0
O=C(O)c1ccccc1Nc1cc(Cl)c(OOO)c(Cl)c1,training,0
CCCCOc1nc(NCCN2CCOCC2)c2ncn(Cc3c(F)cccc3F)c2n1,training,0
O=C(NC(=O)c1cc(F)c(F)cc1Cl)Nc1cc(F)ccc1N1CCC(C(=O)O)CC1,training,0
NC(=O)c1cnc2ccn(S(=O)(=O)c3ccccc3[N+](=O)[O-])c2c1,training,0
N[C@@H](CCC[C@H](N)C(=O)O)C(=O)O,training,0
Nc1ncnc2ncn([C@@H]3O[C@@H](COP(=O)(O)O)[C@H](O)[C@H]3O)c12,training,0
O=S(=O)(O)CCCN1CCOCC1,training,0
C[C@H]1CNc2c(cccc2[SH](=O)=O)C1,training,0
O=C(O)CCCC(=O)Nc1ccc(CC[N+]2([O-])CCCCC2)cc1,training,0
CC(=O)Oc1ccccc1C(=O)Nc1ncc([N+](=O)[O-])s1,training,0
C[C@H]1O[C@H](O[C@@H]2[C@@H](CO)O[C@H](O[C@@H]3[C@@H](CO)O[C@@H](O)[C@H](O)[C@H]3O)[C@H](O)[C@H]2O)[C@H](O)[C@@H](O)[C@@H]1N[C@H]1C=C(CO)[C@H](O)[C@H](O)[C@H]1O,training,0
CC(=O)O[C@H](CC(=O)O)C[N+](C)(C)C,training,0
CN(Cc1cc(Br)cc(Br)c1N)C1CCCCC1,training,0
CC[C@H]1CCC[C@H](O[C@H]2CC[C@H](N(C)C)[C@@H](C)O2)[C@@H](C)C(=O)C2=C[C@@H]3[C@@H](C=C[C@@H]4C[C@@H](O[C@@H]5C[C@@H](C)[C@H](OC)[C@@H](OC)[C@H]5OC)C[C@@H]34)[C@@H]2CC(=O)O1,training,0
N#C[C@@H]1CCCN1C(=O)CNC12CC3CC(CC(O)(C3)C1)C2,training,0
Cc1n[nH]c2ccc(-c3cncc(OC[C@@H](N)Cc4c[nH]c5ccccc45)c3)cc12,training,0
Cc1cc(C(=O)Nc2cc(Cl)cc(N3CCCCC3)c2)cc(C)c1OCCN,training,0
CSCC[C@H](NC(C)=O)C(=O)O,training,0
CCC(CC)n1ccc2c3c(N)nc(N)nc3ccc21,training,0
CCc1cc(-c2n[nH]c(C(=O)O)c2-c2ccc3c(c2)OCO3)c(O)cc1O,training,0
O=C(O)C[C@@H](NC(=O)c1cc(-c2ccc(-c3ccncc3)cc2)cs1)c1ccccc1,training,0
CCN(CC)c1ccc2cc(C(=O)N/C=C\N3C(=O)CCC3=O)c(=O)oc2c1,training,0
CN(C)CCc1c[nH]c2ccc(Cn3cncn3)cc12,training,0
N/C(S)=N\CCC[C@H](N)C(=O)O,training,0
C[C@]12CC[C@@H]3c4ccc(OS(N)(=O)=O)cc4CC[C@H]3[C@@H]1CC(=O)N(Cc1cccnc1)C2=O,training,0
CCC(=O)c1ccc2c(c1)N(CCN1CCN(CCO)CC1)c1ccccc1S2,training,0
C[C@@H](C[C@@H](C)CO)[C@H](O)[C@@H](C)C(=O)C[PH](=O)O,training,0
FC(F)OC(Cl)C(F)(F)F,training,0
CCCCCCCCCCCCCCCC(=O)OC[C@@H](COP(=O)(O)OC[C@@H](O)CO)OC(=O)CCCCCCCCCCCCCCC,training,0
C=CC(C)(C)OC[C@@H]1O[C@H](O[C@H]2C3=C([C@H](C)COC(C)=O)C[C@@H](O)[C@]3(C)C=C3[C@H](COC)CC[C@@H]3[C@@H](C)[C@@H]2O)[C@@H](O)[C@H](OC(C)=O)[C@H]1O,training,0
N[C@@H](CSP(=O)(O)O)C(=O)O,training,0
CC1(C)S[C@@H]2[C@H](NC(=O)[C@H](N)c3ccc(O)cc3)C(=O)N2[C@H]1C(=O)O,training,0
N#Cc1ccc(Nc2nc(N)nc(Oc3c(Cl)cccc3Cl)n2)cc1,training,0
COc1ccc(C(=O)Nc2ccccc2CCC2CCCCN2C)cc1,training,0
C[C@H](O[C@H](O)C[C@H](N)C(=O)O)[C@@H](N)C(=O)O,training,0
O=C1O[C@H](CO)[C@@H](O)[C@H](O)[C@@H]1O,training,0
CC1=C(C(=O)O)N2C(=O)[C@@H](NC(=O)[C@H](N)c3ccc(O)cc3)[C@H]2SC1,training,0
CN[C@H](CC(C)C)C(=O)O,training,0
c1ccc2c(c1)OC[C@H](CNCCCOc1ccc3c(c1)OCO3)O2,training,0
CCC(N)Cc1c[nH]c2ccccc12,training,0
Cc1ccccc1N1C(=O)c2cc(S(N)(=O)=O)c(Cl)cc2NC1C,training,0
CC(=O)Nc1ccc(N2C(=O)[C@@H]3C4CCC(NC(=O)OCC(=O)O)(CC4)[C@@H]3C2=O)cc1,training,0
CN(CC(=O)O)C(N)N,training,0
O=C(N[C@@H]1CNCCC[C@H]1OC(=O)c1ccc(O)cc1)c1ccc(O)cc1,training,0
OC[C@H]1ONC[C@@H](O)[C@@H]1O,training,0
O=C(CN1[C@@H](O)C(NCCc2ccccn2)=NC[C@H]1Cl)NCc1csc2ccc(Cl)cc12,training,0
CN1CC[C@]23c4c5ccc(O)c4O[C@H]2CCC[C@H]3[C@H]1C5,training,0
Cc1ccc(-c2ccc3c(ccc4sc5c(c43)NC[C@@H](C)NC5=O)n2)cn1,training,0
CC(C)(C)O,training,0
O=C1/C(=N/O)c2cc(F)ccc2N1Cc1cc(F)cc2c1OCOC2,training,0
O=C(O)c1ccc2ccccc2n1,training,0
CCOc1cc(N)c([N+](=O)[O-])cc1C(=O)NC1CCN(CC2CC=CCC2)CC1,training,0
C=CC[C@H]1CN(CCc2ccccc2)CC[C@H]1N(C(=O)CC)c1ccccc1,training,0
N=C(N)NCc1ccc(B2OC[C@@H](CO)O2)cc1,training,0
C[n+]1cn([C@@H]2O[C@@H](COP(=O)(O)OP(=O)(O)OP(=O)(O)O)[C@H](O)[C@H]2O)c2nc(N)[nH]c(=O)c21,training,0
O=C(O)CCCC(=O)O,training,0
CSSC[C@@H](N)C(=O)O,training,0
Nc1n[nH]c2ccc(-c3ccccc3)cc12,training,0
CC[C@@H](C)C(=O)O,training,0
COc1cc2c(cc1OC)C1CC(=O)C(CC(C)C)CN1CC2,training,0
N[C@H]1C[C@@H](N2CCn3c(nnc3C(F)(F)F)C2)CC[C@@H]1c1cc(F)c(F)cc1F,training,0
O=C(O)C(=O)Nc1sc2c(c1C(=O)O)CCO[C@H]2COC1=NS(=O)(=O)c2ccccc21,training,0
CCN(CC)C(=S)S,training,0
Nc1nc(N)c2nc(CNc3ccc(C(=O)N[C@@H](CCC(=O)O)C(=O)O)cc3)cnc2n1,training,0
C[C@@H](Cl)CCl,training,0
CC(C)Cn1c(=O)n(C)c(=O)c2nc[nH]c21,training,0
CCN(CC)CCOC(=O)C1(C2CCCCC2)CCCCC1,training,0
CC(C(=O)O)c1cccc(Oc2ccccc2)c1,training,0
NS(=O)(=O)c1ccc(C(=O)NCc2ccc(F)cc2F)cc1,training,0
OC[C@H]1[C@H](O)[C@@H](O)[C@H](O)c2nnnn21,training,0
Nc1ncnc2c1[C@H](I)NN2[C@@H]1O[C@@H](CO)[C@H](O)[C@H]1O,training,0
O=c1cc(-c2cc(O)c(O)c(O)c2)oc2cc(O)cc(O)c12,training,0
CCCc1c(OCCCOc2ccc3c(ccn3CC(=O)O)c2)ccc2c(C(F)(F)F)noc12,training,0
CC(=O)O[C@@]12[C@H](O)[C@@H](C)[C@@]3(O)[C@@H](C=C(CO)C[C@]4(O)C(=O)C(C)=C[C@@H]34)[C@@H]1C2(C)C,training,0
C[C@@H]1O[C@H](O)[C@@H](O)[C@H](O)[C@H]1N[C@@H]1C=C(CO)[C@@H](O)[C@H](O)[C@@H]1O,training,0
Cc1cccc(C)c1OCC(=O)N[C@@H](Cc1ccccc1)[C@@H](O)C[C@H](CC(C)C)NC(=O)c1ccc(N)cc1,training,0
COc1ccc(OC)c(/C=C\c2cnc3nc(N)nc(N)c3c2C)c1,training,0
CN1c2c(nc(N)[nH]c2=O)NC[C@H]1CNc1ccc(C(=O)N[C@H](CCC(=O)O)C(=O)O)cc1,training,0
Nc1nc2ncc(CO)nc2c(=O)[nH]1,training,0
Nc1ccc2c(c1)c(-c1ccccc1)[n+](CCCCCCc1cn(CCNc3c4c(nc5ccccc35)CCCC4)nn1)c1cc(N)ccc21,training,0
O=C1c2ccccc2C(=O)N1CCOC(=S)Nc1ccc(Cl)cc1,training,0
CN(C(=O)CCN1Cc2cc(C(=O)c3ccccc3)ccc2N=C1N)C1CCCCC1,training,0
CC(C)C[C@H](NC(=S)Nc1ccccc1)C(=O)N[C@@H]1CO[C@H](O)C1,training,0
Nc1ncnc2c1ncn2[C@H]1O[C@@H](CO)C(=O)[C@@H]1O,training,0
CCCCCCCCCCCCCCCCCCOC[C@@H](O)COP(=O)(O)OCC[N+](C)(C)C,training,0
OB1OCc2cc(F)ccc21,training,0
CC(C)=CCC/C(C)=C\CC/C(C)=C\CO,training,0
COC[C@H]1OC(=O)c2coc3c2[C@@]1(C)C1=C(C3=O)[C@@H]2CCC(=O)[C@@]2(C)C[C@H]1OC(C)=O,training,0
Nc1ncnc2c1ncn2[C@@H]1O[C@@H](COP(=O)(O)OP(=O)(O)O[C@@H]2C[C@H](n3ccc(=O)[nH]c3=O)O[C@H]2COP(=O)(O)O)[C@H](OP(=O)(O)O)[C@H]1O,training,0
C[Hg]SC[C@@H](N)C(=O)O,training,0
O=C1NCC(=O)N2CCC[C@@H]12,training,0
Nc1ncnc2c1ncn2[C@@H]1O[C@@H](COP(=O)(O)OP(=O)(O)O[C@H]2O[C@@H](CO)[C@H](O)[C@@H](O)[C@@H]2O)[C@H](O)[C@H]1O,training,0
C[C@@]12C=CC[C@H]1[C@@H]1CC[C@H]3C[C@H](O)CC[C@]3(C)[C@H]1CC2,training,0
O=C(CC1NCCC[C@H]1O)Cn1cnc2cc(Br)c(Cl)cc2c1=O,training,0
O=P(O)(O)OC[C@@H](O)[C@H](O)[C@@H](O)CCO,training,0
CCC1=C(C)c2cc3c(CC)c(C)c(cc4nc(cc5[nH]c(cc1n2)c(C)c5CCC(=O)O)C(CCC(=O)O)=C4C)n3C,training,0
CCc1cc(-c2n[nH]cc2-c2c[nH]cn2)c(O)cc1O,training,0
CCCCN1CCC(CNC(=O)c2c3n(c4ccccc24)CCCO3)CC1,training,0
COC(=O)[C@H]1[C@@H](O)C[C@@H]2CC[C@H]1N2C,training,0
Cc1cc(S(=O)(=O)N[C@@H](C(=O)NO)C2CCOCC2)ccc1F,training,0
COc1cccc2c1C(=O)c1c(O)c3c(c(O)c1C2=O)C[C@@](O)(C(=O)CO)C[C@@H]3O[C@H]1C[C@H](N)[C@H](O[C@@H]2CCCCO2)[C@H](C)O1,training,0
O=C1O/C(=C\c2cccc3ccccc23)C(O)=C1c1ccc(Cl)cc1,training,0
N[C@@H](CCC(=O)N[C@@H](CS(=O)O)C(=O)NCC(=O)O)C(=O)O,training,0
CC(C)S(=O)(=O)NCCCn1c2c(c3ccccc31)C(=O)CN1CCCC[C@@H]21,training,0
CCN(CC)C(=O)N1CCN(C)CC1,training,0
CN(C)Cc1ccc(-c2cccnc2)o1,training,0
N[C@@H]1C(C(=O)O)=CC=C[C@H]1O,training,0
Cc1cc(-c2ccc(/N=N/c3c(S(=O)(=O)[O-])cc4cc(S(=O)(=O)[O-])cc(N)c4c3O)c(C)c2)ccc1/N=N/c1c(S(=O)(=O)[O-])cc2cc(S(=O)(=O)[O-])cc(N)c2c1O,training,0
COc1ccc2[nH]c3cc(Cl)ccc3/c(=N\[C@@H](C)CCCN(CCCl)CCCl)c2c1,training,0
NNC(=O)c1ccc(-c2ccccc2Cl)o1,training,0
O=S(=O)(Nc1cccc(Oc2ccc(F)cc2)c1)N1CCC(NCc2ccccc2O)CC1,training,0
N[C@@H](CCCC[B-](O)(O)O)C(=O)O,training,0
COc1ccc(F)cc1C[C@@](O)(C1CCOCC1)[C@@H]1CNCCO1,training,0
O=c1[nH]c(=O)n(COCCO)cc1Sc1ccccc1,training,0
CC[C@@H](C(N)=O)N1C[C@H](C=C(F)F)CC1=O,training,0
CC(C)NCC1CCc2cc(CO)c([N+](=O)[O-])cc2N1,training,0
COc1ccc2c(c1)C(=O)N(CCc1ccc(S(=O)(=O)NC(=O)NC3CCCCC3)cc1)C(=O)C2(C)C,training,0
C=C(C)[C@@H]1CC[C@@]2(C)O[C@H]2C1,training,0
CCC1(c2ccccc2)NC(=O)N(C)C1=O,training,1
O=P1(N(CCCl)CCCl)NCCCO1,training,1
C[C@]12CC[C@@H]3c4ccc(O)cc4CC[C@H]3[C@@H]1CC[C@@H]2O,training,1
COC(=O)[C@H]1[C@@H](OC(=O)c2ccccc2)C[C@@H]2CC[C@H]1N2C,training,1
CN(C)CCCN1c2ccccc2CCc2ccccc21,training,1
CN(C)CCCN1c2ccccc2Sc2ccc(Cl)cc21,training,1
NCCc1cnc[nH]1,training,1
COc1ccc(CCN(C)CCCC(C#N)(c2ccc(OC)c(OC)c2)C(C)C)cc1OC,training,1
C[C@]12CC[C@@H]3c4ccc(O)cc4CC[C@H]3[C@@H]1CCC2=O,training,1
C[C@]12CC[C@H]3[C@@H](CC=C4C[C@@H](O)CC[C@@]43C)[C@@H]1CCC2=O,training,1
CCN(CC)CCCC(C)Nc1ccnc2cc(Cl)ccc12,training,1
CN1CCC[C@H]1c1cccnc1,training,1
CS(=O)(=O)OCCCCOS(C)(=O)=O,training,1
CN1C(=O)NC(=O)C(C)(C2=CCCCC2)C1=O,training,1
C=C[C@H]1CN2CC[C@H]1C[C@@H]2[C@@H](O)c1ccnc2ccc(OC)cc12,training,1
CC[C@]1(O)C[C@H]2CN(CCc3c([nH]c4ccccc34)[C@@](C(=O)OC)(c3cc4c(cc3OC)N(C=O)[C@H]3[C@@](O)(C(=O)OC)[C@H](OC(C)=O)[C@]5(CC)C=CCN6CC[C@]43[C@@H]65)C2)C1,training,1
CN1CC[C@]23c4c5ccc(O)c4O[C@H]2[C@@H](O)C=C[C@H]3[C@H]1C5,training,1
O=C1NC(=O)C(c2ccccc2)(c2ccccc2)N1,training,1
C#C[C@]1(O)CC[C@H]2[C@@H]3CCc4cc(O)ccc4[C@H]3CC[C@@]21C,training,1
O=C1C(CCS(=O)c2ccccc2)C(=O)N(c2ccccc2)N1c1ccccc1,training,1
Cn1c(=O)c2c(ncn2C)n(C)c1=O,training,1
Cc1c(N(C)C)c(=O)n(-c2ccccc2)n1C,training,1
CN1CCN(CCCN2c3ccccc3Sc3ccc(Cl)cc32)CC1,training,1
OCCN1CCN(CCCN2c3ccccc3Sc3ccc(Cl)cc32)CC1,training,1
CN(C)CCCN1c2ccccc2Sc2ccccc21,training,1
Cn1c(=O)c2[nH]cnc2n(C)c1=O,training,1
O=C(O[C@H]1CN2CCC1CC2)N1CCc2ccccc2[C@@H]1c1ccccc1,training,1
CC(COc1ccccc1)N(CCCl)Cc1ccccc1,training,1
CCO,training,1
COc1cc2c(c(OC)c1OC)-c1ccc(OC)c(=O)cc1C(NC(C)=O)CC2,training,1
C#C[C@]1(O)CC[C@H]2[C@@H]3CCC4=CC(=O)CC[C@@H]4[C@H]3CC[C@@]21C,training,1
Nc1ccc(S(=O)(=O)Nc2ncccn2)cc1,training,1
C[C@H]1O[C@@H](O[C@H]2[C@@H](O)C[C@H](O[C@H]3[C@@H](O)C[C@H](O[C@H]4CC[C@]5(C)[C@H]6CC[C@]7(C)[C@@H](C8=CC(=O)OC8)CC[C@]7(O)[C@@H]6CC[C@@H]5C4)O[C@@H]3C)O[C@@H]2C)C[C@H](O)[C@@H]1O,training,1
Cc1ccccc1-n1c(C)nc2ccccc2c1=O,training,1
CNCCC=C1c2ccccc2CCc2ccccc21,training,1
COc1ccc2c3c1O[C@H]1[C@@H](O)C=C[C@H]4[C@@H](C2)N(C)CC[C@]314,training,1
CCOc1ccc2c3c1O[C@H]1[C@@H](O)C=C[C@H]4[C@@H](C2)N(C)CC[C@]314,training,1
CCC1(C)CC(=O)NC1=O,training,1
Nc1ccc(S(=O)(=O)c2ccc(N)cc2)cc1,training,1
CC[C@@H]1C(=O)OC[C@@H]1Cc1cncn1C,training,1
O=c1[nH]c2cc(Cl)ccc2o1,training,1
NC(=O)c1cnccn1,training,1
CC[C@@H](CO)NC(=O)[C@@H]1C=C2c3cccc4[nH]cc(c34)C[C@H]2N(C)C1,training,1
CC[C@H]1OC(=O)[C@H](C)[C@@H](O[C@H]2C[C@@](C)(OC)[C@@H](O)[C@H](C)O2)[C@H](C)[C@@H](O[C@@H]2O[C@H](C)C[C@H](N(C)C)[C@H]2O)[C@](C)(O)C[C@@H](C)C(=O)[C@H](C)[C@@H](O)[C@]1(C)O,training,1
COc1ccc2c3c1O[C@H]1[C@@H](O)CC[C@H]4[C@@H](C2)N(C)CC[C@]314,training,1
COc1ccc2c(c1)[C@]13CCCC[C@@H]1[C@H](C2)N(C)CC3,training,1
CN1C(=O)OC(C)(C)C1=O,training,1
COC(=O)[C@H]1[C@@H](O)CC[C@H]2CN3CCc4c([nH]c5ccccc45)[C@@H]3C[C@@H]21,training,1
FC(F)(F)C(Cl)Br,training,1
CN(C)CCCN1c2ccccc2CCc2ccc(Cl)cc21,training,1
CN(C)CCC=C1c2ccccc2C=Cc2ccccc21,training,1
C=CC[C@]1(O)CC[C@H]2[C@@H]3CCC4=CCCC[C@@H]4[C@H]3CC[C@@]21C,training,1
Cc1ncc([N+](=O)[O-])n1CCO,training,1
C=CCN1CC[C@]23c4c5ccc(O)c4O[C@H]2C(=O)CC[C@@]3(O)[C@H]1C5,training,1
CCC(=O)C1(c2cccc(O)c2)CCN(C)CC1,training,1
CN1C[C@H](C(=O)N[C@]2(C)O[C@@]3(O)[C@@H]4CCCN4C(=O)[C@H](Cc4ccccc4)N3C2=O)C[C@@H]2c3cccc4[nH]cc(c34)C[C@H]21,training,1
C[C@H]1c2cccc(O)c2C(=O)C2=C(O)[C@]3(O)C(=O)C(C(N)=O)=C(O)[C@@H](N(C)C)[C@@H]3[C@@H](O)[C@@H]21,training,1
CN(C)CCCOc1nn(Cc2ccccc2)c2ccccc12,training,1
Cc1cc(NS(=O)(=O)c2ccc(N)cc2)no1,training,1
COc1cc(Cc2cnc(N)nc2N)cc(OC)c1OC,training,1
C#C[C@]1(O)CC[C@H]2[C@@H]3CCC4=CC(=O)CC[C@@H]4[C@H]3CC[C@@]21CC,training,1
CC[C@]1(O)C[C@H]2CN(CCc3c([nH]c4ccccc34)[C@@](C(=O)OC)(c3cc4c(cc3OC)N(C)[C@H]3[C@@](O)(C(=O)OC)[C@H](OC(C)=O)[C@]5(CC)C=CCN6CC[C@]43[C@@H]65)C2)C1,training,1
CC(=O)[C@@]1(C)CC[C@H]2[C@@H]3C=C(C)C4=CC(=O)CC[C@]4(C)[C@H]3CC[C@@]21C,training,1
CN(C)CCC=C1c2ccccc2COc2ccccc21,training,1
CCCCc1oc2ccccc2c1C(=O)c1cc(I)c(OCCN(CC)CC)c(I)c1,training,1
CO[C@H]1C[C@H](O[C@@H]2[C@@H](C)C(=O)O[C@H](C)[C@H](C)[C@H](OC(C)=O)[C@@H](C)C(=O)[C@]3(CO3)C[C@H](C)[C@H](O[C@@H]3O[C@H](C)C[C@H](N(C)C)[C@H]3OC(C)=O)[C@H]2C)O[C@@H](C)[C@@H]1OC(C)=O,training,1
O=C1CN=C(c2ccccc2)c2cc(Cl)ccc2N1CC1CC1,training,1
C[C@]12CC[C@@H]3c4ccc(OC(=O)N(CCCl)CCCl)cc4CC[C@H]3[C@@H]1CC[C@@H]2O,training,1
CC(CN(C)C)CN1c2ccccc2Sc2ccc(C#N)cc21,training,1
O=P1(NCCCl)OCCCN1CCCl,training,1
CCN(CC)CC#CCOC(=O)C(O)(c1ccccc1)C1CCCCC1,training,1
CN1CCN(C2=Nc3cc(Cl)ccc3Nc3ccccc32)CC1,training,1
CNC1(c2ccccc2Cl)CCCCC1=O,training,1
O=C1CN(N=Cc2ccc(-c3ccc([N+](=O)[O-])cc3)o2)C(=O)N1,training,1
COc1ccc(Cl)cc1C(=O)NCCc1ccc(S(=O)(=O)NC(=O)NC2CCCCC2)cc1,training,1
CC/C(=C(\c1ccccc1)c1ccc(OCCN(C)C)cc1)c1ccccc1,training,1
CO[C@H]1/C=C/O[C@@]2(C)Oc3c(C)c(O)c4c(O)c(c(/C=N/N5CCN(C)CC5)c(O)c4c3C2=O)NC(=O)/C(C)=C\C=C\[C@H](C)[C@H](O)[C@@H](C)[C@@H](O)[C@@H](C)[C@H](OC(C)=O)[C@@H]1C,training,1
O=C(O)Cc1ccccc1Nc1c(Cl)cccc1Cl,training,1
CC1=C(C(=O)O)N2C(=O)[C@@H](NC(=O)[C@H](N)c3ccccc3)[C@H]2SC1,training,1
CCC[C@@H]1C[C@@H](C(=O)NC(C(C)Cl)[C@H]2O[C@H](SC)[C@H](O)[C@@H](O)[C@H]2O)N(C)C1,training,1
Nc1c(Br)cc(Br)cc1CNC1CCC(O)CC1,training,1
CCS(=O)(=O)CCn1c([N+](=O)[O-])cnc1C,training,1
O=c1n(CCCN2CCN(c3cccc(Cl)c3)CC2)nc2ccccn12,training,1
C[C@H]1O[C@@H](O[C@H]2[C@@H](O)C[C@H](O[C@H]3[C@@H](O)C[C@H](O[C@H]4CC[C@]5(C)[C@H]6C[C@@H](O)[C@]7(C)[C@@H](C8=CC(=O)OC8)CC[C@]7(O)[C@@H]6CC[C@@H]5C4)O[C@@H]3C)O[C@@H]2C)C[C@H](O)[C@@H]1O,training,1
COc1cccc2c1C(=O)c1c(O)c3c(c(O)c1C2=O)C[C@@](O)(C(C)=O)C[C@@H]3O[C@H]1C[C@H](N)[C@H](O)[C@H](C)O1,training,1
CN1C(=O)CC(=O)N(c2ccccc2)c2cc(Cl)ccc21,training,1
COc1cccc2c1C(=O)c1c(O)c3c(c(O)c1C2=O)C[C@@](O)(C(=O)CO)C[C@@H]3O[C@H]1C[C@H](N)[C@H](O)[C@H](C)O1,training,1
CN1CCN2c3ccccc3Cc3ccccc3C2C1,training,1
CC(C)C[C@H]1C(=O)N2CCC[C@H]2[C@]2(O)O[C@](NC(=O)[C@@H]3C=C4c5cccc6[nH]c(Br)c(c56)C[C@H]4N(C)C3)(C(C)C)C(=O)N12,training,1
CN(C)CCOC1=Cc2ccccc2Sc2ccc(Cl)cc21,training,1
COc1cccc([C@@]2(O)CCCC[C@@H]2CN(C)C)c1,training,1
CCCCN1CCCC[C@H]1C(=O)Nc1c(C)cccc1C,training,1
FCOC(C(F)(F)F)C(F)(F)F,training,1
Cc1cnc(C(=O)NCCc2ccc(S(=O)(=O)NC(=O)NC3CCCCC3)cc2)cn1,training,1
COc1cc([C@@H]2c3cc4c(cc3[C@@H](O[C@@H]3O[C@@H]5CO[C@@H](c6cccs6)O[C@H]5[C@H](O)[C@H]3O)[C@H]3COC(=O)[C@H]23)OCO4)cc(OC)c1O,training,1
COC(=O)Nc1nc2ccc(C(=O)c3ccccc3)cc2[nH]1,training,1
Cc1cc(CC(=O)O)n(C)c1C(=O)c1ccc(Cl)cc1,training,1
COc1cc([C@@H]2c3cc4c(cc3[C@@H](O[C@@H]3O[C@@H]5CO[C@@H](C)O[C@H]5[C@H](O)[C@H]3O)[C@H]3COC(=O)[C@H]23)OCO4)cc(OC)c1O,training,1
CCc1cc2c(s1)N(C)C(=O)CN=C2c1ccccc1Cl,training,1
CCc1cc2c(s1)-n1c(C)nnc1CN=C2c1ccccc1Cl,training,1
CC(C)(Oc1ccc(CCNC(=O)c2ccc(Cl)cc2)cc1)C(=O)O,training,1
COc1ccc([C@@H]2Sc3ccccc3N(CCN(C)C)C(=O)[C@@H]2OC(C)=O)cc1,training,1
CN1CCN(C(=O)OC2c3nccnc3C(=O)N2c2ccc(Cl)cn2)CC1,training,1
CC(C)OC(=O)C(C)(C)Oc1ccc(C(=O)c2ccc(Cl)cc2)cc1,training,1
CC(C)(C)c1ccc(C(O)CCCN2CCC(C(O)(c3ccccc3)c3ccccc3)CC2)cc1,training,1
CCCC1O[C@@H]2C[C@H]3[C@@H]4CCC5=CC(=O)C=C[C@]5(C)[C@H]4[C@@H](O)C[C@]3(C)[C@]2(C(=O)CO)O1,training,1
CO[C@]12CC[C@@]3(C[C@@H]1[C@](C)(O)C(C)(C)C)[C@H]1Cc4ccc(O)c5c4[C@@]3(CCN1CC1CC1)[C@H]2O5,training,1
CC1(C)C(C=C(Cl)Cl)C1C(=O)OCc1cccc(Oc2ccccc2)c1,training,1
CN(C)C(=O)C(CCN1CCC(O)(c2ccc(Cl)cc2)CC1)(c1ccccc1)c1ccccc1,training,1
OC(c1cc(C(F)(F)F)nc2c(C(F)(F)F)cccc12)C1CCCCN1,training,1
CC[C@]1(O)C[C@H]2CN(CCc3c([nH]c4ccccc34)[C@@](C(=O)OC)(c3cc4c(cc3OC)N(C)[C@H]3[C@@](O)(C(N)=O)[C@H](O)[C@]5(CC)C=CCN6CC[C@]43[C@@H]65)C2)C1,training,1
C#C[C@]1(O)CC[C@H]2[C@@H]3CCC4=CCCC[C@@H]4[C@H]3C(=C)C[C@@]21CC,training,1
C#C[C@]1(O)CC[C@H]2[C@@H]3CCC4=CC(=O)CC[C@@H]4[C@H]3C(=C)C[C@@]21CC,training,1
CCCNCC(O)COc1ccccc1C(=O)CCc1ccccc1,training,1
CNCCC(Oc1ccc(C(F)(F)F)cc1)c1ccccc1,training,1
Clc1ccccc1CN1CCc2sccc2C1,training,1
O=C(C1CCCCC1)N1CC(=O)N2CCc3ccccc3C2C1,training,1
CCC(=O)N(c1ccccc1)C1(COC)CCN(CCc2cccs2)CC1,training,1
Cc1nnc2n1-c1sc(Br)cc1C(c1ccccc1Cl)=NC2,training,1
O=c1[nH]c2ccccc2n1CCCN1CCC(n2c(=O)[nH]c3cc(Cl)ccc32)CC1,training,1
CN1CCCC(n2nc(Cc3ccc(Cl)cc3)c3ccccc3c2=O)CC1,training,1
Cc1ncc2n1-c1ccc(Cl)cc1C(c1ccccc1F)=NC2,training,1
CN(C)CCCC1(c2ccc(F)cc2)OCc2cc(C#N)ccc21,training,1
CC(=O)N1CCN(c2ccc(OCC3COC(Cn4ccnc4)(c4ccc(Cl)cc4Cl)O3)cc2)CC1,training,1
CCCN1C[C@H](CSC)C[C@@H]2c3cccc4[nH]cc(c34)C[C@H]21,training,1
NS(=O)(=O)Cc1noc2ccccc12,training,1
COc1ccc(CCN2CCC(Nc3nc4ccccc4n3Cc3ccc(F)cc3)CC2)cc1,training,1
Cc1cnc(NC(=O)C2=C(O)c3ccccc3S(=O)(=O)N2C)s1,training,1
CCC(=O)N(c1ccccc1)C1(COC)CCN(CCn2nnn(CC)c2=O)CC1,training,1
CCC1=C[C@@H]2CN(C1)Cc1c([nH]c3ccccc13)[C@@](C(=O)OC)(c1cc3c(cc1OC)N(C)[C@H]1[C@](O)(C(=O)OC)[C@H](OC(C)=O)[C@]4(CC)C=CCN5CC[C@]31[C@@H]54)C2,training,1
CO[C@H]1O[C@@H]2O[C@@]3(C)CC[C@H]4[C@H](C)CC[C@@H]([C@H]1C)[C@]42OO3,training,1
CO[C@H]1/C=C/O[C@@]2(C)Oc3c(C)c(O)c4c(c3C2=O)C2=NC3(CCN(CC(C)C)CC3)NC2=C(NC(=O)/C(C)=C\C=C\[C@H](C)[C@H](O)[C@@H](C)[C@@H](O)[C@@H](C)[C@H](OC(C)=O)[C@@H]1C)C4=O,training,1
COc1ccccc1OCCNCC(O)COc1cccc2[nH]c3ccccc3c12,training,1
CC[C@H](C)C(=O)O[C@H]1C[C@@H](C)C=C2C=C[C@H](C)[C@H](CC[C@@H]3C[C@@H](O)CC(=O)O3)[C@H]21,training,1
CCOC(=O)[C@H](CCc1ccccc1)N[C@@H](C)C(=O)N1CCC[C@H]1C(=O)O,training,1
C[C@H]1[C@H](NC(=O)/C(=N\OC(C)(C)C(=O)O)c2csc([N+])n2)C(=O)N1S(=O)(=O)[O-],training,1
CN[C@H]1CC[C@@H](c2ccc(Cl)c(Cl)c2)c2ccccc21,training,1
CCOC(=O)N1CCC(=C2c3ccc(Cl)cc3CCc3cccnc32)CC1,training,1
CCC(C)(C)C(=O)O[C@H]1C[C@@H](C)C=C2C=C[C@H](C)[C@H](CC[C@@H]3C[C@@H](O)CC(=O)O3)[C@H]21,training,1
NC1=NCC2c3ccccc3Cc3ccccc3N12,training,1
CC[C@H](C)C(=O)O[C@H]1C[C@H](O)C=C2C=C[C@H](C)[C@H](CC[C@@H](O)C[C@@H](O)CC(=O)O)[C@H]21,training,1
COc1cc(N)c(Cl)cc1C(=O)N[C@@H]1CCN(CCCOc2ccc(F)cc2)C[C@@H]1OC,training,1
CC[C@H]1OC(=O)[C@H](C)[C@@H](O[C@H]2C[C@@](C)(OC)[C@@H](O)[C@H](C)O2)[C@H](C)[C@@H](O[C@@H]2O[C@H](C)C[C@H](N(C)C)[C@H]2O)[C@](C)(OC)C[C@@H](C)C(=O)[C@H](C)[C@@H](O)[C@]1(C)O,training,1
COc1cc2nc(N(C)CCCNC(=O)C3CCCO3)nc(N)c2cc1OC,training,1
Cc1ccc(-c2nc3ccc(C)cn3c2CC(=O)N(C)C)cc1,training,1
CCc1nn(CCCN2CCN(c3cccc(Cl)c3)CC2)c(=O)n1CCOc1ccccc1,training,1
CC(C)(C(=O)O)c1ccc(C(O)CCCN2CCC(C(O)(c3ccccc3)c3ccccc3)CC2)cc1,training,1
O=C(O)COCCN1CCN(C(c2ccccc2)c2ccc(Cl)cc2)CC1,training,1
CC[C@H]1OC(=O)[C@H](C)[C@@H](O[C@H]2C[C@@](C)(OC)[C@@H](O)[C@H](C)O2)[C@H](C)[C@@H](O[C@@H]2O[C@H](C)C[C@H](N(C)C)[C@H]2O)[C@](C)(O)C[C@@H](C)CN(C)[C@H](C)[C@@H](O)[C@]1(C)O,training,1
CCCN1CCCC[C@H]1C(=O)Nc1c(C)cccc1C,training,1
CN(C(=O)c1c(O)c2ccccc2n(C)c1=O)c1ccccc1,training,1
CC#C[C@]1(O)CC[C@H]2[C@@H]3CCC4=CC(=O)CCC4=C3[C@@H](c3ccc(N(C)C)cc3)C[C@@]21C,training,1
O=C(c1ccc(OCCN2CCCCC2)cc1)c1c(-c2ccc(O)cc2)sc2cc(O)ccc12,training,1
CCC(C)n1ncn(-c2ccc(N3CCN(c4ccc(OC[C@H]5CO[C@](Cn6cncn6)(c6ccc(Cl)cc6Cl)O5)cc4)CC3)cc2)c1=O,training,1
OCc1cc(C(O)CNCCCCCCOCCCCc2ccccc2)ccc1O,training,1
CN(C)CCOc1ccc(/C(=C(/CCCl)c2ccccc2)c2ccccc2)cc1,training,1
CC(O)(CS(=O)(=O)c1ccc(F)cc1)C(=O)Nc1ccc(C#N)c(C(F)(F)F)c1,training,1
CCCN(CCC)CCc1cccc2c1CC(=O)N2,training,1
O=C1NC(c2ccccc2)(c2ccccc2)C(=O)N1COP(=O)(O)O,training,1
CC(C)n1c(/C=C/[C@@H](O)C[C@@H](O)CC(=O)O)c(-c2ccc(F)cc2)c2ccccc21,training,1
CC(C)(C)NC(=O)[C@H]1CC[C@H]2[C@@H]3CC[C@H]4NC(=O)C=C[C@]4(C)[C@H]3CC[C@]12C,training,1
CC(C)Cn1cnc2c(N)nc3ccccc3c21,training,1
Cc1nccn1CC1CCc2c(c3ccccc3n2C)C1=O,training,1
COC(=O)C1=C(C)NC(C)=C(C(=O)OC(C)(C)CN(C)CCC(c2ccccc2)c2ccccc2)C1c1cccc([N+](=O)[O-])c1,training,1
CC(=O)OCC(CCn1cnc2cnc(N)nc21)COC(C)=O,training,1
COC(=O)C1=C(C)NC(C)=C(C(=O)O[C@H]2CCN(Cc3ccccc3)C2)[C@H]1c1cccc([N+](=O)[O-])c1,training,1
CC(C)C1CCC(C(=O)N[C@H](Cc2ccccc2)C(=O)O)CC1,training,1
CCOc1ccccc1OCCN[C@H](C)Cc1ccc(OC)c(S(N)(=O)=O)c1,training,1
Cc1nc2n(c(=O)c1CCN1CCC(c3noc4cc(F)ccc34)CC1)CCCC2,training,1
O=C1NCCN1CCN1CCC(c2cn(-c3ccc(F)cc3)c3ccc(Cl)cc23)CC1,training,1
CC(C)CC(N(C)C)C1(c2ccc(Cl)cc2)CCC1,training,1
COC(=O)[C@@H]1CC2=CC(=O)CC[C@]2(C)[C@@]23O[C@@H]2C[C@@]2(C)[C@@H](CC[C@@]24CCC(=O)O4)[C@H]13,training,1
C=CC[C@@H]1/C=C(\C)C[C@H](C)C[C@H](OC)[C@H]2O[C@@](O)(C(=O)C(=O)N3CCCC[C@H]3C(=O)O[C@H](/C(C)=C/[C@@H]3CC[C@@H](O)[C@H](OC)C3)[C@H](C)[C@@H](O)CC1=O)[C@H](C)C[C@@H]2OC,training,1
CN1[C@H]2CCC[C@@H]1CC(NC(=O)c1nn(C)c3ccccc13)C2,training,1
CCc1ccc(CCOc2ccc(CC3SC(=O)NC3=O)cc2)nc1,training,1
COC(=O)[C@H](c1ccccc1Cl)N1CCc2sccc2C1,training,1
CCCCc1nc(Cl)c(CO)n1Cc1ccc(-c2ccccc2-c2nn[nH]n2)cc1,training,1
COc1cc2c(cc1O)CCN[C@]21CS[C@@H]2c3c(OC(C)=O)c(C)c4c(c3[C@H](COC1=O)N1[C@@H](O)[C@@H]3Cc5cc(C)c(OC)c(O)c5[C@H]([C@H]21)N3C)OCO4,training,1
CC(=O)O[C@@]12CO[C@@H]1C[C@H](O)[C@@]1(C)C(=O)[C@H](O)C3=C(C)[C@@H](OC(=O)[C@H](O)[C@@H](NC(=O)OC(C)(C)C)c4ccccc4)C[C@@](O)([C@@H](OC(=O)c4ccccc4)[C@@H]12)C3(C)C,training,1
Cc1ccsc1C(=CCCN1CCC[C@@H](C(=O)O)C1)c1sccc1C,training,1
O=C(OC1C[C@@H]2CC3C[C@H](C1)N2CC3=O)c1c[nH]c2ccccc12,training,1
COCC(=O)O[C@]1(CCN(C)CCCc2nc3ccccc3[nH]2)CCc2cc(F)ccc2[C@@H]1C(C)C,training,1
COc1cc2c(cc1OC)C(=O)C(CC1CCN(Cc3ccccc3)CC1)C2,training,1
CCN[C@H]1C[C@H](C)S(=O)(=O)c2sc(S(N)(=O)=O)cc21,training,1
Cc1[nH]cnc1CN1CCc2c(c3ccccc3n2C)C1=O,training,1
CC(C)(C)N=C(O)[C@@H]1C[C@@H]2CCCC[C@@H]2CN1C[C@@H](O)[C@H](Cc1ccccc1)N=C(O)[C@H](CC(=N)O)NC(=O)c1ccc2ccccc2n1,training,1
CN(C)CCC[C@@]1(c2ccc(F)cc2)OCc2cc(C#N)ccc21,training,1
Cc1ccnc2c1NC(=O)c1cccnc1N2C1CC1,training,1
O=C1CCc2ccc(OCCCCN3CCN(c4cccc(Cl)c4Cl)CC3)cc2N1,training,1
COCCOC(=O)C1=C(C)NC(C)=C(C(=O)OC/C=C/c2ccccc2)C1c1cccc([N+](=O)[O-])c1,training,1
CC(C)c1c(C(=O)Nc2ccccc2)c(-c2ccccc2)c(-c2ccc(F)cc2)n1CCC(O)CC(O)CC(=O)[O-],training,1
CC(C)Nc1cccnc1N1CCN(C(=O)c2cc3cc(NS(C)(=O)=O)ccc3[nH]2)CC1,training,1
C[C@@H](c1ncncc1F)[C@](O)(Cn1cncn1)c1ccc(F)cc1F,training,1
CCN[C@H]1CN(CCCOC)S(=O)(=O)c2sc(S(N)(=O)=O)cc21,training,1
CCCc1nn(C)c2c(=O)nc(-c3cc(S(=O)(=O)N4CCN(C)CC4)ccc3OCC)[nH]c12,training,1
CN1CCC[C@@H]1Cc1c[nH]c2ccc(CCS(=O)(=O)c3ccccc3)cc12,training,1
COCc1c(C(C)C)nc(C(C)C)c(/C=C/[C@@H](O)C[C@@H](O)CC(=O)O)c1-c1ccc(F)cc1,training,1
COc1ccccc1Oc1c(NS(=O)(=O)c2ccc(C(C)(C)C)cc2)nc(-c2ncccn2)nc1OCCO,training,1
CC(C)(C)NC(=O)[C@@H]1CN(Cc2cccnc2)CCN1C[C@@H](O)C[C@@H](Cc1ccccc1)C(=O)N[C@H]1c2ccccc2C[C@H]1O,training,1
CCN(C(C)=O)c1cccc(-c2ccnc3c(C#N)cnn23)c1,training,1
Cc1ccc(NC(=O)c2ccc(CN3CCN(C)CC3)cc2)cc1Nc1nccc(-c2cccnc2)n1,training,1
C=C(c1ccc(C(=O)O)cc1)c1cc2c(cc1C)C(C)(C)CCC2(C)C,training,1
CN(C)CCc1c[nH]c2ccc(CS(=O)(=O)N3CCCC3)cc12,training,1
O=C1Nc2ccc(Cl)cc2[C@@](C#CC2CC2)(C(F)(F)F)O1,training,1
CC(C)c1nc(CN(C)C(=O)N[C@H](C(=O)N[C@@H](Cc2ccccc2)C[C@H](O)[C@H](Cc2ccccc2)NC(=O)OCc2cncs2)C(C)C)cs1,training,1
Cc1cncc(CN2CCC(=C3c4ccc(Cl)cc4CCc4cccnc43)CC2)c1,training,1
Cc1c(O)cccc1C(=O)N[C@@H](CSc1ccccc1)[C@H](O)CN1C[C@H]2CCCC[C@H]2C[C@H]1C(=O)NC(C)(C)C,training,1
C[C@]12CC[C@H]3[C@@H](CC[C@H]4NC(=O)C=C[C@]34C)[C@@H]1CC[C@@H]2C(=O)Nc1cc(C(F)(F)F)ccc1C(F)(F)F,training,1
Cc1ccc(-c2cc(C(F)(F)F)nn2-c2ccc(S(N)(=O)=O)cc2)cc1,training,1
CC(C)C[C@H](NC(=O)[C@H](Cc1ccccc1)NC(=O)c1cnccn1)B(O)O,training,1
Cc1onc(-c2ccccc2)c1-c1ccc(S(N)(=O)=O)cc1,training,1
COc1cc2ncnc(Nc3ccc(F)c(Cl)c3)c2cc1OCCCN1CCOCC1,training,1
Cc1cccc(C)c1OCC(=O)N[C@@H](Cc1ccccc1)[C@@H](O)C[C@H](Cc1ccccc1)NC(=O)[C@H](C(C)C)N1CCCNC1=O,training,1
CCC(=O)NS(=O)(=O)c1ccc(-c2c(-c3ccccc3)noc2C)cc1,training,1
CCCc1nc(C)c2c(=O)nc(-c3cc(S(=O)(=O)N4CCN(CC)CC4)ccc3OCC)[nH]n12,training,1
CC(C)CN(C[C@@H](OP(=O)(O)O)[C@H](Cc1ccccc1)NC(=O)O[C@H]1CCOC1)S(=O)(=O)c1ccc(N)cc1,training,1
CC(C)c1nc(N(C)S(C)(=O)=O)nc(-c2ccc(F)cc2)c1/C=C/[C@@H](O)C[C@@H](O)CC(=O)O,training,1
CC(c1cc2ccccc2s1)N(O)C(N)=O,training,1
C[C@]12CC[C@@H]3c4ccc(OS(=O)(=O)O)cc4CC[C@H]3[C@@H]1CCC2=O,training,1
CC(C)[C@@]1(NC(=O)[C@@H]2C[C@@H]3c4cccc5[nH]cc(c45)C[C@H]3N(C)C2)O[C@@]2(O)[C@@H]3CCCN3C(=O)[C@H](C)N2C1=O,training,1
C[C@]12CC[C@H]3[C@H]([C@@H]1[C@@H]1C[C@@H]1[C@@]21CCC(=O)O1)[C@H]1C[C@H]1C1=CC(=O)CC[C@@]13C,training,1
C[C@H](Cc1cc2c(c(C(N)=O)c1)N(CCCO)CC2)NCCOc1ccccc1OCC(F)(F)F,training,1
C[C@@H](Cc1ccccc1)N(C)Cc1ccccc1,training,1
C[C@@H](NCCCc1cccc(C(F)(F)F)c1)c1cccc2ccccc12,training,1
Cc1cc(C)cc(OCC2CNC(=O)O2)c1,training,1
N#C[C@@H]1C[C@@H]2C[C@@H]2N1C(=O)[C@@H](N)C12CC3CC(CC(O)(C3)C1)C2,training,1
COc1cc2c(cc1OC)CC(=O)N(CCCN(C)C[C@H]1Cc3cc(OC)c(OC)cc31)CC2,training,1
COC(=O)N[C@H](C(=O)N[C@@H](Cc1ccccc1)[C@@H](O)CN(Cc1ccc(-c2ccccn2)cc1)NC(=O)[C@@H](NC(=O)OC)C(C)(C)C)C(C)(C)C,training,1
CC1(C)O[C@@H]2C[C@H]3[C@@H]4C[C@H](F)C5=CC(=O)C=C[C@]5(C)[C@H]4[C@@H](O)C[C@]3(C)[C@]2(C(=O)CO)O1,training,1
CC1O[C@@]2(CS1)CN1CCC2CC1,training,1
COc1ccccc1OCC(O)CN1CCN(CC(=O)Nc2c(C)cccc2C)CC1,training,1
C=CCN1C[C@H](C(=O)N(CCCN(C)C)C(=O)NCC)C[C@@H]2c3cccc4[nH]cc(c34)C[C@H]21,training,1
C[C@]12CC[C@@H]3c4ccc(OS(=O)(=O)[O-])cc4CC[C@H]3[C@@H]1CCC2=O,training,1
CC[C@@H]1/C=C(\C)C[C@H](C)C[C@H](OC)[C@H]2O[C@@](O)(C(=O)C(=O)N3CCCC[C@H]3C(=O)O[C@H](/C(C)=C/[C@@H]3CC[C@H](Cl)[C@H](OC)C3)[C@H](C)[C@@H](O)CC1=O)[C@H](C)C[C@@H]2OC,training,1
O=C1c2cccc3c2[C@H](CCC3)CN1[C@@H]1CN2CCC1CC2,training,1
N[C@@H](Cc1cc(I)c(Oc2cc(I)c(O)c(I)c2)c(I)c1)C(=O)O,training,1
CCCCCc1cc(O)c2c(c1)OC(C)(C)[C@@H]1CCC(C)=C[C@@H]21,training,1
CC(C)(O)c1ccccc1CC[C@@H](SCC1(CC(=O)O)CC1)c1cccc(/C=C/c2ccc3ccc(Cl)cc3n2)c1,training,1
O=C1CC2(CCCC2)CC(=O)N1CCCCN1CCN(c2ncccn2)CC1,training,1
NC(=O)C(c1ccccc1)(c1ccccc1)[C@@H]1CCN(CCc2ccc3c(c2)CCO3)C1,training,1
COc1ccc2c3c1O[C@H]1C(=O)CC[C@@]4(O)[C@@H](C2)N(C)CC[C@]314,training,1
C#Cc1cccc(Nc2ncnc3cc(OCCOC)c(OCCOC)cc23)c1,training,1
COc1cc(C(=O)NS(=O)(=O)c2ccccc2C)ccc1Cc1cn(C)c2ccc(NC(=O)OC3CCCC3)cc12,training,1
Clc1cccc(Cl)c1NC1=NCCN1,training,1
NC[C@H]1O[C@H](O[C@@H]2[C@@H](N)C[C@@H](N)[C@H](O[C@H]3O[C@H](CO)[C@@H](O)[C@H](N)[C@H]3O)[C@H]2O)[C@H](N)C[C@@H]1O,training,1
CC(CN(C)C)CN1c2ccccc2CCc2ccccc21,training,1
N=C(N)c1ccc(OCCCCCOc2ccc(C(=N)N)cc2)cc1,training,1
CC1Cc2ccccc2N1NC(=O)c1ccc(Cl)c(S(N)(=O)=O)c1,training,1
Cc1nc2c([nH]1)CCN(C(=O)c1ccc(NC(=O)c3ccccc3-c3ccccc3)cc1)c1ccccc1-2,training,1
C[C@@H](/C=C/[C@@H](C)[C@H]1CC[C@H]2/C(=C/C=C3C[C@@H](O)C[C@H](O)C3)CCC[C@@]21C)C(C)(C)O,training,1
CCC[C@@]1(CCc2ccccc2)CC(O)=C([C@H](CC)c2cccc(NS(=O)(=O)c3ccc(C(F)(F)F)cn3)c2)C(=O)O1,training,1
COc1ccc2c3c1O[C@H]1C(=O)CC[C@H]4[C@@H](C2)N(C)CC[C@]314,training,1
O=C1CCc2cc(OCCCCc3nnnn3C3CCCCC3)ccc2N1,training,1
COc1cc([C@H]2c3cc4c(cc3[C@H](O)[C@H]3COC(=O)[C@H]23)OCO4)cc(OC)c1OC,training,1
CN1CC[C@]23c4c5ccc(O)c4O[C@H]2C(=O)CC[C@@]3(O)[C@H]1C5,training,1
Cc1nc(Nc2ncc(C(=O)Nc3c(C)cccc3Cl)s2)cc(N2CCN(CCO)CC2)n1,training,1
C=C[C@]1(C)C[C@@H](OC(=O)CSC2C[C@@H]3CC[C@H](C2)N3C)[C@]2(C)[C@H](C)CC[C@]3(CCC(=O)[C@H]32)[C@@H](C)[C@@H]1O,training,1
CS(=O)(=O)CCNCc1ccc(-c2ccc3ncnc(Nc4ccc(OCc5cccc(F)c5)c(Cl)c4)c3c2)o1,training,1
N[C@@H](CC(=O)N1CCn2c(nnc2C(F)(F)F)C1)Cc1cc(F)c(F)cc1F,training,1
CC[C@@H]([C@H](C)O)n1ncn(-c2ccc(N3CCN(c4ccc(OC[C@@H]5CO[C@@](Cn6cncn6)(c6ccc(F)cc6F)C5)cc4)CC3)cc2)c1=O,training,1
CC(C)CN(C[C@@H](O)[C@H](Cc1ccccc1)NC(=O)O[C@H]1CO[C@H]2OCC[C@@H]12)S(=O)(=O)c1ccc(N)cc1,training,1
CCN(CC)CCNC(=O)c1c(C)[nH]c(/C=C2\C(=O)Nc3ccc(F)cc32)c1C,training,1
CC(=O)OCC(=O)[C@@]1(O)CC[C@H]2[C@@H]3CCC4=CC(=O)CC[C@]4(C)[C@H]3C(=O)C[C@@]21C,training,1
C[N+]1(C)[C@H]2CC(OC(=O)C(O)(c3cccs3)c3cccs3)C[C@@H]1[C@H]1O[C@@H]21,training,1
Cc1cc(=O)n(-c2ccccc2)n1C,training,1
CN(C)S(=O)(=O)c1ccc2c(c1)N(CCCN1CCC(CCO)CC1)c1ccccc1S2,training,1
C/C(=C\c1csc(C)n1)[C@@H]1C[C@@H]2O[C@]2(C)CCC[C@H](C)[C@H](O)[C@@H](C)C(=O)C(C)(C)[C@@H](O)CC(=O)N1,training,1
CCCCc1oc2ccc(NS(C)(=O)=O)cc2c1C(=O)c1ccc(OCCCN(CCCC)CCCC)cc1,training,1
Cc1cn(-c2cc(NC(=O)c3ccc(C)c(Nc4nccc(-c5cccnc5)n4)c3)cc(C(F)(F)F)c2)cn1,training,1
C[C@H]1CNCCc2ccc(Cl)cc21,training,1
O=c1[nH]c2ccccc2n1CCN1CCN(c2cccc(C(F)(F)F)c2)CC1,training,1
OCCOc1ccc(/C(=C(/CCCl)c2ccccc2)c2ccccc2)cc1,training,1
COc1cc(C(C)=O)ccc1OCCCN1CCC(c2noc3cc(F)ccc23)CC1,training,1
CCc1cc2c(cc1CC)CC(NC[C@H](O)c1ccc(O)c3[nH]c(=O)ccc13)C2,training,1
CCCN(CCc1cccs1)[C@H]1CCc2c(O)cccc2C1,training,1
CCOc1cc([C@@H](CS(C)(=O)=O)N2C(=O)c3cccc(N=C(C)O)c3C2=O)ccc1OC,training,1
CN(C)C(=O)NC1CCC(CCN2CCN(c3cccc(Cl)c3Cl)CC2)CC1,training,1
Cc1c(C(=O)NN2CCCCC2)nn(-c2ccc(Cl)cc2Cl)c1-c1ccc(Cl)cc1,training,1
C/C=C1\N=C(O)[C@H]2CSSCCC=C[C@H](CC(O)=N[C@H](C(C)C)C(O)=N2)OC(=O)[C@H](C(C)C)N=C1O,training,1
Cn1c(=O)cc(N2CCC[C@@H](N)C2)n(Cc2ccccc2C#N)c1=O,training,1
CC(=O)Oc1cc2c(s1)CCN(C(C(=O)C1CC1)c1ccccc1F)C2,training,1
Cc1ccccc1C(=O)Nc1ccc(C(=O)N2CCC[C@@H](O)c3cc(Cl)ccc32)c(C)c1,training,1
COc1ccc(CNc2nc(N3CCC[C@H]3CO)ncc2C(=O)NCc2ncccn2)cc1Cl,training,1
CCCOc1ccc(S(=O)(=O)NCCC2CCCN2C)cc1-c1nc(=O)c2c([nH]1)c(CCC)nn2C,training,1
O=C(O)COCCN1CCN([C@H](c2ccccc2)c2ccc(Cl)cc2)CC1,training,1
COc1ccc2c(O[C@H]3C[C@H]4C(=O)N(C)CCCC/C=C\[C@@H]5C[C@@]5(C(O)=NS(=O)(=O)C5CC5)N=C(O)[C@@H]4C3)cc(-c3nc(C(C)C)cs3)nc2c1C,training,1
CCOc1ccc(Cc2cc([C@@H]3O[C@H](CO)[C@@H](O)[C@H](O)[C@H]3O)ccc2Cl)cc1,training,1
COC(c1ccccc1)(c1ccccc1)[C@H](Oc1nc(C)cc(C)n1)C(=O)O,training,1
Cc1cc(C#N)cc(C)c1Oc1nc(Nc2ccc(C#N)cc2)nc(N)c1Br,training,1
COc1ccc(-n2nc(C(N)=O)c3c2C(=O)N(c2ccc(N4CCCCC4=O)cc2)CC3)cc1,training,1
COc1cc(Nc2c(C#N)cnc3cc(OCCCN4CCN(C)CC4)c(OC)cc23)c(Cl)cc1Cl,training,1
CN=C(O)c1ccccc1Sc1ccc2c(/C=C/c3ccccn3)[nH]nc2c1,training,1
N#Cc1ccc2[nH]cc(CCCCN3CCN(c4ccc5oc(C(N)=O)cc5c4)CC3)c2c1,training,1
CCCCN(CCCC)CC(O)c1cc(Cl)cc2c1-c1ccc(Cl)cc1/C2=C/c1ccc(Cl)cc1,training,1
CO[C@H]1C[C@H]2OC[C@@]2(OC(C)=O)[C@H]2[C@H](OC(=O)c3ccccc3)[C@]3(O)C[C@H](OC(=O)[C@H](O)[C@@H](NC(=O)OC(C)(C)C)c4ccccc4)C(C)=C([C@@H](OC)C(=O)[C@]12C)C3(C)C,training,1
O=C1[C@H]2[C@@H]3CC[C@@H](C3)[C@H]2C(=O)N1C[C@@H]1CCCC[C@H]1CN1CCN(c2nsc3ccccc23)CC1,training,1
CCCSc1nc(N[C@@H]2C[C@H]2c2ccc(F)c(F)c2)c2nnn([C@@H]3C[C@H](OCCO)[C@@H](O)[C@H]3O)c2n1,training,1
CC(C)(C)c1cc(C(C)(C)C)c(NC(=O)c2c[nH]c3ccccc3c2=O)cc1O,training,1
O=C(NC1CCN(CCCCC2(C(=O)NCC(F)(F)F)c3ccccc3-c3ccccc32)CC1)c1ccccc1-c1ccc(C(F)(F)F)cc1,training,1
C[C@@H](Oc1cc(-c2cnn(C3CCNCC3)c2)cnc1N)c1c(Cl)ccc(F)c1Cl,training,1
CC(=O)[C@@]1(O)CC[C@H]2[C@@H]3CCC4=CC(=O)CCC4=C3[C@@H](c3ccc(N(C)C)cc3)C[C@@]21C,training,1
COc1cc2nccc(Oc3ccc(NC(=O)C4(C(=O)Nc5ccc(F)cc5)CC4)cc3)c2cc1OC,training,1
N#CC[C@H](C1CCCC1)n1cc(-c2ncnc3[nH]ccc23)cn1,training,1
CCCS(=O)(=O)Nc1ccc(F)c(C(=O)c2c[nH]c3ncc(-c4ccc(Cl)cc4)cc23)c1F,training,1
Nc1nc(CC(=O)Nc2ccc(CCNC[C@H](O)c3ccccc3)cc2)cs1,training,1
C[C@@H]1CCN(C(=O)CC#N)C[C@@H]1N(C)c1ncnc2[nH]ccc12,training,1
CNC(=O)c1cc(Oc2ccc(NC(=O)Nc3ccc(Cl)c(C(F)(F)F)c3)c(F)c2)ccn1,training,1
CNC(=O)c1ccc(N2C(=S)N(c3ccc(C#N)c(C(F)(F)F)c3)C(=O)C2(C)C)cc1F,training,1
Cc1ccc(C(=O)Nc2ccc(CN3CCN(C)CC3)c(C(F)(F)F)c2)cc1C#Cc1cnc2cccnn12,training,1
COc1nc2ccc(Br)cc2cc1[C@@H](c1ccccc1)[C@@](O)(CCN(C)C)c1cccc2ccccc12,training,1
C[C@@H]1C[C@H]2[C@@H]3C[C@H](F)C4=CC(=O)C=C[C@]4(C)[C@@]3(F)[C@@H](O)C[C@]2(C)[C@@]1(OC(=O)c1ccco1)C(=O)SCF,training,1
Cc1ccc([C@@H]2O[C@H](CO)[C@@H](O)[C@H](O)[C@H]2O)cc1Cc1ccc(-c2ccc(F)cc2)s1,training,1
Nc1cccc2c1C(=O)N(C1CCC(=O)NC1=O)C2=O,training,1
CCN(CC)C(=O)[C@@]1(c2ccccc2)C[C@H]1CN,training,1
COC(=O)N(C)c1c(N)nc(-c2nn(Cc3ccccc3F)c3ncccc23)nc1N,training,1
CCCNS(=O)(=O)Nc1ncnc(OCCOc2ncc(Br)cn2)c1-c1ccc(Br)cc1,training,1
CCCCCCCC(O)=N[C@H](CN1CCCC1)[C@H](O)c1ccc2c(c1)OCCO2,training,1
C=CCN1CC[C@]23c4c5ccc(O)c4O[C@H]2[C@@H](OCCOCCOCCOCCOCCOCCOCCOC)CC[C@@]3(O)[C@H]1C5,training,1
C=CC(=O)N1CCC[C@@H](n2nc(-c3ccc(Oc4ccccc4)cc3)c3c(N)ncnc32)C1,training,1
Cc1ccc(Sc2ccccc2N2CC[N+]CC2)c(C)c1,training,1
O=C(c1cc(Cc2nnc(O)c3ccccc23)ccc1F)N1CCN(C(=O)C2CC2)CC1,training,1
OCc1cc([C@@H](O)CNCCCCCCOCCOCc2c(Cl)cccc2Cl)ccc1O,training,1
COc1cc2c(cc1Cc1cccc(Cl)c1F)c(=O)c(C(=O)O)cn2[C@H](CO)C(C)C,training,1
O=c1ccc2ccc(OCCCCN3CCN(c4cccc5sccc45)CC3)cc2[nH]1,training,1
COc1c(-c2ccc3cc(NS(C)(=O)=O)ccc3c2)cc(-n2ccc(=O)[nH]c2=O)cc1C(C)(C)C,training,1
C[C@@H](OC[C@@]1(c2ccccc2)CC[C@]2(CCC(=O)N2)CN1)c1cc(C(F)(F)F)cc(C(F)(F)F)c1,training,1
Cc1cnc(C(=O)N[C@H]2CCCCC/C=C\[C@H]3C[C@@]3(C(=O)NS(=O)(=O)C3CC3)NC(=O)[C@@H]3C[C@@H](Oc4nc5ccccc5c5ccccc45)CN3C2=O)cn1,training,1
CC1(C)CCC(CN2CCN(c3ccc(C(=O)NS(=O)(=O)c4ccc(NCC5CCOCC5)c([N+](=O)[O-])c4)c(Oc4cnc5[nH]ccc5c4)c3)CC2)=C(c2ccc(Cl)cc2)C1,training,1
CNCc1ccc(-c2[nH]c3cc(F)cc4c3c2CCNC4=O)cc1,training,1
CC(=O)O[C@@H]1[C@H](N)[C@@H](OP(=O)(O)O)[C@@]2(C(=O)O)CS[C@@](O)(C(N)=O)[C@@H]1O2,training,0
N#Cc1c(NC(=O)c2ccccc2F)sc2c1CCCC2,training,0
[N+]C[C@H](N)C(=O)O,training,0
COc1ccc2c3c1O[C@@H]1C[C@H](O)C=C[C@]31CC[N+](CCCCCCCCN1C(=O)c3ccccc3C1=O)=C2,training,0
C[C@H](O)[C@@H](C)O,training,0
OC[C@H]1O[C@@H](n2cnc3cc(Cl)c(Cl)cc32)[C@H](O)[C@@H]1O,training,0
CC[C@]1(O)CC[C@H]2[C@@H]3CCC4=CCCC[C@@H]4[C@H]3CC[C@@]21C,training,0
c1cc(-c2cnn3cc(-c4ccc(OCCN5CCCCC5)cc4)cnc23)ccn1,training,0
O[C@H]1C(NCC[C@@H]2CCCCN2)=NC[C@H](Cl)N1CCNCc1csc2ccc(Cl)cc12,training,0
O=C(O)c1[nH]c(C(=O)O)c(-c2c[nH]c3ccccc23)c1-c1c[nH]c2ccccc12,training,0
CC1=C[C@H](C)[C@]2(CO)CO[C@H](c3ccc(O)cc3)[C@H]1[C@@H]2C,training,0
CCC[C@H](NCc1c(COP(=O)(O)O)cnc(C)c1O)C(=O)O,training,0
Cc1cnc2c(c1)c(C)c(C)c1cc(C)c[n+](C)c12,training,0
CCC[C@H](N[C@@H](C)C(=O)N1[C@H](C(=O)O)C[C@@H]2CCCC[C@@H]21)C(=O)OCC,training,0
Cc1cc(C2=NC(=O)N=C(c3ccccc3)C2)ccc1O,training,0
NCCCn1cc(C2=C(c3c[nH]c4ccccc34)C(=O)NC2=O)c2ccccc21,training,0
O[C@@H]1Cc2c(ccc3ccc4ccccc4c23)[C@@H](O)[C@@H]1O,training,0
C[C@]12C/C(=C/O)C(=O)C[C@@H]1CC[C@@H]1[C@@H]2CC[C@@]2(C)[C@H]1CC[C@]2(C)O,training,0
O=[N+]([O-])c1ccc(O[C@@H]2O[C@H](CO)[C@@H](O)[C@H](O)[C@H]2F)c([N+](=O)[O-])c1,training,0
O=C(O)Cc1cccc(OCCCN(Cc2cccc(C(F)(F)F)c2Cl)C[C@H](c2ccccc2)C2CCCCC2)c1,training,0
CCOc1ccnc(CCNC(=S)Nc2ccc(C#N)cn2)c1F,training,0
O=P([O-])([O-])OC1[C@@H](O)[C@H](O)C(O)[C@H](O)[C@H]1O,training,0
NCC1(c2ccccc2)CCCC1,training,0
C[C@H](Oc1cccc2nc(N)nc(N)c12)c1cccc(Cl)c1,training,0
CC(=O)NCCSSCCNC(=O)C1CCC(NC(=O)c2nccnc2C(=O)O)CC1,training,0
NC[C@@H](c1ccc(Cl)cc1)c1ccc(-c2cn[nH]c2)cc1,training,0
CCC(=O)CCC(C)(C)O,training,0
O=C1NC(=O)C(c2ccc(Oc3ccccc3)cc2)(N2CCN(c3ncccn3)CC2)C(=O)N1,training,0
Cc1nnc(-c2ccc(C)c(-c3ccc(C(=O)Nc4cccc(C#N)c4)cc3)c2)o1,training,0
c1ccc(CC2=NCCN2)cc1,training,0
COC(=O)[C@@]1(O)C[C@H]2O[C@]1(C)n1c3ccccc3c3c4c(c5c6ccccc6n2c5c31)C(=O)NC4,training,0
CCC[C@@](C)(O)[C@H]1C[C@@]23C=C[C@]1(OC)[C@@H]1Oc4c(OC(C)=O)ccc5c4[C@@]12CCN(C)[C@@H]3C5,training,0
Cn1c[n+](C)c2c(O)nc(N)nc21,training,0
Cc1oncc1C(=O)Nc1ccc(C(F)(F)F)cc1,training,0
O=P(O)(O)C(O)(Cc1cccc(-c2ccc(-c3ccccc3)cc2)c1)P(=O)(O)O,training,0
C[N+]1(CCCCC[N+]2(C)CCCC2)CCCC1,training,0
C=CC1CN2CCC1CC2C(O)c1ccnc2ccc(OC)cc12,training,0
O=C([C@@H]1CCCN1)N1CCC[C@H]1B(O)O,training,0
S=P(N1CC1)(N1CC1)N1CC1,training,1
C[C@]12CC(=O)[C@H]3[C@@H](CCC4=CC(=O)C=C[C@@]43C)[C@@H]1CC[C@]2(O)C(=O)CO,training,1
CCOC(=O)C1(c2ccccc2)CCN(C)CC1,training,1
CNC1=Nc2ccc(Cl)cc2C(c2ccccc2)=[N+]([O-])C1,training,1
CN(C)[C@@H]1C(O)=C(C(N)=O)C(=O)[C@@]2(O)C(O)=C3C(=O)c4c(O)cccc4[C@@](C)(O)[C@H]3C[C@@H]12,training,1
O=[N+]([O-])O[C@H]1CO[C@H]2[C@@H]1OC[C@H]2O[N+](=O)[O-],training,1
COc1cc(NC(C)CCCN)c2ncccc2c1,training,1
COc1c2occc2cc2ccc(=O)oc12,training,1
CCC(=O)N(c1ccccc1)C1CCN(CCc2ccccc2)CC1,training,1
Cc1c(C)c2c(c(C)c1O)CC[C@@](C)(CCC[C@H](C)CCC[C@H](C)CCCC(C)C)O2,training,1
CC(C)N=c1cc2n(-c3ccc(Cl)cc3)c3ccccc3nc-2cc1Nc1ccc(Cl)cc1,training,1
O=[N+]([O-])O[C@@H]1CO[C@@H]2[C@@H](O)CO[C@H]12,training,1
CCN(CC)C(=O)N[C@H]1C=C2c3cccc4[nH]cc(c34)C[C@H]2N(C)C1,training,1
Clc1ccc(COC(Cn2ccnc2)c2ccc(Cl)cc2Cl)c(Cl)c1,training,1
CC(=O)O[C@H]1C(=O)[C@]2(C)[C@@H](O)C[C@H]3OC[C@@]3(OC(C)=O)[C@H]2[C@H](OC(=O)c2ccccc2)[C@]2(O)C[C@H](OC(=O)[C@H](O)[C@@H](NC(=O)c3ccccc3)c3ccccc3)C(C)=C1C2(C)C,training,1
CCCSc1ccc2nc(NC(=O)OC)[nH]c2c1,training,1
CN1CCN2c3ncccc3Cc3ccccc3C2C1,training,1
CCOc1ccccc1O[C@H](c1ccccc1)[C@H]1CNCCO1,training,1
OCCOCCN1CCN(C2=Nc3ccccc3Sc3ccccc32)CC1,training,1
CN(CCOc1ccc(NS(C)(=O)=O)cc1)CCc1ccc(NS(C)(=O)=O)cc1,training,1
C[C@]12CC[C@@H]3c4ccc(O)cc4C[C@@H](CCCCCCCCCS(=O)CCCC(F)(F)C(F)(F)F)C3[C@@H]1CC[C@@H]2O,training,1
CCOc1cc(CC(=O)N[C@@H](CC(C)C)c2ccccc2N2CCCCC2)ccc1C(=O)O,training,1
CC(C)C(=O)OCC(=O)[C@@]12O[C@H](C3CCCCC3)O[C@@H]1C[C@H]1[C@@H]3CCC4=CC(=O)C=C[C@]4(C)[C@H]3[C@@H](O)C[C@@]12C,training,1
O=C1Cc2cc(CCN3CCN(c4nsc5ccccc45)CC3)c(Cl)cc2N1,training,1
CC(C)CN(C[C@@H](O)[C@H](Cc1ccccc1)NC(=O)O[C@H]1CCOC1)S(=O)(=O)c1ccc(N)cc1,training,1
C[C@@H](O[C@H]1OCCN(Cc2n[nH]c(=O)[nH]2)[C@H]1c1ccc(F)cc1)c1cc(C(F)(F)F)cc(C(F)(F)F)c1,training,1
Cc1ccc(-c2ncc(Cl)cc2-c2ccc(S(C)(=O)=O)cc2)cn1,training,1
CC(C)[N+]1(C)[C@H]2CC[C@@H]1CC(OC(=O)C(CO)c1ccccc1)C2,training,1
CCC1(C)OC(=O)N(C)C1=O,training,1
C[C@@H](CO)NC(=O)[C@@H]1C=C2c3cccc4[nH]cc(c34)C[C@H]2N(C)C1,training,1
Cc1nnc(C(C)C)n1C1C[C@@H]2CC[C@H](C1)N2CC[C@H](N=C(O)C1CCC(F)(F)CC1)c1ccccc1,training,1
CCC[C@H](NC(=O)[C@@H]1[C@H]2CCC[C@H]2CN1C(=O)[C@@H](NC(=O)[C@@H](NC(=O)c1cnccn1)C1CCCCC1)C(C)(C)C)C(=O)C(=O)NC1CC1,training,1
CN1CC2c3ccccc3Oc3ccc(Cl)cc3C2C1,training,1
O=C(NC[C@H]1CN(c2ccc(N3CCOCC3=O)cc2)C(=O)O1)c1ccc(Cl)s1,training,1
Cc1cc(/C=C/C#N)cc(C)c1Nc1ccnc(Nc2ccc(C#N)cc2)n1,training,1
CC(=O)c1c(C)c2cnc(Nc3ccc(N4CCNCC4)cn3)nc2n(C2CCCC2)c1=O,training,1
COc1cc2nccc(Oc3ccc(NC(O)=NC4CC4)c(Cl)c3)c2cc1C(=N)O,training,1
Cc1c(C(=O)Nc2ccc(N3C[C@H](C)O[C@H](C)C3)nc2)cccc1-c1ccc(OC(F)(F)F)cc1,training,1
O=C(CNS(=O)(=O)C1CCCCC1)N[C@H](CCNC1=CC=[N+]C=C1)C(=O)N1CCCCC1,training,0
Cc1cc(S(=O)(=O)O)ccc1-n1nc(C)c(/N=N/c2cc(S(=O)(=O)O)ccc2C(=O)O)c1O,training,0
C[C@H](NC(=O)[C@H](Cc1ccccc1)NC(=O)[C@H](S)Cc1ccccc1)C(=O)O,training,0
O=C(O/N=C/c1ccc(O)c(F)c1)C1CCCCC1,training,0
Cc1ccc(C(=O)Nc2ccc(S(=O)(=O)O)c3cc(S(=O)(=O)O)cc(S(=O)(=O)O)c23)cc1NC(=O)c1cccc(NC(=O)Nc2cccc(C(=O)Nc3cc(C(=O)Nc4ccc(S(=O)(=O)O)c5cc(S(=O)(=O)O)cc(S(=O)(=O)O)c45)ccc3C)c2)c1,training,0
CSc1ccc2c(c1)N(CCC1CCCCN1C)c1ccccc1S2,training,0
CC(C)CCC(=O)CC1c2ccccc2C(=O)N1c1ccc2ccc(Cl)nc2n1,training,0
CC(=O)N[C@H]1[C@H](OP(=O)(O)OP(=O)(O)OC[C@@H]2O[C@@H](n3ccc(=O)[nH]c3=O)[C@H](O)[C@H]2O)O[C@H](CO)[C@H](O)[C@@H]1O[C@@](C)(OP(=O)(O)O)C(=O)O,training,0
O=C(O)c1cccc(/C=N/OCCO/N=C/c2cc(=O)[nH]c(=O)[nH]2)c1,training,0
OCCOc1ccccc1-c1ccc(F)c(F)c1F,training,0
C[N+]1(C)CCC(=C(c2ccccc2)c2ccccc2)CC1,training,0
C=C1/C(=C\C=C2/CCC[C@@]3(C)[C@H]2CC[C@@H]3[C@H](C)/C=C/[C@@H](O)C2CC2)C[C@@H](O)C[C@@H]1O,training,0
C[C@H](NC1=NC(=O)[C@](C)(C(C)(C)O)S1)c1ccc(F)cc1,training,0
O=S(=O)(OC[C@H]1O[C@@H](O[C@]2(COS(=O)(=O)O[Al](O)O)O[C@H](OS(=O)(=O)O[Al](O)O)[C@@H](OS(=O)(=O)O[Al](O)O)[C@@H]2OS(=O)(=O)O[Al](O)O)[C@H](OS(=O)(=O)O[Al](O)O)[C@@H](OS(=O)(=O)O[Al](O)O)[C@@H]1OS(=O)(=O)O[Al](O)O)O[Al](O)O,training,0
CCCCN,training,0
COCC#CC[C@@H](NS(=O)(=O)c1ccc(-c2ccc(OC)cc2)cc1)C(=O)O,training,0
C[C@@H](O[PH](C)=O)C(C)(C)C,training,0
Cc1ccc2c(c1C)CN(C(=O)N(C)C)C[C@@H]2c1cccc(O)c1,training,0
O=C(O)c1ccc(-c2ccc(F)cc2)cc1,training,0
O=C(N[C@H](CO)c1ccc(F)c(Cl)c1)c1cc(-c2n[nH]cc2-c2cccc(Cl)c2)c[nH]1,training,0
NC12CC3CC(CC(C3)C1)C2,training,0
CC(C)(C)c1cc(NC(=O)Nc2cccc3ccccc23)n(-c2cccc(N)c2)n1,training,0
CCCC(CCC)C(=O)N[C@@H]1Cc2ccc(S(N)(=O)=O)cc2C1,training,0
CC(C(=O)O)c1ccc2c(c1)CC(=O)c1ccccc1S2,training,0
CN1CCC(=C2c3ccccc3CC(=O)c3sccc32)CC1,training,0
O=C(CCC1CCN(Cc2ccccc2)CC1)c1ccc2c(c1)NCCCC2,training,0
O=C1NC=N[C@H]2C(CN3C[C@H](O)[C@@H](CO)C3)=CN[C@@H]12,training,0
Cc1c(Cl)cccc1NC(=O)[C@H]1CC(=O)N(C2CCCCC2)C1,training,0
CCCC[C@H](C(=O)O)c1c[nH]c2ccccc12,training,0
Cc1cc(C)cc(Nc2nccc(-c3nc(C)c(C(=O)N[C@@H](C)CO)s3)n2)c1,training,0
Cc1c(/N=C2\O[C@@H](C(F)(F)F)[C@@H]3[C@@H](O)CCN23)ccc(C#N)c1Cl,training,0
Cc1cccc(Cl)c1Nc1nc2ccc(N3CCN[C@@H](C)C3)cc2n2cncc12,training,0
CN1CCC[C@@H]1CCn1cc(C2=C(c3c[nH]c4ccccc34)C(=O)NC2=O)c2ccccc21,training,0
O=P(O)(O)OC[C@@H](O)[C@@H](O)[C@H](O)[C@@H](O)CO,training,0
CC(=[N+])C(=O)[O-],training,0
O=C([O-])[C@@H]1O[Sb]2([O-])(O[Sb]34(O)O[C@H]([C@H](C(=O)[O-])O3)[C@@H]([C@H](O)CO)O4)O[C@H]1[C@@H]([C@H](O)CO)O2,training,0
CC(=O)N1N=C(c2ccc(N)cc2)c2cc3c(cc2C[C@H]1C)OCO3,training,0
CC(C)[C@@H](NC(N)=O)C(=O)O,training,0
Oc1ccc([C@@H]2Oc3cccc(O)c3[C@@H]3CCC[C@@H]32)cc1,training,0
Cc1cccc2c(=O)[nH]c(CCCN3CC=C(c4ccc(F)cc4)CC3)nc12,training,0
CN(C)CCC=C1c2ccccc2CCc2ccccc21,training,1
O=C(CCCN1CCC(O)(c2ccc(Cl)cc2)CC1)c1ccc(F)cc1,training,1
COC(F)(F)C(Cl)Cl,training,1
CCN(CC)CCCC(C)Nc1c2ccc(Cl)cc2nc2ccc(OC)cc12,training,1
CCN(CC)C(=S)SSC(=S)N(CC)CC,training,1
CN1C[C@H](C(=O)N[C@]2(C)O[C@@]3(O)[C@@H]4CCCN4C(=O)[C@H](Cc4ccccc4)N3C2=O)C=C2c3cccc4[nH]cc(c34)C[C@H]21,training,1
C=C[C@H]1CN2CC[C@H]1C[C@H]2[C@H](O)c1ccnc2ccc(OC)cc12,training,1
NC(=O)N1c2ccccc2C=Cc2ccccc21,training,1
COc1ccc2c3c1O[C@H]1C[C@@H](O)C=C[C@@]31CCN(C)C2,training,1
CN1CC[C@]23c4c5ccc(O)c4O[C@H]2C(=O)CC[C@H]3[C@H]1C5,training,1
CCC(=O)O[C@](Cc1ccccc1)(c1ccccc1)[C@H](C)CN(C)C,training,1
O=C1CN=C(c2ccccn2)c2cc(Br)ccc2N1,training,1
O=c1[nH]c2ccccc2n1C1CCN(CCCC(c2ccc(F)cc2)c2ccc(F)cc2)CC1,training,1
C1CCC(C(CC2CCCCN2)C2CCCCC2)CC1,training,1
Fc1ccccc1C1=NCC(=S)N(CC(F)(F)F)c2ccc(Cl)cc21,training,1
CCCCN1CCCCC1C(=O)Nc1c(C)cccc1C,training,1
CCc1nn(CCCN2CCN(c3cccc(Cl)c3)CC2)c(=O)n1CC,training,1
COC(=O)C1=C(C)NC(C)=C(C(=O)OCCN(C)Cc2ccccc2)C1c1cccc([N+](=O)[O-])c1,training,1
CCCCN(CCCC)CCC(O)c1cc2c(Cl)cc(Cl)cc2c2cc(C(F)(F)F)ccc12,training,1
COc1cc2nc(N3CCN(C(=O)C4COc5ccccc5O4)CC3)nc(N)c2cc1OC,training,1
C[C@H]1CNc2c(cccc2S(=O)(=O)N[C@@H](CCCN=C(N)N)C(=O)N2CC[C@@H](C)C[C@@H]2C(=O)O)C1,training,1
COC(=O)C1=C(C)NC(C)=C(C(=O)OC(C)C)C1c1cccc2nonc12,training,1
COc1ccc(C(CN(C)C)C2(O)CCCCC2)cc1,training,1
Cc1c(C)c2c(c(C)c1O)CCC(C)(COc1ccc(CC3SC(=O)NC3=O)cc1)O2,training,1
CCc1c2c(nc3ccc(OC(=O)N4CCC(N5CCCCC5)CC4)cc13)-c1cc3c(c(=O)n1C2)COC(=O)[C@]3(O)CC,training,1
C=C1C[C@@H]2[C@H](CC[C@]3(C)C(=O)CC[C@@H]23)[C@@]2(C)C=CC(=O)C=C12,training,1
N#Cc1ccc(C(c2ccc(C#N)cc2)n2cncn2)cc1,training,1
CN(C)CC/C=C1/c2ccccc2COc2ccc(CC(=O)O)cc21,training,1
Cc1nc(C)c2c(n1)N(Cc1ccc(-c3ccccc3-c3nn[nH]n3)cc1)C(=O)CC2,training,1
CN1CC(=O)N2[C@H](Cc3c([nH]c4ccccc34)[C@H]2c2ccc3c(c2)OCO3)C1=O,training,1
CC[C@H]1OC(=O)[C@H](C)C(=O)[C@H](C)[C@@H](O[C@@H]2O[C@H](C)C[C@H](N(C)C)[C@H]2O)[C@](C)(OC)C[C@@H](C)C(=O)[C@H](C)[C@H]2N(CCCCn3cnc(-c4cccnc4)c3)C(=O)O[C@]12C,training,1
CN1CCN(C(=O)O[C@H]2c3nccnc3C(=O)N2c2ccc(Cl)cn2)CC1,training,1
CN(C)CC(c1ccc(O)cc1)C1(O)CCCCC1,training,1
CNC(=O)c1cc(Oc2ccc(NC(=O)Nc3ccc(Cl)c(C(F)(F)F)c3)cc2)ccn1,training,1
COc1c(C)c2c(c(O)c1C/C=C(\C)CCC(=O)OCCN1CCOCC1)C(=O)OC2,training,1
CCC(=O)NCC[C@@H]1CCc2ccc3c(c21)CCO3,training,1
CC1=CC(=O)N2CC(=O)N(C)c3ccc(Cl)cc3C2(c2ccccc2)O1,training,1
C[C@]12CC[C@H]3[C@@H](CC=C4C[C@@H](O)CC[C@@]43C)[C@@H]1CC=C2c1cccnc1,training,1
Cc1ccc(Nc2nccc(N(C)c3ccc4c(C)n(C)nc4c3)n2)cc1S(N)(=O)=O,training,1
Cc1[nH]c2ccccc2c1CCNCc1ccc(/C=C/C(O)=NO)cc1,training,1
C[C@H](CCC(=O)O)[C@H]1CC[C@H]2[C@H]3[C@H](CC[C@@]21C)[C@@]1(C)CC[C@@H](O)C[C@H]1C[C@H]3O,training,1
CC(C)(C)NC(=O)N[C@H](C(=O)N1C[C@H]2[C@@H]([C@H]1C(=O)NC(CC1CCC1)C(=O)C(N)=O)C2(C)C)C(C)(C)C,training,1
N#Cc1ccccc1-c1cc(-c2ccccn2)cn(-c2ccccc2)c1=O,training,1
CC(C)(C)c1nc(-c2cccc(NS(=O)(=O)c3c(F)cccc3F)c2F)c(-c2ccnc(N)n2)s1,training,1
CC(C)N(CCCCOCC(=O)NS(C)(=O)=O)c1cnc(-c2ccccc2)c(-c2ccccc2)n1,training,1
O=C(O)C1C[C@H](O)CN1,test,0
O=C(O)[C@@H]1CCCN1,test,0
O=C(O)[C@@H](CS)Cc1ccccc1,test,0
COc1cc(C(=O)[O-])ccc1O,test,0
C[C@H](N)[C@@H](O)c1ccccc1,test,0
CCCN(CC)C(CC)C(O)=Nc1c(C)cccc1C,test,0
CC[C@H](C=O)[C@@H](CNS(=O)(=O)c1ccc([N+](=O)[O-])cc1)C(=O)O,test,0
O=P(O)(O)Oc1ccccc1,test,0
N[C@@H](COS(=O)(=O)Cc1ccccc1)C(=O)O,test,0
CCCCNc1ccc(C(=O)OCCOCCOCCOCCOCCOCCOCCOCCOCCOC)cc1,test,0
CCS/C(N)=N/c1ccccc1,test,0
C=C(CC)C(=O)c1ccc(OCC(=O)O)c(Cl)c1Cl,test,0
CC(=O)N[C@H](Cc1ccc(Cl)cc1)[B-](O)(O)O,test,0
CCNC(C)Cc1cccc(C(F)(F)F)c1,test,0
N[C@@H](Cc1ccc(O)cc1)C(=O)O,test,0
CCCC(=O)Nc1c(I)cc(I)c(/C=C(\CC)C(=O)O)c1I,test,0
O=S(O)c1ccccc1,test,0
O=C(O)CC[C@H](NC(=O)N[C@@H](CSCc1ccc(F)cc1)C(=O)O)C(=O)O,test,0
CC(=O)Nc1ccc(O)cc1,test,1
CCN(CC)CC(=O)Nc1c(C)cccc1C,test,1
CC(C)/N=C(\N)N=C(N)Nc1ccc(Cl)cc1,test,1
C#CCN(C)C(C)Cc1ccccc1,test,1
Cc1ccc(C)c(OCCCC(C)(C)C(=O)O)c1,test,1
CC(NC(C)(C)C)C(=O)c1cccc(Cl)c1,test,1
CC(C)NCC(O)COc1ccc(COCCOC(C)C)cc1,test,1
CCCCCCCCc1ccc(CCC(N)(CO)CO)cc1,test,1
COCCCOc1cc(C[C@@H](C[C@H](N)[C@@H](O)C[C@H](C(=O)NCC(C)(C)C(N)=O)C(C)C)C(C)C)ccc1OC,test,1
CCOC(=O)CCc1ccc(S(N)(=O)=O)cc1,test,0
CC(CC(C#N)(c1ccccc1)C(C)C)N(C)C,test,0
N[C@H](C(=O)O)c1ccc(O)cc1,test,0
CC(C)C(=O)Nc1ccc([N+](=O)[O-])c(C(F)(F)F)c1,test,1
CC(C)C[C@H](N=C(O)CN=C(O)c1cc(Cl)ccc1Cl)B(O)O,test,1
O=C(O)CCCCc1ccccc1,test,0
COc1ccc(CCC(=O)O)cc1OC,test,0
NC(=O)OCC(COC(N)=O)c1ccccc1,test,1
CN(N=O)C(=O)N[C@H]1[C@@H](O)O[C@H](CO)[C@@H](O)[C@@H]1O,test,0
O=P(O)(O)OC[C@H]1O[C@@H](O)[C@H](O)[C@@H](O)[C@H]1O,test,0
OC[C@H]1O[C@@H](S)[C@H](O)[C@@H](O)[C@@H]1O,test,0
O=C(O)[C@H]1O[C@@H](O)[C@H](O)[C@@H](O)[C@H]1O,test,0
O=S(=O)(O)O[C@@H]1[C@@H](O)O[C@@H](CO)[C@H](O)[C@@H]1OS(=O)(=O)O,test,0
OC[C@@H](O)[C@@H]1O[C@H](O)[C@@H](O)[C@H](O)[C@H]1O,test,0
O=C(O)[C@@]1(O)C=C[C@H](O)[C@@H](O)C1,test,0
CC(C=CC1=C(C)CCCC1(C)C)=CC=CC(C)=CC(=O)O,test,1
O=S(=O)(O)c1ccc2ccccc2c1,test,0
CC(C)NCC(O)COc1cccc2ccccc12,test,1
O=C(O)COc1cccc2ccccc12,test,0
Nc1ccn([C@H]2CC[C@@H](CO)O2)c(=O)n1,test,1
COC(=O)C1=C(C)NC(C)=C(C(=O)OC)C1c1ccccc1[N+](=O)[O-],test,1
CCOC(=O)C1=C(C)NC(C)=C(C(=O)OC)C1c1cccc([N+](=O)[O-])c1,test,1
COCCOC(=O)C1=C(C)NC(C)=C(C(=O)OC(C)C)C1c1cccc([N+](=O)[O-])c1,test,1
CCOC(=O)C1=C(C)NC(C)=C(C(=O)OC)C1c1cccc(Cl)c1Cl,test,1
CCOC(=O)C1=C(COCCN)NC(C)=C(C(=O)OC)C1c1ccccc1Cl,test,1
COC(=O)C1=C(C#N)NC(C)=C(C(=O)OC(C)C)C1c1cccc([N+](=O)[O-])c1,test,1
Cc1cn([C@@H]2O[C@@H](COP(=O)(O)O)[C@H](O)[C@H]2O)c(=O)[nH]c1=O,test,0
Cc1cn([C@H]2C[C@H](N=[N+]=[N-])[C@@H](CO)O2)c(=O)[nH]c1=O,test,1
Cc1cn([C@H]2C[C@@H](N)[C@H](COP(=O)(O)O)O2)c(=O)[nH]c1=O,test,0
CC[C@H](OC(C)=O)C(C[C@H](C)N(C)C)(c1ccccc1)c1ccccc1,test,1
NC(=O)CS(=O)C(c1ccccc1)c1ccccc1,test,1
CC[C@H](OC(C)=O)C(C[C@@H](C)N(C)C)(c1ccccc1)c1ccccc1,test,0
CN(C)CCOC(c1ccc(Cl)cc1)c1ccccn1,test,1
CP(=O)(O)OC[C@@H]1O[C@@H](n2cnc3c(N)ncnc32)[C@H](O)[C@H]1O,test,0
CC(C)(COP(=O)(O)OP(=O)(O)OC[C@@H]1O[C@@H](n2cnc3c(N)ncnc32)[C@H](O)[C@H]1OP(=O)(O)O)[C@@H](O)C(=O)NCCC(=O)NCCSS,test,0
Nc1ncnc2c1ncn2[C@@H]1O[C@@H](COP(=O)(O)OS(=O)(=O)O)[C@H](O)[C@H]1O,test,0
Nc1ncnc2c1ncn2[C@@H]1O[C@@H](CO[W-]([O+])(O)O[W-]([O+])(O)O)[C@H](O)[C@H]1O,test,0
C[C@H]1C[C@H]2[C@@H]3C[C@H](F)C4=CC(=O)C=C[C@]4(C)[C@@]3(F)[C@@H](O)C[C@]2(C)[C@@]1(O)C(=O)CCl,test,0
C[C@@H]1C[C@H]2[C@@H]3CCC4=CC(=O)C=C[C@]4(C)[C@@]3(F)[C@@H](O)C[C@]2(C)[C@@]1(O)C(=O)CO,test,1
C[C@]12C[C@H](O)[C@@]3(F)[C@@H](CCC4=CC(=O)C=C[C@@]43C)[C@@H]1C[C@@H](O)[C@]2(O)C(=O)CO,test,1
C[C@]12C[C@H](O)[C@H]3[C@@H](CCC4=CC(=O)CC[C@@]43C)[C@@H]1CC[C@]2(O)C(=O)CO,test,1
CC(=O)[C@H]1CC[C@H]2[C@@H]3CCC4=CC(=O)CC[C@]4(C)[C@H]3CC[C@]12C,test,1
CCCCCC(=O)O[C@]1(C(C)=O)CC[C@H]2[C@@H]3CCC4=CC(=O)CC[C@]4(C)[C@H]3CC[C@@]21C,test,1
C=C1CC[C@H](O)C/C1=C/C=C1\CCC[C@@]2(C)[C@H]1CC[C@@H]2[C@H](C)/C=C/[C@H](C)C(C)C,test,1
C=C1/C(=C\C=C2/CCC[C@@]3(C)[C@H]2CC[C@@H]3[C@H](C)CCCC(C)(C)O)C[C@@H](O)C[C@@H]1O,test,1
C=C1CC[C@H](O)C/C1=C/C=C1\CCC[C@@]2(C)[C@H]1CC[C@@H]2[C@H](C)CCCC(C)C,test,1
C[C@]12C[C@H](O)[C@H]3[C@@H](CCC4=CC(=O)C=C[C@@]43C)[C@@H]1CC[C@]2(O)C(=O)CO,test,1
C[C@@H]1C[C@H]2[C@H]3[C@H]([C@@H](O)C[C@]2(C)[C@@]1(O)C(=O)CO)[C@@]1(C)C=CC(=O)C=C1C[C@H]3Cl,test,1
O=C1CN=C(c2ccccc2Cl)c2cc([N+](=O)[O-])ccc2N1,test,1
O=C(O)C1N=C(c2ccccc2)c2cc(Cl)ccc2NC1=O,test,1
CCC(c1ccccc1)c1c(O)c2ccccc2oc1=O,test,1
CC(=O)CC(c1ccc([N+](=O)[O-])cc1)c1c(O)c2ccccc2oc1=O,test,1
C[C@H](O)C[C@H](c1ccccc1)c1c(O)c2ccccc2oc1=O,test,0
Cc1c(OCC(F)(F)F)ccnc1CS(=O)c1nc2ccccc2[nH]1,test,1
COc1ccnc(CS(=O)c2nc3ccc(OC(F)F)cc3[nH]2)c1OC,test,1
CN(C)Cc1nnc2n1-c1ccc(Cl)cc1C(c1ccccc1)=NC2,test,1
Cc1nnc2n1-c1ccc(Cl)cc1C(c1ccccc1Cl)=NC2,test,1
CC(=O)N1CCC[C@H]1C(=O)O,val,0
C[C@H]1C[C@@H](N)N[C@@H]1C(=O)O,val,0
C[C@H]1C[C@@H](N(C)O)N[C@@H]1C(=O)O,val,0
Cc1ccc(C)c(N)c1,val,0
CCN(CC)CCOC(=O)c1ccc(N)cc1,val,0
N=C(N)NC(=N)NCCc1ccccc1,val,0
CC(=O)N[C@@H](C)C(=O)N[C@@H](Cc1ccccc1)C(=O)CCCl,val,0
Clc1cc(Cl)cc(Cl)c1,val,0
O=C(O)/C=C/c1ccc(O)cc1O,val,0
COC[C@@H](O)[C@H](CC(C)C)NC(=O)[C@H](CC(C)C)NC(=O)OCc1ccccc1,val,0
N=C(N)NC(=N)SCc1cccc(C(F)(F)F)c1,val,0
Nc1ccccc1C(=O)O,val,0
O=C(O)/C=C/c1ccc(O)c(O)c1,val,0
CCCC[C@H](NC(=O)CCC(=O)O)P(=O)(O)Oc1ccccc1,val,0
CCCCC[C@H](C)c1cc([N+](=O)[O-])cc([N+](=O)[O-])c1O,val,0
N[C@@H](Cc1ccc(OP(=O)(O)O)cc1)C(=O)O,val,0
N[C@@H](Cc1ccccc1)[C@@H](O)CCl,val,0
CCOP(=O)(OCC)Oc1ccc(OC)cc1,val,0
CNC[C@H](O)c1ccc(O)c(O)c1,val,0
O=C(O)CC[C@H](CP(=O)(O)Cc1ccc(I)cc1)C(=O)O,val,0
CC(C)(CCl)C(=O)Nc1ccc(C(F)(F)F)cc1,val,0
CCc1ccc(NC(=O)P(=O)(O)O)cc1,val,0
NC(=O)c1cccc(O)c1O,val,0
NNCCc1ccccc1,val,1
CCOc1ccc(NC(C)=O)cc1,val,1
Oc1ccc(O)cc1,val,1
CCOC(=O)C(C)(C)Oc1ccc(Cl)cc1,val,1
CC(C)(C)NCC(O)c1ccc(O)c(CO)c1,val,1
Cc1cccc(C)c1OCC(C)N,val,1
N=C(N)NC(=O)Cc1c(Cl)cccc1Cl,val,1
CCN(CC)C(=O)Nc1ccc(OCC(O)CNC(C)(C)C)c(C(C)=O)c1,val,1
OCc1ccccc1,val,1
CC(C)=CCC/C(C)=C/CC/C(C)=C/CC/C(C)=C/CC/C(C)=C/CC/C(C)=C/CC/C(C)=C/CC/C(C)=C/Cc1ccccc1O,val,0
N[C@@H](C(=O)O)c1ccc(O)cc1,val,0
CC(C)c1cccc(C(C)C)c1O,val,1
CC(C)NCC(O)COc1ccc(CC(N)=O)cc1,val,1
CC(O)=N[C@H]1[C@@H](O)O[C@H](CO)[C@@H](O)[C@@H]1O,val,0
OC1OC[C@H](O)[C@@H](O)[C@@H]1O,val,0
C[C@H]1O[C@@H](O)[C@H](O)[C@@H](O)[C@H]1O,val,0
CO[C@H]1O[C@@H](C)[C@@H](O)[C@@H](O)[C@@H]1O,val,0
OC[C@]1(O)OC[C@H](O)[C@@H](O)[C@@H]1O,val,0
CC1=C(/C=C/C(C)=C/C=C/C(C)=C/CO)C(C)(C)CCC1,val,1
CC1=C(/C=C/C(C)=C\C=C\C(C)=C/C(=O)O)C(C)(C)CCC1,val,1
COc1ccc2c(C(=S)N(C)CC(=O)O)cccc2c1C(F)(F)F,val,0
COc1ccc2cc(CCC(C)=O)ccc2c1,val,0
CN(C/C=C/C#CC(C)(C)C)Cc1cccc2ccccc12,val,1
O=c1ncccn1[C@@H]1O[C@H](CO)[C@@H](O)[C@H]1O,val,0
Nc1ccn([C@H]2C[C@@H](O)[C@H](COP(=O)(O)OP(=O)(O)OP(=O)(O)O)O2)c(=O)n1,val,0
Nc1ccn([C@@H]2O[C@H](CO)[C@@H](O)[C@@H]2O)c(=O)n1,val,1
COC(=O)C1=C(C)NC(C)=C(C(=O)OCC(C)C)C1c1ccccc1[N+](=O)[O-],val,1
CCOC(=O)C1=C(C)NC(C)=C(C(=O)OCC)C1c1ccccc1/C=C/C(=O)OC(C)(C)C,val,1
Cc1cn([C@H]2C[C@@H](O)[C@H](COP(=O)(O)OP(=O)(O)O)O2)c(=O)[nH]c1=O,val,0
NCCCCCCOP(=O)(O)OP(=O)(O)OC[C@@H]1O[C@@H](n2ccc(=O)[nH]c2=O)[C@H](O)[C@H]1O,val,0
CCC(=O)C(CC(C)N(C)C)(c1ccccc1)c1ccccc1,val,1
Cc1ccccc1C(OCCN(C)C)c1ccccc1,val,1
Cc1ccc(O)c([C@H](CCN(C(C)C)C(C)C)c2ccccc2)c1,val,1
CC(C)C(=O)Oc1ccc(CO)cc1[C@H](CCN(C(C)C)C(C)C)c1ccccc1,val,1
CN(C)CCC(c1ccc(Br)cc1)c1ccccn1,val,1
CN(C)CCC(c1ccc(Cl)cc1)c1ccccn1,val,1
CC(C)N(CCC(C(N)=O)(c1ccccc1)c1ccccn1)C(C)C,val,1
Nc1ncnc2c1ncn2[C@@H]1O[C@@H](C[Se]CC[C@H](N)C(=O)O)[C@H](O)[C@H]1O,val,0
O=C(O)C[C@H](Nc1ncnc2c1ncn2[C@@H]1O[C@H](COP(=O)(O)O)[C@@H](O)[C@H]1O)C(=O)O,val,0
Nc1ncnc2c1nc(Br)n2[C@@H]1O[C@@H](COP(=O)(O)OP(=O)(O)O)[C@H](O)[C@H]1O,val,0
Cc1ncnc2c1ncn2[C@H]1C[C@@H](O)[C@H](CO)O1,val,0
CCC(=O)O[C@]1(C(=O)SCF)[C@H](C)C[C@H]2[C@@H]3C[C@H](F)C4=CC(=O)C=C[C@]4(C)[C@@]3(F)[C@@H](O)C[C@@]21C,val,1
CC(=O)[C@@]1(O)CC[C@H]2[C@@H]3C[C@H](C)C4=CC(=O)C=C[C@]4(C)[C@@]3(F)[C@@H](O)C[C@@]21C,val,1
CC(=O)[C@H]1CC[C@H]2[C@@H]3C[C@H](C)C4=CC(=O)CC[C@]4(C)[C@H]3[C@@H](O)C[C@]12C,val,0
C[C@]1(O)CC[C@H]2[C@@H]3CCC4=CC(=O)CC[C@]4(C)[C@H]3CC[C@@]21C,val,1
CC(=O)O[C@]1(C(C)=O)CC[C@H]2[C@@H]3C[C@H](C)C4=CC(=O)CC[C@]4(C)[C@H]3CC[C@@]21C,val,1
C[C@]12CC[C@H]3[C@@H](CCC4=CC(=O)CC[C@@]43C)[C@@H]1CC[C@@H]2O,val,1
C=C1/C(=C\C=C2/CCC[C@]3(C)[C@@H](C#CC#CC(C)(C)O)CC[C@@H]23)C[C@@H](O)C[C@@H]1O,val,0
C[C@H]1C[C@H]2[C@@H]3CC[C@](O)(C(=O)CO)[C@@]3(C)C[C@H](O)[C@@H]2[C@@]2(C)C=CC(=O)C=C12,val,1
C[C@@H]1C[C@H]2[C@@H]3C[C@H](F)C4=CC(=O)C=C[C@]4(C)[C@H]3[C@@H](O)C[C@]2(C)[C@@]1(O)C(=O)CO,val,1
O=C1CN=C(c2ccccc2)c2cc([N+](=O)[O-])ccc2N1,val,1
CN1C(=O)CN=C(c2ccccc2)c2cc(Cl)ccc21,val,1
O=C1Nc2ccc(Cl)cc2C(c2ccccc2)=NC1O,val,1
CN1C(=O)C(O)N=C(c2ccccc2)c2cc(Cl)ccc21,val,1
CN1C(=O)CN=C(c2ccccc2F)c2cc([N+](=O)[O-])ccc21,val,1
CCN(CC)CCN1C(=O)CN=C(c2ccccc2F)c2cc(Cl)ccc21,val,1
CC(=O)CC(c1ccccc1)c1c(O)c2ccccc2oc1=O,val,1
COc1ccc2nc(S(=O)Cc3ncc(C)c(OC)c3C)[nH]c2c1,val,1
COCCCOc1ccnc(CS(=O)c2nc3ccccc3[nH]2)c1C,val,1
Cc1nnc2n1-c1ccc(Cl)cc1C(c1ccccc1)=NC2,val,1
Clc1ccc2c(c1)C(c1ccccc1)=NCc1nncn1-2,val,1
