smiles,group,FDAMDD
COc1ccc2c(c1)c(CC(=O)OCC(=O)O)c(C)n2C(=O)c1ccc(Cl)cc1,training,1
CC(=O)N=S(=O)([O-])c1cc(N)ccc1S(=O)(=O)c1ccc(N)cc1,training,0
CC(=O)N[C@@H](CS)C(=O)O,training,0
C[C@]12CCC(=O)C=C1CC[C@@H]1[C@@H]2[C@@H](O)C[C@]2(C=O)[C@@H](C(=O)CO)CC[C@@H]12,training,1
CCC(=O)N(c1ccccc1)C1(COC)CCN(CCn2nnn(CC)c2=O)CC1,training,1
NCCCNCCSP(=O)(O)O,training,0
CCC1(c2ccc(N)cc2)CCC(=O)NC1=O,training,0
CC(C)c1ccc2oc3nc(N)c(C(=O)O)cc3c(=O)c2c1,training,1
COc1cc(NS(C)(=O)=O)ccc1Nc1c2ccccc2nc2ccccc12,training,1
COc1ccc(C2C(=O)c3ccccc3C2=O)cc1,training,0
CCCC(CCC)C(=O)OC1C[C@@H]2CC[C@H](C1)[N+]2(C)C,training,1
c1ccc(CN(CC2=NCCN2)c2ccccc2)cc1,training,0
CC(C)(C)NCC(O)CSc1nc(-c2ccc(C(N)=O)s2)cs1,training,1
CO[C@H]1[C@@H](O)[C@H](N)[C@@H](O[C@H]2O[C@H]([C@H](C)N)CC[C@H]2N)[C@H](O)[C@@H]1N(C)C(=O)CN,training,0
CC(=O)OC[C@H]1O[C@@H](n2ncc(=O)[nH]c2=O)[C@H](OC(C)=O)[C@@H]1OC(C)=O,training,0
CC1(C)S[C@@H]2[C@H](NC(=O)[C@@H](NC(=O)N3CCNC3=O)c3ccccc3)C(=O)N2[C@H]1C(=O)O,training,0
CN(Cc1cc(Br)cc(Br)c1N)C1CCCCC1,training,1
O=C(CCCN1CCC(O)(c2ccc(Br)cc2)CC1)c1ccc(F)cc1,training,1
CC(C)(C)NCC(O)COc1cccc2c1CCCC2=O,training,1
CCCCN1CCCCC1C(=O)Nc1c(C)cccc1C,training,0
COC12CC[C@@]3(C[C@@H]1[C@](C)(O)C(C)(C)C)[C@H]1Cc4ccc(O)c5c4[C@@]3(CCN1CC1CC1)[C@H]2O5,training,1
CS(=O)(=O)OCCCCOS(C)(=O)=O,training,1
CC(C)CC1Nc2cc(Cl)c(S(N)(=O)=O)cc2S(=O)(=O)N1,training,1
CC1=C(/C=C/C(C)=C/C=C/C(C)=C/C=C/C=C(C)/C=C/C=C(C)/C=C/C2=C(C)C(=O)CCC2(C)C)C(C)(C)CCC1=O,training,0
CN1c2cc(O)c(N=NC(N)=O)cc2CC1S(=O)(=O)[O-],training,1
CC1(C)[C@@H](OC(=O)CCC(=O)O)CC[C@@]2(C)[C@H]1CC[C@]1(C)[C@@H]2C(=O)C=C2[C@@H]3C[C@@](C)(C(=O)O)CC[C@]3(C)CC[C@]21C,training,1
O=NN(CCCl)C(=O)NCCCl,training,1
CC1=C(C(=O)O)N2C(=O)[C@@H](NC(=O)[C@H](N)c3ccc(O)cc3)[C@H]2SC1,training,0
C=CC1=C(C(=O)O)N2C(=O)[C@@H](NC(=O)/C(=N\OCC(=O)O)c3csc(N)n3)[C@H]2SC1,training,0
O=C(O)C1=C(CSc2nnnn2CS(=O)(=O)O)CS[C@@H]2[C@H](NC(=O)[C@H](O)c3ccccc3)C(=O)N12,training,0
CO[C@@]1(NC(=O)Cc2cccs2)C(=O)N2C(C(=O)O)=C(COC(N)=O)CS[C@@H]21,training,0
O=C(Cn1cnnn1)N[C@@H]1C(=O)N2C(C(=O)O)=C(CSc3nncs3)CS[C@H]12,training,0
CO/N=C(\C(=O)N[C@@H]1C(=O)N2C(C(=O)O)=C(CSc3nc(=O)c(=O)[nH]n3C)CS[C@H]12)c1csc(N)n1,training,0
CC(=O)OCC1=C(C(=O)O)N2C(=O)[C@@H](NC(=O)[C@H](N)c3ccccc3)[C@H]2SC1,training,0
CC(=O)OCC1=C(C(=O)O)N2C(=O)[C@@H](NC(=O)Cc3cccs3)[C@H]2SC1,training,0
CN=C1CN(O)C(c2ccccc2)=c2cc(Cl)ccc2=N1,training,1
CC(=O)O[C@]1(C(C)=O)CC[C@H]2[C@@H]3C=C(Cl)C4=CC(=O)CC[C@]4(C)[C@H]3CC[C@@]21C,training,1
NS(=O)(=O)c1cc(C2(O)NC(=O)c3ccccc32)ccc1Cl,training,1
Nc1nc(Cl)nc2c1ncn2[C@H]1C[C@H](O)[C@@H](CO)O1,training,1
CCC[C@@H]1C[C@@H](C(=O)N[C@H]([C@H](C)Cl)[C@H]2O[C@H](SC)[C@H](O)[C@@H](O)[C@H]2O)N(C)C1,training,0
C[C@]12C[C@H](O)[C@H]3[C@@H](C=C(Cl)C4=CC(=O)C=C[C@@]43C)[C@@H]1CC[C@]2(O)C(=O)CO,training,1
Cc1onc(-c2ccccc2Cl)c1C(=O)N[C@@H]1C(=O)N2[C@@H](C(=O)O)C(C)(C)S[C@H]12,training,0
CN1CCN(C2=Nc3cc(Cl)ccc3Nc3ccccc32)CC1,training,0
CC1(C)S[C@@H]2[C@H](NC(=O)C3(N)CCCCC3)C(=O)N2[C@H]1C(=O)O,training,0
CN1CCN(C(c2ccccc2)c2ccccc2)CC1,training,0
CC1(C)N=C(N)N=C(N)N1c1ccc(Cl)cc1,training,1
NS(=O)(=O)c1cc2c(cc1Cl)NC(CC1CCCC1)NS2(=O)=O,training,1
CN1CCC(=C2c3ccccc3C=Cc3ccccc32)CC1,training,1
CC(=O)O[C@]1(C(C)=O)CC[C@H]2[C@@H]3C=C(Cl)C4=CC(=O)[C@@H]5C[C@@H]5[C@]4(C)[C@H]3CC[C@@]21C,training,0
N[C@@H](CS)C(=O)O,training,0
C#C[C@]1(O)CC[C@H]2[C@@H]3CCC4=CCCC[C@@H]4[C@H]3C(=C)C[C@@]21CC,training,1
CN(C)CC[C@@H](c1ccc(Br)cc1)c1ccccn1,training,1
C[C@@]12CCCCC[C@@H](Cc3ccc(O)cc31)[C@@H]2N,training,1
CN(C)CCN1C(=O)c2ccccc2N(C)c2ccccc21,training,0
O[C@@H]([C@H](O)[C@@H](O)CBr)[C@@H](O)CBr,training,0
O=C(O)C(Cl)Cl,training,0
Cc1onc(-c2c(Cl)cccc2Cl)c1C(=O)N[C@@H]1C(=O)N2[C@@H](C(=O)O)C(C)(C)S[C@H]12,training,0
CC/C(=C(/CC)c1ccc(O)cc1)c1ccc(O)cc1,training,0
N#CC(CCN1CCC(C(=O)O)(c2ccccc2)CC1)(c1ccccc1)c1ccccc1,training,1
O=C(O)c1cc(-c2ccc(F)cc2F)ccc1O,training,0
CC(C)[C@@H](C)/C=C/[C@@H](C)[C@H]1CC[C@H]2/C(=C/C=C3\C[C@@H](O)CC[C@@H]3C)CCC[C@@]21C,training,1
CCCCC[C@H](O)/C=C/[C@H]1[C@H](O)CC(=O)[C@@H]1C/C=C\CCCC(=O)O,training,1
OC(CCCN1CCCCC1)(c1ccccc1)c1ccccc1,training,0
CN(C)CC/C=C1\c2ccccc2CSc2ccccc21,training,1
C[C@@H]1C[C@@]2(C)[C@@H](CC[C@H]3[C@@H]4CC[C@H](O)[C@@]4(C)CC[C@@H]32)CC1=O,training,1
Cn1c(=O)c2c(ncn2CC(O)CO)n(C)c1=O,training,0
CCOP(=O)(OCC)SCC[N+](C)(C)C,training,1
CCOc1c(N2CCOCC2)cnn(C)c1=O,training,0
COc1ccc(C(=O)Nc2ccccc2CCC2CCCCN2C)cc1,training,1
COc1cccc2c1C(=O)c1c(O)c3c(c(O)c1C2=O)C[C@@](O)(C(=O)CO)C[C@@H]3O[C@H]1C[C@H](N)[C@@H](O)[C@H](C)O1,training,1
Clc1ccc2c(c1)C(c1ccccc1)=NCc1nncn1-2,training,1
CCCCC(=O)O[C@H]1CC[C@H]2[C@@H]3CCc4cc(O)ccc4[C@H]3CC[C@]12C,training,1
C[C@]12CC[C@@H]3c4ccc(OS(=O)(=O)O)cc4CC[C@H]3[C@@H]1CCC2=O,training,1
C#C[C@]1(O)CC[C@H]2[C@@H]3CCC4=CC(=O)CC[C@]4(C)[C@H]3CC[C@@]21C,training,1
CCC1(C)CC(=O)NC1=O,training,0
CC(O)(P(=O)(O)O)P(=O)(O)O,training,0
CCc1cc2c(s1)-n1c(C)nnc1CN=C2c1ccccc1Cl,training,1
Cc1onc(-c2c(F)cccc2Cl)c1C(=O)N[C@@H]1C(=O)N2[C@@H](C(=O)O)C(C)(C)S[C@H]12,training,0
COC(=O)Nc1nc2ccc(C(=O)c3ccc(F)cc3)cc2[nH]1,training,1
Nc1[nH]c(=O)ncc1F,training,0
CC(=O)OCC(=O)[C@@]1(O)CC[C@H]2[C@@H]3CCC4=CC(=O)CC[C@]4(C)[C@@]3(F)[C@@H](O)C[C@@]21C,training,1
O=C(O)c1ccccc1Nc1cccc(C(F)(F)F)c1,training,0
CN[C@@H]1CCc2[nH]c3ccc(C(N)=O)cc3c2C1,training,1
CC(=O)O[C@H]1C[C@@]2(C)[C@@H](C[C@@H](O)[C@H]3[C@@]4(C)CC[C@@H](O)[C@@H](C)[C@@H]4CC[C@@]32C)/C1=C(\CCC=C(C)C)C(=O)O,training,0
N[C@@H](CCC(=O)O)C(=O)O,training,0
C[N+]1(C)CCC(OC(=O)CC(O)(c2ccccc2)C2CCCC2)C1,training,1
CCC(C)(C)N=C(N)NC#N,training,0
NCCc1cnc[nH]1,training,1
CN1[C@H]2CC[C@@H]1CC(OC(=O)C(O)c1ccccc1)C2,training,1
OCCOCCN1CCN(C(c2ccccc2)c2ccc(Cl)cc2)CC1,training,0
C[C@@H](O)[C@H]1C(=O)N2C(C(=O)O)=C(SCCN=CN)C[C@H]12,training,0
OC1C(O)C(O)C(O)C(O)C1O,training,0
CC(I)C1OCC(CO)O1,training,0
CCCCC1=NC2(CCCC2)C(=O)N1Cc1ccc(-c2ccccc2-c2nn[nH]n2)cc1,training,0
CC1=C(/C=C/C(C)=C\C=C\C(C)=C/C(=O)O)C(C)(C)CCC1,training,1
C=CCN1CC[C@]23CCCC[C@H]2[C@H]1Cc1ccc(O)cc13,training,1
CCC[C@@H]1C[C@@H](C(=O)N[C@H]([C@@H](C)O)[C@H]2O[C@H](SC)[C@H](O)[C@@H](O)[C@H]2O)N(C)C1,training,0
CCN(CC)CCNc1ccc(C)c2sc3ccccc3c(=O)c12,training,0
Cc1cc(O)c2ccccc2c1O,training,1
COc1ccccc1OCC1CNC(=O)O1,training,0
Cc1ncc([N+](=O)[O-])n1CCO,training,0
CN1C(CCl)Nc2cc(Cl)c(S(N)(=O)=O)cc2S1(=O)=O,training,1
CCOC(=O)[C@H](CCc1ccccc1)N[C@@H](C)C(=O)N1Cc2cc(OC)c(OC)cc2C[C@H]1C(=O)O,training,1
C[C@H](CSC(=O)[C@@H](C)NC(=O)C1CCCCC1)C(=O)N1CCC[C@H]1C(=O)O,training,1
CO[C@@]1(NC(=O)C(C(=O)O)c2ccc(O)cc2)C(=O)N2C(C(=O)O)=C(CSc3nnnn3C)CO[C@@H]21,training,0
CCCCCCC(C)(C)c1cc(O)c2c(c1)OC(C)(C)[C@@H]1CCC(=O)C[C@@H]21,training,1
NC[C@H]1O[C@H](O[C@@H]2[C@@H](N)C[C@@H](N)[C@H](O)[C@H]2O)[C@H](N)[C@@H](O)[C@@H]1O,training,0
O=C(CCNNC(=O)c1ccncc1)NCc1ccccc1,training,0
Cc1nccn1CC1CCc2c(c3ccccc3n2C)C1=O,training,1
CC[N+]1(C)[C@H]2CC(OC(=O)[C@H](CO)c3ccccc3)C[C@@H]1[C@H]1O[C@@H]21,training,1
CCn1cc(C(=O)O)c(=O)c2cc3c(cc21)OCO3,training,0
CCN(CC)CC#CCOC(=O)C(O)(c1ccccc1)C1CCCCC1,training,1
CC(=O)O[C@H]1C[C@@H]2CC[C@@H]3[C@H](CC[C@@]4(C)[C@H]3C[C@H]([N+]3(C)CCCCC3)[C@@H]4OC(C)=O)[C@@]2(C)C[C@@H]1[N+]1(C)CCCCC1,training,1
COc1ccnc(CS(=O)c2nc3ccc(OC(F)F)cc3[nH]2)c1OC,training,1
COc1ccc(Cc2nccc3cc(OC)c(OC)cc23)cc1OC,training,0
CC(C)(C)NC[C@H](O)COc1ccccc1C1CCCC1,training,1
O=[N+]([O-])OCC(CO[N+](=O)[O-])(CO[N+](=O)[O-])CO[N+](=O)[O-],training,0
N=C(N)c1ccc(OCCCCCOc2ccc(C(=N)N)cc2)cc1,training,0
O=c1[nH]c2ccccc2n1C1CCN(CCCC(c2ccc(F)cc2)c2ccc(F)cc2)CC1,training,1
CCn1cc(C(=O)O)c(=O)c2cnc(N3CCNCC3)nc21,training,0
CC[N+]1(C)CCCC(OC(=O)C(O)(c2ccccc2)c2ccccc2)C1,training,1
CC(C)(Oc1ccc(Cl)cc1)C(=O)NC(=O)NCN1CCOCC1,training,0
CC(C(=O)O)c1ccc2c(c1)Cc1cccnc1O2,training,0
O=C1CN=C(c2ccccc2)c2cc(Cl)ccc2N1CC1CC1,training,1
CC[N+]1(CC)CCC(=C(c2ccccc2)c2ccccc2)C1C,training,1
CCC(=O)O[C@](Cc1ccccc1)(c1ccccc1)[C@H](C)CN(C)C,training,0
CCCOC(=O)Cn1cc(I)c(=O)c(I)c1,training,0
Cc1c(C(C)C)c(=O)n(-c2ccccc2)n1C,training,0
CNCCCC1c2ccccc2C=Cc2ccccc21,training,1
CN(C)C(=O)Oc1ccc[n+](C)c1,training,0
Clc1ccc(C/C(=C\CN2CCCC2)c2ccccc2)cc1,training,1
Cc1cc(/C=C/c2ccc3cc(N(C)C)ccc3[n+]2C)c(C)n1-c1ccccc1,training,1
CCOC(=O)[C@H](CCc1ccccc1)N[C@@H](C)C(=O)N1[C@H](C(=O)O)C[C@@H]2CCC[C@@H]21,training,1
Cn1c(=O)c2c(ncn2CCCNCC(O)c2cc(O)cc(O)c2)n(C)c1=O,training,1
CO[C@H]1/C=C/O[C@@]2(C)Oc3c(C)c(O)c4c(O)c(c(/C=N/N5CCN(C)CC5)c(O)c4c3C2=O)NC(=O)/C(C)=C\C=C\[C@H](C)[C@H](O)[C@@H](C)[C@@H](O)[C@@H](C)[C@H](OC(C)=O)[C@@H]1C,training,0
CS(=O)(=O)c1ccc(C2=C(c3ccccc3)C(=O)OC2)cc1,training,1
OCc1cc(C(O)CNCCCCCCOCCCCc2ccccc2)ccc1O,training,1
C/C=C(/CC[C@@H](C)[C@H]1CC[C@H]2C3=CC[C@H]4[C@H](C)[C@@H](O)CC[C@]4(C)[C@H]3CC[C@@]21C)C(C)C,training,0
Cc1nnc(NS(=O)(=O)c2ccc(N)cc2)s1,training,0
O=S([O-])CNc1ccc(S(=O)(=O)c2ccc(NCS(=O)[O-])cc2)cc1,training,0
NS(=O)(=O)c1ccc(N2CCCCS2(=O)=O)cc1,training,0
O=C(O)[C@H](O)[C@@H](O)C(=O)O,training,0
C[C@]1(Cn2ccnn2)[C@H](C(=O)O)N2C(=O)C[C@H]2S1(=O)=O,training,0
CC1(O)CCC(C(C)(C)O)CC1,training,0
CN(C)[C@@H]1C(=O)C(C(N)=O)=C(O)[C@@]2(O)C(=O)C3=C(O)c4c(O)cccc4[C@@](C)(O)[C@H]3C[C@@H]12,training,0
Nc1nc(=S)c2[nH]cnc2[nH]1,training,0
CN1CCN(CC/C=C2\c3ccccc3Sc3ccc(S(=O)(=O)N(C)C)cc32)CC1,training,1
O=c1cc[nH]c(=S)[nH]1,training,0
Clc1ccccc1CN1CCc2sccc2C1,training,0
O=C(CCCN1CCC(n2c(=S)[nH]c3ccccc32)CC1)c1ccc(F)cc1,training,1
Cc1ccc(C(=O)c2cc(O)c(O)c([N+](=O)[O-])c2)cc1,training,0
CCOC(=O)[C@H](CCc1ccccc1)N[C@@H](C)C(=O)N1[C@H](C(=O)O)C[C@H]2CCCC[C@@H]21,training,1
COc1ccc(/C=C/C(=O)Nc2ccccc2C(=O)O)cc1OC,training,0
OC(CCN1CCCCC1)(c1ccccc1)C1CCCCC1,training,1
CO[C@H]1C[C@H](O[C@@H]2[C@@H](C)C(=O)O[C@H](C)[C@H](C)[C@H](OC(C)=O)[C@@H](C)C(=O)[C@@]3(CO3)C[C@H](C)[C@H](O[C@@H]3O[C@H](C)C[C@H](N(C)C)[C@H]3OC(C)=O)[C@H]2C)O[C@@H](C)[C@@H]1OC(C)=O,training,0
CCCC(CCC)C(N)=O,training,0
CN(CCO)CC(O)Cn1cnc2c1c(=O)n(C)c(=O)n2C,training,0
Cc1cccc(C)c1NC(=O)c1cc(S(N)(=O)=O)c(Cl)cc1O,training,1
Nc1ccn([C@H]2CC[C@@H](CO)O2)c(=O)n1,training,1
CC(=O)N[C@@H]1[C@@H](N=C(N)N)C=C(C(=O)O)O[C@H]1[C@H](O)[C@H](O)CO,training,1
C[C@H]1CCC[C@H](O)CCCCCc2cc(O)cc(O)c2C(=O)O1,training,1
CN(C)CCOC1=Cc2ccccc2Sc2ccc(Cl)cc21,training,0
CC(=O)NO,training,0
O=c1[nH]cnc2[nH]ncc12,training,0
CC(=O)[C@H]1CC[C@H]2[C@@H]3CC[C@H]4C[C@H](O)CC[C@]4(C)[C@H]3C(=O)C[C@]12C,training,1
NCCCCCC(=O)O,training,0
CC1(C)S[C@@H]2[C@H](NC(=O)[C@H](N)c3ccccc3)C(=O)N2[C@H]1C(=O)O,training,0
N[C@@H](CC(=O)O)C(=O)O,training,0
COc1ccc(CCN2CCC(Nc3nc4ccccc4n3Cc3ccc(F)cc3)CC2)cc1,training,1
CCN(CC)CCCC(C)Nc1c2ccc(Cl)cc2nc2ccc(OC)cc12,training,0
NS(=O)(=O)c1cc2c(cc1C(F)(F)F)NC(Cc1ccccc1)NS2(=O)=O,training,1
CN1[C@H]2CC[C@@H]1CC(OC(c1ccccc1)c1ccccc1)C2,training,1
C[N+](C)(CCOc1ccccc1)Cc1ccccc1,training,0
NCCc1ccn[nH]1,training,1
CC(C)C[C@H]1C(=O)N2CCC[C@H]2[C@]2(O)O[C@](NC(=O)[C@@H]3C=C4c5cccc6[nH]c(Br)c(c56)C[C@H]4N(C)C3)(C(C)C)C(=O)N12,training,1
CCCCC(C(=O)O)C(=O)N(Nc1ccccc1)c1ccccc1,training,0
CCCCNc1cc(C(=O)O)cc(S(N)(=O)=O)c1Oc1ccccc1,training,1
C=C1CC[C@H](O)C/C1=C/C=C1\CCC[C@@]2(C)[C@H]1CC[C@@H]2[C@H](C)CCCC(C)(C)O,training,1
C=C1/C(=C\C=C2/CCC[C@@]3(C)[C@H]2CC[C@@H]3[C@H](C)CCCC(C)(C)O)C[C@@H](O)C[C@@H]1O,training,1
COc1ccc2c(c1OC)CN1CCc3cc4c(cc3C1C2)OCO4,training,0
N[C@@H](C(=O)N[C@@H]1C(=O)N2C(C(=O)O)=C(CSc3cn[nH]n3)CS[C@H]12)c1ccc(O)cc1,training,0
CO/N=C(\C(=O)N[C@@H]1C(=O)N2C(C(=O)O)=C(CSc3nc(C)c(CC(=O)O)s3)CS[C@H]12)c1csc(N)n1,training,0
NCc1ccccc1CC(=O)N[C@@H]1C(=O)N2C(C(=O)O)=C(CSc3nnnn3CC(=O)O)CS[C@H]12,training,0
CO/N=C(\C(=O)N[C@@H]1C(=O)N2C(C(=O)O)=CCS[C@H]12)c1csc(N)n1,training,0
CO/N=C(/C(=O)N[C@@H]1C(=O)N2C(C(=O)O)=C(COC(N)=O)CS[C@H]12)c1ccco1,training,0
CN1C(=O)CCS(=O)(=O)C1c1ccc(Cl)cc1,training,0
O=c1[nH]c2cc(Cl)ccc2o1,training,0
Cc1c(C(=O)O)c(O)cc2c1C(=O)c1c(O)c([C@@H]3O[C@H](CO)[C@@H](O)[C@H](O)[C@H]3O)c(O)c(O)c1C2=O,training,0
C(=C/c1ccccc1)\CN1CCN(C(c2ccccc2)c2ccccc2)CC1,training,1
CC(C)(Oc1ccc(C2CC2(Cl)Cl)cc1)C(=O)O,training,1
O=C(O)CC(O)(CC(=O)O)C(=O)O,training,0
CC[C@H]1OC(=O)[C@H](C)[C@@H](O[C@H]2C[C@@](C)(OC)[C@@H](O)[C@H](C)O2)C(C)[C@@H](O[C@@H]2O[C@H](C)C[C@H](N(C)C)[C@H]2O)[C@](C)(OC)C[C@@H](C)C(=O)[C@H](C)[C@@H](O)[C@]1(C)O,training,0
C[N+]12CCC(CC1)C(OC(=O)C(O)(c1ccccc1)c1ccccc1)C2,training,1
CN1CCN(C2=Nc3ccccc3Sc3ccc(Cl)cc32)CC1,training,1
CCc1cc2c(s1)N(C)C(=O)CN=C2c1ccccc1Cl,training,1
CC(=O)OCC(=O)[C@@]1(O)CC[C@H]2[C@@H]3CCC4=CC(=O)CC[C@]4(C)[C@H]3C(=O)C[C@@]21C,training,0
CC1CC(OC(=O)C(O)c2ccccc2)CC(C)(C)C1,training,0
NCCS,training,0
CN(C)CCO,training,0
CC(=O)O[C@H]1CC[C@@]2(C)C(=CC[C@H]3[C@@H]4CCC(=O)[C@@]4(C)CC[C@@H]32)C1,training,1
CC(C)Nc1cccnc1N1CCN(C(=O)c2cc3cc(NS(C)(=O)=O)ccc3[nH]2)CC1,training,0
CN(C)[C@@H]1C(=O)C(C(N)=O)=C(O)[C@@]2(O)C(=O)C3=C(O)c4c(O)ccc(Cl)c4[C@@H](O)[C@H]3C[C@@H]12,training,0
C[C@H]1O[C@@H](O[C@H]2[C@@H](O)C[C@H](O[C@H]3[C@@H](O)C[C@H](O[C@H]4CC[C@]5(C)[C@H]6CC[C@]7(C)[C@@H](C8=CC(=O)OC8)CC[C@]7(O)[C@@H]6CC[C@@H]5C4)O[C@@H]3C)O[C@@H]2C)C[C@H](O)[C@@H]1O,training,1
NNc1nnc(NN)c2ccccc12,training,0
COc1ccc2c3c1O[C@H]1[C@@H](O)CC[C@H]4[C@@H](C2)N(C)CC[C@]314,training,1
CN(C)CCCN1c2ccccc2C(C)(C)c2ccccc21,training,0
C[N+]1(C)CCC(=C(c2ccccc2)c2ccccc2)CC1,training,0
CCOC(=O)C1(c2ccccc2)CCN(CCC(C#N)(c2ccccc2)c2ccccc2)CC1,training,1
Cn1c(=O)c2c(ncn2CC2OCCO2)n(C)c1=O,training,0
COc1cccc2c1C(=O)c1c(O)c3c(c(O)c1C2=O)C[C@@](O)(C(=O)CO)C[C@@H]3O[C@H]1C[C@H](N)[C@H](O)[C@H](C)O1,training,1
CCC(=O)O[C@H]1CC[C@H]2[C@@H]3CC[C@H]4CC(=O)[C@H](C)C[C@]4(C)[C@H]3CC[C@]12C,training,1
CCn1cc(C(=O)O)c(=O)c2cc(F)c(N3CCNCC3)nc21,training,0
CCCCC[C@H](O)/C=C/[C@H]1[C@H](O)C[C@@H]2O/C(=C\CCCC(=O)O)C[C@@H]21,training,1
CCC(=O)O[C@H]1[C@H](O[C@@H]2[C@@H](C)[C@H](O[C@H]3C[C@@](C)(OC)[C@@H](O)[C@H](C)O3)[C@@H](C)C(=O)O[C@H](CC)[C@@](C)(O)[C@H](O)[C@@H](C)C(=O)[C@H](C)C[C@@]2(C)O)O[C@H](C)C[C@@H]1N(C)C,training,0
C[C@]12CC[C@@H]3c4ccc(O)cc4CC[C@H]3[C@@H]1CC[C@@H]2O,training,1
C[C@]12CC[C@@H]3c4ccc(OC(=O)Cc5ccc(N(CCCl)CCCl)cc5)cc4CC[C@H]3[C@@H]1CC[C@@H]2OC(=O)Cc1ccc(N(CCCl)CCCl)cc1,training,0
C#C[C@]1(O)CC[C@H]2[C@@H]3CCc4cc(O)ccc4[C@H]3CC[C@@]21C,training,1
CCOC(=O)c1cncn1C(C)c1ccccc1,training,1
O=c1[nH]c(=O)n([C@H]2C[C@H](O)[C@@H](CO)O2)cc1F,training,1
OC[C@H]1OC(O)[C@H](O)[C@@H](O)[C@H]1O,training,0
Cc1ccc(S(=O)(=O)NC(=O)NN2CC3CCCC3C2)cc1,training,0
COc1ccc2c(c1)C(=O)N(CCc1ccc(S(=O)(=O)NC(=O)NC3CCCCC3)cc1)C(=O)C2(C)C,training,1
N[C@H]1[C@H](O)O[C@H](CO)[C@@H](O)[C@@H]1O,training,0
CC(C)(C)c1nnc(NS(=O)(=O)c2ccccc2)s1,training,0
NCC(=O)O,training,0
CN1C(=O)NC(=O)C(C)(C2=CCCCC2)C1=O,training,0
CN1CC[C@]23c4c5ccc(O)c4O[C@H]2C(=O)CC[C@H]3[C@H]1C5,training,1
CC(CN1CC(=O)NC(=O)C1)N1CC(=O)NC(=O)C1,training,0
OCC1COC(CCI)O1,training,0
Oc1c(I)cc(I)c2cccnc12,training,0
O=c1[nH]c(=S)[nH]cc1I,training,0
CCC(C)n1ncn(-c2ccc(N3CCN(c4ccc(OC[C@H]5CO[C@](Cn6cncn6)(c6ccc(Cl)cc6Cl)O5)cc4)CC3)cc2)c1=O,training,0
Nc1nnc(-c2cccc(Cl)c2Cl)c(N)n1,training,0
Cc1oncc1C(=O)Nc1ccc(C(F)(F)F)cc1,training,1
N#Cc1ccc(C(c2ccc(C#N)cc2)n2cncn2)cc1,training,1
CN1CC[C@]23CCCC[C@H]2[C@H]1Cc1ccc(O)cc13,training,1
N[C@@H](Cc1cc(I)c(Oc2ccc(O)c(I)c2)c(I)c1)C(=O)O,training,1
CCOC(=O)N1CCC(=C2c3ccc(Cl)cc3CCc3cccnc32)CC1,training,1
CCCCc1nc(Cl)c(CO)n1Cc1ccc(-c2ccccc2-c2nn[nH]n2)cc1,training,1
CCN(CC)C(=O)[C@@H]1C=C2c3cccc4[nH]cc(c34)C[C@H]2N(C)C1,training,1
CCC(C)C(C)(COC(N)=O)COC(N)=O,training,0
CNC1(C)C2CCC(C2)C1(C)C,training,1
COc1ccc2[nH]cc(CCNC(C)=O)c2c1,training,1
CC1CCC(C(C)C)C(O)C1,training,0
CCCC(C)(COC(N)=O)COC(N)=O,training,0
CN1CCCCC1CCN1c2ccccc2Sc2ccc(S(C)=O)cc21,training,0
C#C[C@]1(O)CC[C@H]2[C@@H]3CCc4cc(OC)ccc4[C@H]3CC[C@@]21C,training,1
CN(C)C(=N)N=C(N)N,training,0
CC(=O)N=c1sc(S(N)(=O)=O)nn1C,training,0
CN(C)c1ccc2nc3ccc(=[N+](C)C)cc-3sc2c1,training,0
CCC1(CC)C(=O)NCC(C)C1=O,training,0
CC(C)(C(=O)c1cccnc1)c1cccnc1,training,0
COCC(=O)O[C@]1(CCN(C)CCCc2nc3ccccc3[nH]2)CCc2cc(F)ccc2[C@@H]1C(C)C,training,1
Clc1ccc(COC(Cn2ccnc2)c2ccc(Cl)cc2Cl)c(Cl)c1,training,0
Cc1ncc2n1-c1ccc(Cl)cc1C(c1ccccc1F)=NC2,training,1
CCCCC1C(=O)NN(c2ccccc2)C1=O,training,0
CN1CC[C@]23c4c5ccc(O)c4O[C@H]2[C@@H](O)C=C[C@H]3[C@H]1C5,training,1
CCN(CC)CCOC(=O)C(Cc1cccc2ccccc12)CC1CCCO1,training,0
C=CCN1CC[C@]23c4c5ccc(O)c4O[C@H]2[C@@H](O)C=C[C@H]3[C@H]1C5,training,1
CCCCCCCCCC(=O)O[C@H]1CC[C@H]2[C@@H]3CCC4=CC(=O)CC[C@@H]4[C@H]3CC[C@]12C,training,1
C[C@@H]1C/C=C/C=C/C=C/C=C/[C@H](O[C@@H]2O[C@H](C)[C@@H](O)[C@H](N)[C@@H]2O)C[C@@H]2O[C@](O)(C[C@@H](O)C[C@H]3O[C@@H]3/C=C/C(=O)O1)C[C@H](O)[C@H]2C(=O)O,training,1
CCCc1c2oc(C(=O)O)cc(=O)c2cc2c(=O)cc(C(=O)O)n(CC)c12,training,1
O=C1CN(/N=C/c2ccc([N+](=O)[O-])o2)C(=O)N1,training,0
CN/C(=C\[N+](=O)[O-])NCCSCc1csc(CN(C)C)n1,training,0
CO[C@@H]1[C@@H](OC(N)=O)[C@@H](O)[C@H](Oc2ccc3c(c2C)OC(=O)C(NC(=O)c2ccc(O)c(CC=C(C)C)c2)C3=O)OC1(C)C,training,0
CO[C@H]1C[C@H](O[C@@H]2[C@@H](C)C(=O)O[C@H](C)[C@H](C)[C@H](O)[C@@H](C)C(=O)[C@@]3(CO3)C[C@H](C)[C@H](O[C@@H]3O[C@H](C)C[C@H](N(C)C)[C@H]3O)[C@H]2C)O[C@@H](C)[C@@H]1O,training,0
CN(C)CC/C=C1\c2ccccc2COc2ccc(CC(=O)O)cc21,training,1
COc1ccc2nc(S(=O)Cc3ncc(C)c(OC)c3C)[nH]c2c1,training,1
Cc1onc(-c2ccccc2)c1C(=O)N[C@@H]1C(=O)N2[C@@H](C(=O)O)C(C)(C)S[C@H]12,training,0
COc1cccc(C(=O)CCN[C@@H](C)[C@H](O)c2ccccc2)c1,training,1
CN1CC[C@]23c4c5ccc(O)c4O[C@H]2C(=O)CC[C@@]3(O)[C@H]1C5,training,1
NCCC(O)(P(=O)(O)O)P(=O)(O)O,training,1
CC(C)(CO)[C@@H](O)C(=O)NCCC(=O)O,training,1
NC1=NC(=O)C(c2ccccc2)O1,training,1
CCC(C)C(C(=O)OC1CCN(C)CC1)c1ccccc1,training,1
CN1CCC2=C(C1)C(c1ccccc1)c1ccccc12,training,1
CCC1(c2ccccc2)C(=O)NC(=O)NC1=O,training,1
CC(COc1ccccc1)N(CCCl)Cc1ccccc1,training,1
O=C1NC(=O)C(c2ccccc2)(c2ccccc2)N1,training,0
CCOC(=O)c1c(C)cc2c(CO)n[nH]c(=O)c2c1C,training,0
CN1CCC(=C2c3ccccc3CCc3sccc32)CC1,training,1
CC[C@H](C)C(=O)O[C@H]1C[C@H](O)C=C2C=C[C@H](C)[C@H](CC[C@@H](O)C[C@@H](O)CC(=O)O)[C@H]21,training,1
CN1CCCN=C1/C=C/c1cccs1,training,0
COc1ccc(CN(CCN(C)C)c2ccccn2)cc1,training,1
CCc1nc(N)nc(N)c1-c1ccc(Cl)cc1,training,1
Cc1cc2nc3c(=O)[nH]c(=O)nc-3n(C[C@H](O)[C@H](O)[C@H](O)CO)c2cc1C,training,1
CCn1nc(C)c2c1C(c1ccccc1)=NCC(=O)N2,training,1
CN(C)CCc1c[nH]c2ccc(Cn3cncn3)cc12,training,1
CN(CCOc1ccc(CC2SC(=O)NC2=O)cc1)c1ccccn1,training,1
CN1[C@H]2CC(OC(=O)[C@H](CO)c3ccccc3)C[C@@H]1[C@H]1O[C@@H]21,training,1
CN[C@H]1CC[C@@H](c2ccc(Cl)c(Cl)c2)c2ccccc21,training,1
CC(C)=CCOc1ccc(/C=C/C(=O)c2ccc(OCC=C(C)C)cc2OCC(=O)O)cc1,training,0
Cc1nc(N/C(N)=N/S(=O)(=O)c2ccc(N)cc2)oc1C,training,0
Cc1cc(C)nc(NS(=O)(=O)c2ccc(N)cc2)n1,training,0
Cc1nc(NS(=O)(=O)c2ccc(N)cc2)oc1C,training,0
COc1cc(NS(=O)(=O)c2ccc(N)cc2)c(OC)nn1,training,0
CCOc1ccccc1OCCN[C@H](C)Cc1ccc(OC)c(S(N)(=O)=O)c1,training,1
CC(C)(C)c1ccc(C(O)CCCN2CCC(C(O)(c3ccccc3)c3ccccc3)CC2)cc1,training,1
Cc1ncc(C[n+]2csc(CCO)c2C)c(N)n1,training,1
CSc1ccc2c(c1)N(CCC1CCCCN1C)c1ccccc1S2,training,0
S=P(N1CC1)(N1CC1)N1CC1,training,1
NC(Cc1cc(I)c(Oc2cc(I)c(O)c(I)c2)c(I)c1)C(=O)O,training,1
CC(C(=O)O)c1ccc(C(=O)c2ccccc2)s1,training,0
O=C(O)COc1ccc(C(=O)c2cccs2)c(Cl)c1Cl,training,0
Clc1ccc2nsnc2c1NC1=NCCN1,training,1
Cc1cccc(Nc2ccncc2S(=O)(=O)NC(=O)NC(C)C)c1,training,1
CCO[C@@H]1O[C@H](C(COCc2ccccc2)OCc2ccccc2)[C@H](OCc2ccccc2)[C@H]1O,training,0
O=P(O)(O)OCC(Cl)(Cl)Cl,training,0
O=C(CCCN1CCC(O)(c2cccc(C(F)(F)F)c2)CC1)c1ccc(F)cc1,training,1
CC(CN(C)C)CN1c2ccccc2CCc2ccccc21,training,0
CN(C)CCN(Cc1ccccc1)c1ccccn1,training,0
Cc1c(C)c2c(c(C)c1O)CCC(C)(COc1ccc(CC3SC(=O)NC3=O)cc1)O2,training,0
OCCN(CCO)CCO,training,0
CCCCNC(=O)OCC(C)(CCC)COC(N)=O,training,0
OC1OC[C@@H](O)[C@H](O)[C@H]1O,training,0
COc1cccc2c1C(=O)c1c(O)c3c(c(O)c1C2=O)C[C@@](O)(/C(C)=N/NC(=O)c1ccccc1)C[C@@H]3O[C@H]1C[C@H](N)[C@H](O)[C@H](C)O1,training,1
CC(=O)Nc1nnc(S(N)(=O)=O)s1,training,0
CC(=O)c1ccc(S(=O)(=O)NC(=O)NC2CCCCC2)cc1,training,0
CC[C@@]1(O)C[C@H](O[C@H]2C[C@H](N(C)C)[C@H](O[C@H]3C[C@H](O)[C@H](O[C@H]4CCC(=O)[C@H](C)O4)[C@H](C)O3)[C@H](C)O2)c2c(cc3c(c2O)C(=O)c2c(O)cccc2C3=O)[C@H]1C(=O)OC,training,1
C=C1/C(=C/C=C2/CCC[C@@]3(C)[C@H]2CC[C@@H]3[C@H](C)CCCC(C)C)C[C@@H](O)C[C@@H]1O,training,1
C=CCN(C1=NCCN1)c1c(Cl)cccc1Cl,training,1
N=c1ccn2c(n1)O[C@H]1[C@H](O)[C@@H](CO)O[C@H]12,training,0
C[C@]12CC[C@H]3[C@@H](CC=C4C[C@@H](O)CC[C@@]43C)[C@@H]1CC[C@@H]2O,training,1
CN1CCc2cccc3c2[C@H]1Cc1ccc(O)c(O)c1-3,training,1
COC(=O)C1=CCCN(C)C1,training,1
C[N+]1([O-])[C@H]2CC[C@@H]1CC(OC(=O)C(CO)c1ccccc1)C2,training,1
CN1CCC(=C2c3ccccc3CCc3cccnc32)CC1,training,1
Cn1cnc([N+](=O)[O-])c1Sc1ncnc2nc[nH]c12,training,0
CCOC(=O)[C@H](CCc1ccccc1)N[C@H]1CCc2ccccc2N(CC(=O)O)C1=O,training,1
C[N+](C)(C)CC(=O)[O-],training,0
CC(C[N+](C)(C)C)OC(N)=O,training,0
O=C(O)CCCC[C@@H]1SC[C@@H]2NC(=O)N[C@H]12,training,1
CC(=O)Oc1ccc(C(c2ccc(OC(C)=O)cc2)c2ccccn2)cc1,training,1
Cc1cc2c(OCC(CNC(C)(C)C)OC(=O)c3ccccc3)cccc2[nH]1,training,1
BrC(Br)Br,training,0
Cc1nnc2n1-c1sc(Br)cc1C(c1ccccc1Cl)=NC2,training,1
O=C(O)CCC(=O)c1ccc(C2CCCCC2)c(Cl)c1,training,0
CCC[C@@H]1O[C@@H]2C[C@H]3[C@@H]4CCC5=CC(=O)C=C[C@]5(C)[C@H]4[C@@H](O)C[C@]3(C)[C@]2(C(=O)CO)O1,training,1
O=C1CC2(CCCC2)CC(=O)N1CCCCN1CCN(c2ncccn2)CC1,training,1
CCCCOc1ccc(C[N+]2(C)[C@H]3CC[C@@H]2CC(OC(=O)[C@H](CO)c2ccccc2)C3)cc1,training,1
C=CCN1C[C@H](C(=O)N(CCCN(C)C)C(=O)NCC)C[C@@H]2c3cccc4[nH]cc(c34)C[C@H]21,training,1
NC(=O)N1c2ccccc2C=Cc2ccccc21,training,0
CCN(CC)CCOCCOC(=O)C1(c2ccccc2)CCCC1,training,1
CCCCC[C@](C)(O)/C=C/[C@H]1[C@H](O)C[C@H](O)[C@@H]1C/C=C\CCCC(=O)O,training,1
COc1ccccc1OCCNCC(O)COc1cccc2[nH]c3ccccc3c12,training,1
N[C@@H](C(=O)N[C@@H]1C(=O)N2C(C(=O)O)=C(Cl)CS[C@H]12)c1ccccc1,training,0
COCC1=C(C(=O)O)N2C(=O)[C@@H](NC(=O)/C(=N\OC)c3csc(N)n3)[C@H]2SC1,training,0
COCC1=C(C(=O)OC(C)OC(=O)OC(C)C)N2C(=O)[C@@H](NC(=O)/C(=N\OC)c3csc(N)n3)[C@H]2SC1,training,0
O=C(Cc1cccs1)N[C@@H]1C(=O)N2C(C(=O)[O-])=C(C[n+]3ccccc3)CS[C@H]12,training,0
COCc1c(C(C)C)nc(C(C)C)c(/C=C/[C@@H](O)C[C@@H](O)CC(=O)O)c1-c1ccc(F)cc1,training,1
O=C(O)COCCN1CCN(C(c2ccccc2)c2ccc(Cl)cc2)CC1,training,0
OC[C@@H](O)[C@H]1O[C@@H]2O[C@H](C(Cl)(Cl)Cl)O[C@@H]2[C@H]1O,training,0
NS(=O)(=O)c1cc2c(cc1Cl)NC=NS2(=O)=O,training,0
Oc1c(Cl)cc(Cl)c2cccnc12,training,0
O=NN(CCCl)C(=O)N[C@H]1[C@@H](O)O[C@H](CO)[C@@H](O)[C@@H]1O,training,0
CN(C)CC/C=C1\c2ccccc2Sc2ccc(Cl)cc21,training,1
c1ccc(C2(c3ccccc3)CC2C2=NCCN2)cc1,training,0
O=C(O)[C@H]1/C(=C/CO)O[C@@H]2CC(=O)N21,training,0
Cc1ncsc1CCCl,training,0
CCN(CC)CCOc1ccc(/C(=C(\Cl)c2ccccc2)c2ccccc2)cc1,training,1
CN(C)CCCN1c2ccccc2CCc2ccc(Cl)cc21,training,0
COC(=O)[C@H](c1ccccc1Cl)N1CCc2sccc2C1,training,1
CC1C2Cc3ccc(O)cc3C1(C)CCN2CC1CC1,training,1
CCC1(C2=CCCCC2)C(=O)NC(=O)NC1=O,training,0
O=P1(N(CCCl)CCCl)NCCCO1,training,0
N[C@@H]1CONC1=O,training,0
N=C(N)N1CCc2ccccc2C1,training,0
C[C@H](CCC(=O)O)[C@H]1CC[C@H]2[C@@H]3C(=O)C[C@@H]4CC(=O)CC[C@]4(C)[C@H]3CC(=O)[C@@]21C,training,0
C[C@]12CC[C@H]3[C@@H](CC=C4C[C@@H](O)CC[C@@]43C)[C@@H]1CCC2=O,training,0
CC(=O)[C@@]12O[C@](C)(c3ccccc3)O[C@@H]1C[C@H]1[C@@H]3CCC4=CC(=O)CC[C@]4(C)[C@H]3CC[C@@]12C,training,1
CC(=O)OCC(=O)[C@H]1CC[C@H]2[C@@H]3CCC4=CC(=O)CC[C@]4(C)[C@H]3CC[C@]12C,training,1
CC(=O)OCC(=O)[C@@]1(OC(=O)c2ccco2)[C@H](C)C[C@H]2[C@@H]3CCC4=CC(=O)C=C[C@]4(C)[C@@]3(F)[C@@H](O)C[C@@]21C,training,1
O[C@H](CBr)[C@H](O)[C@H](O)[C@@H](O)CBr,training,0
O=C(O)Cc1ccccc1Nc1c(Cl)cccc1Cl,training,0
O=c1oc2ccccc2c(O)c1Cc1c(O)c2ccccc2oc1=O,training,0
CCN(CC)CCOC(=O)C1(C2CCCCC2)CCCCC1,training,1
N=C(N)c1ccc(N=NNc2ccc(C(=N)N)cc2)cc1,training,1
CC(CCc1ccc(O)cc1)NCCc1ccc(O)c(O)c1,training,1
CCCCC(CC)COC(=O)CC(C(=O)OCC(CC)CCCC)S(=O)(=O)[O-],training,1
CCN1CC(CCN2CCOCC2)C(c2ccccc2)(c2ccccc2)C1=O,training,1
CC(=O)[C@H]1CC[C@H]2[C@@H]3C=CC4=CC(=O)CC[C@@]4(C)[C@@H]3CC[C@]12C,training,1
CCCCc1ncc(/C=C(\Cc2cccs2)C(=O)O)n1Cc1ccc(C(=O)O)cc1,training,0
O=[N+]([O-])OC[C@H](O[N+](=O)[O-])[C@@H](CO[N+](=O)[O-])O[N+](=O)[O-],training,1
CCCCCCCCCCC(=O)O[C@H]1CC[C@H]2[C@@H]3CCc4cc(O)ccc4[C@H]3CC[C@]12C,training,1
C#CC1(OC(N)=O)CCCCC1,training,0
CCN1C(=O)NC(c2ccccc2)C1=O,training,0
CC[C@]1(O)CC[C@H]2[C@@H]3CCC4=CCCC[C@@H]4[C@H]3CC[C@@]21C,training,1
CCC(=O)N(c1ccccc1)C1CCN(CCc2ccccc2)CC1,training,1
Nc1nc(F)nc2c1ncn2[C@@H]1O[C@H](COP(=O)(O)O)[C@@H](O)[C@@H]1O,training,1
O=c1[nH]cc(F)c(=O)[nH]1,training,0
CNCCC(Oc1ccc(C(F)(F)F)cc1)c1ccccc1,training,1
CC(C)n1c(/C=C/[C@@H](O)C[C@@H](O)CC(=O)O)c(-c2ccc(F)cc2)c2ccccc21,training,1
CN(CC(=O)N1CCOCC1)Cc1c(Cl)cccc1NC(=O)c1ccccc1,training,0
OC[C@@]1(O)OC[C@@H](O)[C@@H](O)[C@@H]1O,training,0
NS(=O)(=O)c1cc(C(=O)O)c(NCc2ccco2)cc1Cl,training,0
CC(=O)NCCOC(=O)C(Oc1cccc(C(F)(F)F)c1)c1ccc(Cl)cc1,training,0
CC1(C)S[C@@H]2[C@H](N3C(=O)C(c4ccccc4)NC3(C)C)C(=O)N2[C@H]1C(=O)O,training,0
NNc1nncc2ccccc12,training,0
N=C(N)c1ccc(/C=C/c2ccc(C(=N)N)cc2O)cc1,training,0
CC(C)Cc1ccc(C(C)C(=O)OCc2ccccn2)cc1,training,0
O=C(O)Cn1cc(I)c(=O)c(I)c1,training,0
CNC(=O)c1c(I)c(C(=O)NCC(=O)Nc2c(I)c(C(=O)O)c(I)c(C(=O)NCCO)c2I)c(I)c(N(C)C(C)=O)c1I,training,0
CNC1(c2ccccc2Cl)CCCCC1=O,training,1
Nc1ccn([C@H]2CS[C@@H](CO)O2)c(=O)n1,training,0
CC(C)C[C@H](N)C(=O)O,training,0
CC(C)N1CCC(N(C(=O)Cc2ccccc2)c2ccc(Cl)cc2)CC1,training,0
OC[C@H]1O[C@H](O[C@@H]2[C@@H](CO)O[C@@H](O)[C@H](O)[C@H]2O)[C@H](O)[C@@H](O)[C@@H]1O,training,0
CC1=CC(=O)c2ccccc2C1=O,training,1
Cc1cccc(C)c1NC(=O)C1CCCCN1C,training,0
S=c1nc[nH]c2nc[nH]c12,training,0
C=C1c2cccc(O)c2C(O)=C2C(=O)[C@]3(O)C(O)=C(C(N)=O)C(=O)[C@@H](N(C)C)[C@@H]3[C@@H](O)[C@H]12,training,0
CCC(c1ccc2cc(OC)ccc2c1)C(C)(C)C(=O)O,training,1
CN(C)CCN(Cc1cccs1)c1ccccn1,training,0
CC1CCN(CCCC(=O)c2ccc(F)cc2)CC1,training,0
COC(=O)C(c1ccccc1)C1CCCCN1,training,1
CC1(C)S[C@@H]2[C@H](NC(=O)[C@H](NC(=O)N3CCN(S(C)(=O)=O)C3=O)c3ccccc3)C(=O)N2[C@H]1C(=O)O,training,0
OCCN1C[C@H](O)[C@@H](O)[C@H](O)[C@H]1CO,training,0
CNS(=O)(=O)CCc1ccc2[nH]cc(C3CCN(C)CC3)c2c1,training,1
O=C(OCC(COC(=O)c1cccnc1)(COC(=O)c1cccnc1)COC(=O)c1cccnc1)c1cccnc1,training,1
O=C(O)c1cccnc1Nc1cccc(C(F)(F)F)c1,training,0
COCCOC(=O)C1=C(C)NC(C)=C(C(=O)OC(C)C)C1c1cccc([N+](=O)[O-])c1,training,0
CC[C@]1(O)CC[C@H]2[C@@H]3CCC4=CC(=O)CC[C@@H]4[C@H]3CC[C@@]21C,training,1
C#C[C@]1(OC(C)=O)CC[C@H]2[C@@H]3CCC4=CC(=O)CC[C@@H]4[C@H]3CC[C@@]21C,training,1
C[C@]1(O)CC[C@H]2[C@@H]3CCC4=CC(=O)CC[C@@H]4[C@H]3CC[C@@]21C,training,1
OCCN1CCN(CCCN2c3ccccc3C=Cc3ccccc32)CC1,training,0
CCCCCCCCCCC[C@@H](C[C@@H]1OC(=O)[C@H]1CCCCCC)OC(=O)C(CC(C)C)NC=O,training,0
CC(=O)Oc1ccc(C2(c3ccc(OC(C)=O)cc3)C(=O)Nc3ccccc32)cc1,training,1
CC(=O)O[C@H]1C(=O)[C@]2(C)[C@@H](O)C[C@H]3OC[C@@]3(OC(C)=O)[C@H]2[C@H](OC(=O)c2ccccc2)[C@]2(O)C[C@H](OC(=O)[C@H](O)[C@@H](NC(=O)c3ccccc3)c3ccccc3)C(C)=C1C2(C)C,training,1
O=C(O)CN(CCN(CC(=O)O)CC(=O)O)CCN(CC(=O)O)CC(=O)O,training,0
CCC[C@H](N[C@@H](C)C(=O)N1[C@H](C(=O)O)C[C@@H]2CCCC[C@@H]21)C(=O)OCC,training,1
c1ccc(C2(N3CCCCC3)CCCCC2)cc1,training,1
CC(Oc1ccccc1)C(=O)N[C@@H]1C(=O)N2[C@@H](C(=O)O)C(C)(C)S[C@H]12,training,0
CN1C(=O)CC(c2ccccc2)C1=O,training,0
O=C(O)c1ccccc1C(=O)Nc1ccc(S(=O)(=O)Nc2nccs2)cc1,training,0
CC(=O)c1ccc2c(c1)N(CCCN1CCC(CCO)CC1)c1ccccc1S2,training,1
CN1CCN(CC(=O)N2c3ccccc3C(=O)Nc3cccnc32)CC1,training,1
CCC1(c2ccccc2)C(=O)NCNC1=O,training,0
CC(C)[N+](C)(CCOC(=O)C1c2ccccc2Oc2ccccc21)C(C)C,training,1
CCC(=O)N(c1ccccn1)C(C)CN1CCCCC1,training,1
NC(=O)c1cnccn1,training,0
CC(N)C12CC3CC(CC(C3)C1)C2,training,0
CN(C)[C@@H]1C(=O)C(C(=O)NCN2CCCC2)=C(O)[C@@]2(O)C(=O)C3=C(O)c4c(O)cccc4[C@@](C)(O)C3C[C@@H]12,training,0
CN[C@@H]1[C@H](O[C@H]2[C@H](O[C@@H]3[C@@H](N=C(N)N)[C@H](O)[C@@H](N=C(N)N)[C@H](O)[C@H]3O)O[C@@H](C)[C@]2(O)C=O)O[C@@H](CO)[C@H](O)[C@H]1O,training,0
O=C1C[C@@H]2OCC=C3CN4CC[C@]56c7ccccc7N1[C@H]5[C@H]2[C@H]3C[C@H]46,training,1
O=C(O)C(S)C(S)C(=O)O,training,0
CC1(C)[C@H](C(=O)O)N2C(=O)C[C@H]2S1(=O)=O,training,0
Cc1ccnc(NS(=O)(=O)c2ccc(N)cc2)n1,training,0
COc1cc(NS(=O)(=O)c2ccc(N)cc2)nc(C)n1,training,0
O=C1OC(c2ccc(O)c(S(=O)(=O)[O-])c2)(c2ccc(O)c(S(=O)(=O)[O-])c2)c2c(Br)c(Br)c(Br)c(Br)c21,training,1
CCN1CCCC1CNC(=O)c1cc(S(=O)(=O)CC)ccc1OC,training,0
O=c1[nH]c(=O)n(C2CCCO2)cc1F,training,0
COc1cc([C@@H]2c3cc4c(cc3C(O[C@@H]3O[C@@H]5COC(c6cccs6)O[C@H]5[C@H](O)[C@H]3O)C3COC(=O)[C@@H]32)OCO4)cc(OC)c1O,training,1
O=C(Cn1c(=O)sc2ccc(Cl)cc21)N1CCN(CCO)CC1,training,0
CCS(=O)(=O)CCn1c([N+](=O)[O-])cnc1C,training,0
CCOC(=O)c1c(N)sc2c1CCN(Cc1ccccc1)C2,training,0
CC1(C)O[C@@H]2CO[C@@]3(COS(N)(=O)=O)OC(C)(C)O[C@H]3[C@@H]2O1,training,0
Nc1nc(N)c2nc(-c3ccccc3)c(N)nc2n1,training,0
NCCNCCNCCN,training,0
O=[N+]([O-])OCCN(CCO[N+](=O)[O-])CCO[N+](=O)[O-],training,1
O=C(OC1CC2CCC(C1)[N+]21CCCC1)C(O)(c1ccccc1)c1ccccc1,training,1
COc1cc(C(=O)NC2CCCNC2)cc(OC)c1OC,training,0
N[C@@H](Cc1c[nH]c2ccccc12)C(=O)O,training,0
NCCC[C@H](N)CC(=O)N[C@H]1CNC(=O)[C@H]([C@H]2C[C@H](O)NC(N)=N2)NC(=O)/C(=C/NC(N)=O)NC(=O)[C@H](CO)NC(=O)[C@H](CO)NC1=O,training,0
COc1cc(C(=O)NS(=O)(=O)c2ccccc2C)ccc1Cc1cn(C)c2ccc(NC(=O)OC3CCCC3)cc12,training,1
CC(=O)CC(c1ccc([N+](=O)[O-])cc1)c1c(O)c2ccccc2oc1=O,training,1
Cc1ccc(/C(=C\CN2CCCC2)c2cccc(/C=C/C(=O)O)n2)cc1,training,1
Nc1ncnc2c1ncn2[C@@H]1O[C@H](COP(=O)(O)OP(=O)(O)OP(=O)(O)O)[C@@H](O)[C@H]1O,training,1
Cc1ccccc1-n1c(CF)nc2ccc(N)cc2c1=O,training,1
CCCSc1ccc2nc(NC(=O)OC)[nH]c2c1,training,0
NC12CC3CC(CC(C3)C1)C2,training,0
CCCCc1oc2ccccc2c1C(=O)c1cc(I)c(OCCN(CC)CC)c(I)c1,training,0
CN(C)CCC=C1c2ccccc2CCc2ccccc21,training,0
CCN(CC)Cc1cc(Nc2ccnc3cc(Cl)ccc23)ccc1O,training,1
Clc1ccc2c(c1)C(N1CCNCC1)=Nc1ccccc1O2,training,0
CCC(C)CON=O,training,0
CC(C)(C#N)c1cc(Cn2cncn2)cc(C(C)(C)C#N)c1,training,1
CCOC(=O)C1(c2ccccc2)CCN(CCc2ccc(N)cc2)CC1,training,1
NC(N)=NCCCC(N)C(=O)O,training,0
CN1[C@H]2CC[C@@H]1CC(OC(=O)C(CO)c1ccccc1)C2,training,1
CCc1oc2ccccc2c1C(=O)c1cc(Br)c(O)c(Br)c1,training,0
CNCC12CCC(c3ccccc31)c1ccccc12,training,1
CC(C)NCC(O)COc1ccc(CCOCC2CC2)cc1,training,1
CN(C)CCC(c1ccc(Br)cc1)c1ccccn1,training,1
CC(C)(C)c1ccc(CN2CCN(C(c3ccccc3)c3ccc(Cl)cc3)CC2)cc1,training,1
Oc1ccc2c(c1)[C@@]13CCCC[C@@]1(O)[C@@H](C2)N(CC1CCC1)CC3,training,1
CCC(Br)(CC)C(=O)NC(N)=O,training,0
CC(=O)[C@]1(O)Cc2c(O)c3c(c(O)c2[C@@H](O[C@H]2C[C@H](N)[C@H](O)[C@H](C)O2)C1)C(=O)c1c(O)cccc1C3=O,training,1
Cn1nnnc1SCC1=C(C(=O)O)N2C(=O)[C@@H](NC(=O)[C@H](OC=O)c3ccccc3)[C@H]2SC1,training,0
CO[C@@]1(NC(=O)C2SC(=C(C(N)=O)C(=O)O)S2)C(=O)N2C(C(=O)O)=C(CSc3nnnn3C)CS[C@@H]21,training,0
C/C=C\C1=C(C(=O)O)N2C(=O)[C@@H](NC(=O)[C@H](N)c3ccc(O)cc3)[C@H]2SC1,training,0
CC(C)(O/N=C(\C(=O)N[C@@H]1C(=O)N2C(C(=O)[O-])=C(C[n+]3ccccc3)CS[C@H]12)c1csc(N)n1)C(=O)O,training,0
CO/N=C(/C(=O)N[C@@H]1C(=O)N2C(C(=O)OC(C)OC(C)=O)=C(COC(N)=O)CS[C@H]12)c1ccco1,training,0
CC(=O)OCC1=C(C(=O)O)N2C(=O)[C@@H](NC(=O)CSc3ccncc3)[C@H]2SC1,training,0
C[C@@H]1O[C@@]2(CS1)CN1CCC2CC1,training,1
Nc1c(N=Nc2ccc(-c3ccc(N=Nc4cc(S(=O)(=O)[O-])c5ccccc5c4N)cc3)cc2)cc(S(=O)(=O)[O-])c2ccccc12,training,1
CN1CCC[C@@H]1CCO[C@](C)(c1ccccc1)c1ccc(Cl)cc1,training,1
O=C(O)C1CCc2cc(C3CCCCC3)c(Cl)cc21,training,1
Oc1c(I)cc(Cl)c2cccnc12,training,0
CC(C)N=c1cc2n(-c3ccc(Cl)cc3)c3ccccc3nc-2cc1Nc1ccc(Cl)cc1,training,1
Clc1cccc(Cl)c1NC1=NCCN1,training,1
CC1CCCC(C)N1NC(=O)c1ccc(Cl)c(S(N)(=O)=O)c1,training,1
CC(=O)[C@@]1(O)CC[C@H]2[C@@H]3C=C(Cl)C4=CC(=O)[C@@H]5C[C@@H]5[C@]4(C)[C@H]3CC[C@@]21C,training,0
Nc1ccn([C@@H]2O[C@H](CO)[C@@H](O)[C@@H]2O)c(=O)n1,training,0
C#C[C@]1(O)CC[C@H]2[C@@H]3CCC4=Cc5oncc5C[C@]4(C)[C@H]3CC[C@@]21C,training,0
CNCCCN1c2ccccc2CCc2ccccc21,training,0
CC(C)(CO)C(O)C(=O)NCCCO,training,0
CCN(CC)C(=O)N1CCN(C)CC1,training,0
C[C@H]1O[C@@H](O[C@H]2[C@@H](O)C[C@H](O[C@H]3[C@@H](O)C[C@H](O[C@H]4CC[C@]5(C)[C@H]6C[C@@H](O)[C@]7(C)[C@@H](C8=CC(=O)OC8)CC[C@]7(O)[C@@H]6CC[C@@H]5C4)O[C@@H]3C)O[C@@H]2C)C[C@H](O)[C@@H]1O,training,1
CC(C1=C(CCN(C)C)Cc2ccccc21)c1ccccn1,training,1
COc1ccc2cc1Oc1cc3c(cc1OC)CC[N+](C)(C)[C@H]3Cc1ccc(cc1)Oc1c(OC)c(OC)cc3c1[C@@H](C2)[N+](C)(C)CC3,training,1
CCN(CC)C(=S)S,training,0
CN(C)CC/C=C1/c2ccccc2COc2ccccc21,training,0
C[C@H]1O[C@@H](n2cc(F)c(=O)[nH]c2=O)[C@H](O)[C@@H]1O,training,0
NCCCC(N)(C(=O)O)C(F)F,training,0
CC[C@H]1OC(=O)[C@H](C)[C@@H](O[C@H]2C[C@@](C)(OC)[C@@H](O)[C@H](C)O2)[C@H](C)[C@@H](O[C@@H]2O[C@H](C)C[C@H](N(C)C)[C@H]2OC(C)=O)[C@](C)(O)C[C@@H](C)C(=O)[C@H](C)[C@@H](O)[C@]1(C)O,training,0
C[C@]12CC[C@@H]3c4ccc(OC(=O)c5ccccc5)cc4CC[C@H]3[C@@H]1CC[C@@H]2O,training,1
C[C@]12CC[C@@H]3c4ccc(O)cc4CC[C@H]3[C@@H]1CC[C@@H]2OC(=O)CCC1CCCC1,training,1
CCC(=O)Oc1ccc2c(c1)CC[C@@H]1[C@@H]2CC[C@]2(C)[C@@H](OC(=O)CC)CC[C@@H]12,training,1
CCOC(C)=O,training,0
C#C[C@]1(O)CC[C@H]2[C@@H]3CCC4=C[C@@H](O)CC[C@@H]4[C@H]3CC[C@@]21C,training,1
Cn1c(=O)c2c(ncn2CCO)n(C)c1=O,training,0
C=C1C[C@@H]2[C@H](CC[C@]3(C)C(=O)CC[C@@H]23)[C@@]2(C)C=CC(=O)C=C12,training,1
NC(N)=Nc1nc(CSCC/C(N)=N/S(N)(=O)=O)cs1,training,1
CCOC(=O)C1=C(C)NC(C)=C(C(=O)OC)C1c1cccc(Cl)c1Cl,training,1
O=C(O)Cc1sc(-c2ccccc2)nc1-c1ccc(Cl)cc1,training,0
CC(C)=CCC1C(=O)N(c2ccccc2)N(c2ccccc2)C1=O,training,0
Cc1c(-c2ccccc2)oc2c(C(=O)OCCN3CCCCC3)cccc2c1=O,training,0
CCOC(=O)c1ncn2c1CN(C)C(=O)c1cc(F)ccc1-2,training,1
Nc1nc2ncc(CNc3ccc(C(=O)N[C@@H](CCC(=O)O)C(=O)O)cc3)nc2c(=O)[nH]1,training,1
CCC(=O)OC(OP(=O)(CCCCc1ccccc1)CC(=O)N1C[C@H](C2CCCCC2)C[C@H]1C(=O)O)C(C)C,training,1
C/C(=C(/CCO)SSCC1CCCO1)N(C=O)Cc1cnc(C)nc1N,training,1
C#C[C@]1(O)CC[C@H]2[C@@H]3CCC4=CC(=O)CCC4=C3C=C[C@@]21CC,training,1
Cc1cc(C(=O)NCCc2ccc(S(=O)(=O)NC(=O)NN3CCCCCC3)cc2)no1,training,1
NC(=O)CC[C@H](N)C(=O)O,training,0
N[C@@H](Cc1cnc[nH]1)C(=O)O,training,0
CCN(CC)CCNc1ccc(CO)c2sc3ccccc3c(=O)c12,training,0
NS(=O)(=O)c1cc2c(cc1C(F)(F)F)NCNS2(=O)=O,training,1
O=C(OC1C(OC(=O)c2cccnc2)C(OC(=O)c2cccnc2)C(OC(=O)c2cccnc2)C(OC(=O)c2cccnc2)C1OC(=O)c1cccnc1)c1cccnc1,training,0
CNC(=O)c1c(I)c(NC(=O)CCCCC(=O)Nc2c(I)c(C(=O)O)c(I)c(C(=O)NC)c2I)c(I)c(C(=O)O)c1I,training,0
O=C(CCCCC(=O)Nc1c(I)cc(I)c(C(=O)O)c1I)Nc1c(I)cc(I)c(C(=O)O)c1I,training,0
CN(C(=O)CC(=O)N(C)c1c(I)c(C(=O)NC(CO)C(O)CO)c(I)c(C(=O)NC(CO)C(O)CO)c1I)c1c(I)c(C(=O)NC(CO)C(O)CO)c(I)c(C(=O)NC(CO)C(O)CO)c1I,training,0
COC(=O)C1=C(C)NC(C)=C(C(=O)OC(C)C)C1c1cccc2nonc12,training,1
CC(CCc1ccccc1)NCC(O)c1ccc(O)c(C(N)=O)c1,training,0
OC[C@H]1O[C@@H](O)[C@H](O)[C@@H](O)[C@@H]1O[C@@H]1O[C@H](CO)[C@H](O)[C@H](O)[C@H]1O,training,0
Cc1c(OCC(F)(F)F)ccnc1CS(=O)c1nc2ccccc2[nH]1,training,1
CCN(CC)C(=O)N[C@H]1C=C2c3cccc4[nH]cc(c34)C[C@H]2N(C)C1,training,1
CN(CCCN1c2ccccc2CCc2ccccc21)CC(=O)c1ccc(Cl)cc1,training,1
O=NN(CCCl)C(=O)NC1CCCCC1,training,0
OC1(c2ccc(Cl)cc2)c2ccccc2C2=NCCN21,training,1
CCN(CCCCOC(=O)c1ccc(OC)c(OC)c1)C(C)Cc1ccc(OC)cc1,training,0
Cc1cccc(Nc2ccccc2C(=O)O)c1C,training,0
CNC[C@H](O)[C@@H](O)[C@H](O)[C@H](O)CO,training,0
CCC1(c2ccccc2)NC(=O)N(C)C1=O,training,0
Cc1ccccc1-n1c(C)nc2ccccc2c1=O,training,0
CC[C@@H](CO)NC(=O)[C@@H]1C=C2c3cccc4[nH]cc(c34)C[C@H]2N(C)C1,training,1
Cn1cc[nH]c1=S,training,1
Cc1cc(=O)[nH]c(=S)[nH]1,training,0
CN1CCN2c3ncccc3Cc3ccccc3C2C1,training,1
C[C@@H]1C[C@H]2[C@@H]3CCC4=CC(=O)C=C[C@]4(C)[C@@]3(Cl)[C@@H](O)C[C@]2(C)[C@@]1(OC(=O)c1ccco1)C(=O)CCl,training,1
CCOC(=O)Nc1ccc2c(c1)N(C(=O)CCN1CCOCC1)c1ccccc1S2,training,0
COc1c(C)c2c(c(O)c1C/C=C(\C)CCC(=O)OCCN1CCOCC1)C(=O)OC2,training,0
CCn1cc(C(=O)O)c(=O)c2ccc(C)nc21,training,0
O=C(OC[C@H]1O[C@](O)(COC(=O)c2cccnc2)[C@@H](OC(=O)c2cccnc2)[C@@H]1OC(=O)c1cccnc1)c1cccnc1,training,0
CNCCC=C1c2ccccc2CCc2ccccc21,training,1
CC(C)NCC1CCc2cc(CO)c([N+](=O)[O-])cc2N1,training,0
C[C@@H]1CN2CC(=O)Nc3ccc(Cl)cc3[C@]2(c2ccccc2)O1,training,1
CCN(CC)CCc1nc(-c2ccccc2)no1,training,0
CN(C)[C@@H]1C(=O)C(C(N)=O)=C(O)[C@@]2(O)C(=O)C3=C(O)c4c(O)cccc4[C@@](C)(O)[C@H]3[C@H](O)[C@@H]12,training,0
Fc1ccc([C@@H]2CCNC[C@H]2COc2ccc3c(c2)OCO3)cc1,training,1
CCN(CC)CCC1(c2ccccc2)CCC(=O)NC1=O,training,1
CN(C)CCC(c1ccccc1)c1ccccn1,training,1
CNC(=O)Oc1ccc2c(c1)[C@]1(C)CCN(C)[C@@H]1N2C,training,1
NC(=O)C1CCN(CCCN2c3ccccc3Sc3ccc(Cl)cc32)CC1,training,1
O=C(CCBr)N1CCN(C(=O)CCBr)CC1,training,1
CCC[N+]12[C@@H]3C[C@]45c6ccccc6N(C)[C@H]4[C@H]1C[C@H](C3[C@@H]5O)[C@H](CC)[C@H]2O,training,1
CCCN[C@H]1CCc2nc(N)sc2C1,training,1
CC(O)Cn1cnc2c1c(=O)n(C)c(=O)n2C,training,0
OCCOCCN1CCN(C2=Nc3ccccc3Sc3ccccc32)CC1,training,0
CCOc1cc(CC(=O)N[C@@H](CC(C)C)c2ccccc2N2CCCCC2)ccc1C(=O)O,training,1
CC1=C(/C=C/C(C)=C/C=C/C(C)=C/CO)C(C)(C)CCC1,training,1
Cc1cc2nc3c(=O)[nH]c(=O)nc-3n(C[C@H](O)[C@H](O)[C@H](O)COP(=O)(O)O)c2cc1C,training,1
O=C(Oc1ccccc1C(=O)O)c1ccccc1O,training,0
O=C(O)c1cc(O)c2c(c1)[C@H]([C@H]1c3cc(C(=O)O)cc(O)c3C(=O)c3c(O[C@@H]4O[C@H](CO)[C@@H](O)[C@H](O)[C@H]4O)cccc31)c1cccc(O[C@@H]3O[C@H](CO)[C@@H](O)[C@H](O)[C@H]3O)c1C2=O,training,0
CN[C@@H]1[C@@H](O)[C@@H](O[C@@H]2[C@@H](O)[C@H](OC3OC(CN)=CCC3N)[C@@H](N)C[C@H]2N)OC[C@]1(C)O,training,1
OC[C@H](O)[C@@H](O)[C@H](O)[C@H](O)CO,training,0
CN[C@H]1[C@@H](O)[C@@H](NC)[C@H](O)[C@H]2O[C@@H]3O[C@H](C)CC(=O)[C@]3(O)O[C@H]12,training,0
O=C1CSC2(CCN(CCCN3c4ccccc4Sc4ccc(Cl)cc43)CC2)N1,training,0
CN(N=O)C(=O)N[C@H]1[C@@H](O)O[C@H](CO)[C@@H](O)[C@@H]1O,training,0
O=C(O)CCC(=O)O,training,0
C[N+](C)(C)CCOC(=O)CCC(=O)OCC[N+](C)(C)C,training,1
CC(=O)N(c1onc(C)c1C)S(=O)(=O)c1ccc(N)cc1,training,0
O=C([O-])c1[nH]n(-c2ccc(S(=O)(=O)[O-])cc2)c(=O)c1N=Nc1ccc(S(=O)(=O)[O-])cc1,training,0
COc1cc2nc(N3CCN(C(=O)C4CCCO4)CC3)nc(N)c2cc1OC,training,1
CN(C/C=C/C#CC(C)(C)C)Cc1cccc2ccccc12,training,0
C[C@]12CC[C@H]3[C@@H](CCC4=CC(=O)C=C[C@@]43C)[C@@H]1CCC(=O)O2,training,0
O=C1CCC(N2C(=O)c3ccccc3C2=O)C(=O)N1,training,0
CCCC(C)C1(CC)C(=O)NC(=S)NC1=O,training,0
Cc1cn([C@H]2C[C@H](O)[C@@H](CO)O2)c(=O)[nH]c1=O,training,0
Cc1ccsc1C(=CCCN1CCC[C@@H](C(=O)O)C1)c1sccc1C,training,1
C#C[C@]1(O)CC[C@H]2[C@H]3[C@H](CC[C@@]21C)C1=C(CC(=O)CC1)C[C@H]3C,training,1
CC1(C)S[C@@H]2[C@H](NC(=O)[C@H](C(=O)O)c3ccsc3)C(=O)N2[C@H]1C(=O)O,training,0
CCOC(=O)[C@]1(c2ccccc2)CCC=C[C@H]1N(C)C,training,0
COC1CC(=C(c2cccs2)c2cccs2)C[N+](C)(C)C1,training,1
Cc1ccc(C(=O)C(C)CN2CCCCC2)cc1,training,0
N[C@@H]1C[C@H]1c1ccccc1,training,1
COc1cc(C[C@@H]2NCCc3cc(O)c(O)cc32)cc(OC)c1OC,training,1
CC[N+](CC)(CC)CCC(O)(c1ccccc1)C1CCCCC1,training,1
O=C1N(Cc2ccccc2)C2C[S+]3CCCC3C2N1Cc1ccccc1,training,1
Cc1cc2cc3c(C)cc(=O)oc3c(C)c2o1,training,1
CC(C)[C@H](N)C(=O)OCCOCn1cnc2c(=O)[nH]c(N)nc21,training,0
CC(=O)OC1C([N+]2(C)CCCCC2)C[C@H]2[C@@H]3CC[C@H]4C[C@H](OC(C)=O)C(N5CCCCC5)C[C@]4(C)[C@H]3CC[C@]12C,training,1
COc1ccc(C(CN(C)C)C2(O)CCCCC2)cc1,training,0
Cc1cn([C@H]2C[C@H](N=[N+]=[N-])[C@@H](CO)O2)c(=O)[nH]c1=O,training,0
Cc1cc(CC(=O)O)n(C)c1C(=O)c1ccc(Cl)cc1,training,0
Nc1nc2c(ncn2COCCO)c(=O)[nH]1,training,0
Nc1ncnc2nc[nH]c12,training,0
Nc1ncnc2c1ncn2[C@@H]1O[C@H](COP(=O)(O)O)[C@@H](O)[C@H]1O,training,1
C=CCN1C(=O)C(CC(C)C)NC1=S,training,0
CCC(=O)O[C@]1(c2ccccc2)CCN(C)C[C@@H]1C,training,1
CC[N+](CC)(CCNC(=O)C(=O)NCC[N+](CC)(CC)Cc1ccccc1Cl)Cc1ccccc1Cl,training,1
Nc1c(Br)cc(Br)cc1CNC1CCC(O)CC1,training,1
Nc1nc(N)c2nc(CNc3ccc(C(=O)NC(CCC(=O)O)C(=O)O)cc3)cnc2n1,training,1
CC1(C)S[C@@H]2[C@H](NC(=O)[C@H](N)c3ccc(O)cc3)C(=O)N2[C@H]1C(=O)O,training,0
Nc1cc(-c2ccncc2)c[nH]c1=O,training,1
CN[C@@H]1[C@@H](OC)[C@@H](O)[C@H](N)[C@@H](O[C@H]2O[C@H]([C@H](C)N)CC[C@H]2N)[C@@H]1O,training,0
CN1CCCC(=C(c2cccs2)c2cccs2)C1,training,0
CN1CCCC(n2nc(Cc3ccc(Cl)cc3)c3ccccc3c2=O)CC1,training,1
C[C@H]1[C@H](NC(=O)/C(=N\OC(C)(C)C(=O)O)c2csc(N)n2)C(=O)N1S(=O)(=O)O,training,0
CCN(CCO)CCn1c(Cc2ccccc2)nc2c1c(=O)n(C)c(=O)n2C,training,0
CN(C)CCCOC1(Cc2ccccc2)CCCCCC1,training,0
COC(=O)C1=C(C)NC(C)=C(C(=O)O[C@@H]2CCCN(Cc3ccccc3)C2)[C@@H]1c1cccc([N+](=O)[O-])c1,training,1
CC(=O)Nc1ccc(OC(=O)c2ccccc2OC(C)=O)cc1,training,0
CC(C(=O)O)c1ccc2oc(-c3ccc(Cl)cc3)nc2c1,training,0
NS(=O)(=O)c1cc2c(cc1Cl)NC(CSCc1ccccc1)=NS2(=O)=O,training,1
CC1=C(/C=C/C(C)=C/C=C/C(C)=C/C=C/C=C(C)/C=C/C=C(C)/C=C/C2=C(C)CCCC2(C)C)C(C)(C)CCC1,training,1
C[C@H]1C[C@H]2[C@@H]3CCC4=CC(=O)C=C[C@]4(C)[C@@]3(F)[C@@H](O)C[C@]2(C)[C@@]1(OC(=O)c1ccccc1)C(=O)CO,training,1
C[C@](O)(CS(=O)(=O)c1ccc(F)cc1)C(=O)Nc1ccc(C#N)c(C(F)(F)F)c1,training,1
COc1cc(OC)c(C(=O)CCCN2CCCC2)c(OC)c1,training,0
CCCC(=O)N1CCCN(c2nc(N)c3cc(OC)c(OC)cc3n2)CC1,training,1
CCCCN(CCCC)CCNc1nc(-c2ccccc2)no1,training,0
CC(CC1c2ccccc2CCc2ccccc21)CN(C)C,training,1
Cn1c(=O)c2c(ncn2C)n(C)c1=O,training,0
CCC(C)C(CC)C(=O)NC(N)=O,training,0
C[N+](C)(C)CCOC(N)=O,training,1
CCOC(=O)n1ccn(C)c1=S,training,1
CC(C)(C)NCC(O)COc1cccc2c1CCC(=O)N2,training,1
CO/N=C(\C(=O)N[C@@H]1C(=O)N2C(C(=O)O)=C(CSc3nnnn3C)CS[C@H]12)c1csc(N)n1,training,0
CO[C@@]1(NC(=O)CSCC#N)C(=O)N2C(C(=O)O)=C(CSc3nnnn3C)CS[C@@H]21,training,0
CCN1CCN(C(=O)N[C@@H](C(=O)N[C@@H]2C(=O)N3C(C(=O)O)=C(CSc4nnnn4C)CS[C@H]23)c2ccc(O)cc2)C(=O)C1=O,training,0
CO/N=C(/C(=O)N[C@@H]1C(=O)N2C(C(=O)O)=C(COC(C)=O)CS[C@H]12)c1csc(N)n1,training,0
CN(C)CCn1nnnc1SCC1=C(C(=O)O)N2C(=O)[C@@H](NC(=O)Cc3csc(N)n3)[C@H]2SC1,training,0
CO/N=C(/C(=O)N[C@@H]1C(=O)N2C(C(=O)OC(C)OC(=O)C(C)(C)OC)=C(COC(N)=O)CS[C@H]12)c1ccco1,training,0
Cc1ccc(-c2cc(C(F)(F)F)nn2-c2ccc(S(N)(=O)=O)cc2)cc1,training,0
CN(C)CCC(c1ccc(Cl)cc1)c1ccccn1,training,1
CN(C)[C@@H]1C(=O)C(C(N)=O)=C(O)[C@@]2(O)C(=O)C3=C(O)c4c(O)ccc(Cl)c4[C@@](C)(O)[C@H]3C[C@@H]12,training,0
O=C([O-])c1c(Cl)c(Cl)c(Cl)c(Cl)c1-c1c2cc(I)c(=O)c(I)c-2oc2c(I)c([O-])c(I)cc12,training,1
Oc1cc(O)c2c(c1)O[C@H](c1ccc(O)c(O)c1)[C@@H](O)C2,training,0
CN=C(NC#N)NCCSCc1nc[nH]c1C,training,0
CN(C)CCCC1(c2ccc(F)cc2)OCc2cc(C#N)ccc21,training,1
COc1cc(N)c(Cl)cc1C(=O)NC1CCN(Cc2ccccc2)CC1,training,1
O=C1CN2CCOC2(c2ccccc2Cl)c2cc(Cl)ccc2N1,training,1
COc1ccc2c3c1O[C@H]1[C@@H](O)C=C[C@H]4[C@@H](C2)N(C)CC[C@]314,training,0
O=C(O)c1cc(=O)c2c(OCC(O)COc3cccc4oc(C(=O)O)cc(=O)c34)cccc2o1,training,0
O=C1CN(/N=C/c2ccc(-c3ccc([N+](=O)[O-])cc3)o2)C(=O)N1,training,0
COc1cccc2c1C(=O)c1c(O)c3c(c(O)c1C2=O)C[C@@](O)(C(C)=O)C[C@@H]3O[C@H]1C[C@H](N)[C@H](O)[C@H](C)O1,training,1
CC1=NS(=O)(=O)c2cc(Cl)ccc2N1,training,0
COc1ccc([C@@H]2Sc3ccccc3N(CCN(C)C)C(=O)[C@@H]2OC(C)=O)cc1,training,0
CC(=O)N(C)C,training,1
CCN(CC)C(=S)SSC(=S)N(CC)CC,training,0
OCCN(CCO)c1nc(-c2ccccc2)c(-c2ccccc2)o1,training,0
CCN1/C(=C/C=C/C=C/c2sc3ccccc3[n+]2CC)Sc2ccccc21,training,1
COc1cc2nc(N3CCN(C(=O)C4COc5ccccc5O4)CC3)nc(N)c2cc1OC,training,1
CCOC(=O)[C@H](CCc1ccccc1)N[C@@H](C)C(=O)N1CCC[C@H]1C(=O)O,training,1
CC[C@@H](CO)NCCN[C@@H](CC)CO,training,0
CCCCCCCC/C=C\CCCCCCCC(=O)O,training,0
CCOc1ccc(Cc2nccc3cc(OCC)c(OCC)cc23)cc1OCC,training,0
C#CC(O)(/C=C\Cl)CC,training,0
CCOC(=O)C1(c2ccccc2)CCCN(C)CC1,training,0
C#C[C@]1(OC(C)=O)CC[C@H]2[C@@H]3CCC4=C[C@@H](OC(C)=O)CC[C@@H]4[C@H]3CC[C@@]21C,training,1
Cn1c(=O)c2c(ncn2CCOC(=O)C(C)(C)Oc2ccc(Cl)cc2)n(C)c1=O,training,0
Cc1c(-c2ccccc2)n(/N=N/n2c(-c3ccccc3)c(C)[n+]3ccccc23)c2cccc[n+]12,training,1
CC(C)(C)NC(=O)[C@H]1CC[C@H]2[C@@H]3CC[C@H]4NC(=O)C=C[C@]4(C)[C@H]3CC[C@]12C,training,1
O=C(O)CCC(=O)c1ccc2c(c1)-c1cccc3cccc-2c13,training,0
C[C@]12C[C@H](O)[C@@]3(F)[C@@H](CCC4=CC(=O)CC[C@@]43C)[C@@H]1CC[C@]2(O)C(=O)CO,training,1
NCC1(CC(=O)O)CCCCC1,training,0
N[C@@H](CCC(=O)N[C@@H](CS)C(=O)NCC(=O)O)C(=O)O,training,0
CCC1(c2ccccc2)CCC(=O)NC1=O,training,0
OCC(O)CO,training,0
Cc1cc2c(C(C)C)c(O)c(O)c(C=O)c2c(O)c1-c1c(C)cc2c(C(C)C)c(O)c(O)c(C=O)c2c1O,training,1
CN1[C@H]2CCC[C@@H]1CC(NC(=O)c1nn(C)c3ccccc13)C2,training,1
NC(N)=NCCN1CCCCCCC1,training,1
N=C(N)N,training,0
C[N+]1(C)CCN(CC(O)(c2ccccc2)C2CCCCC2)CC1,training,1
CC(=O)[C@]1(O)Cc2c(O)c3c(c(O)c2[C@@H](O[C@H]2C[C@H](N)[C@H](O)[C@H](C)O2)C1)C(=O)c1ccccc1C3=O,training,1
CC1(C)C(/C=C\C=C/C=C\C=C2\N(CCCCS(=O)(=O)[O-])c3ccc4ccccc4c3C2(C)C)=[N+](CCCCS(=O)(=O)[O-])c2ccc3ccccc3c21,training,1
CNC(C)CCC=C(C)C,training,0
O=[N+]([O-])O[C@@H]1CO[C@@H]2[C@@H](O)CO[C@H]12,training,1
CN1CCC(=C2c3ccccc3CC(=O)c3sccc32)CC1,training,1
CC(O)C(=O)O,training,0
Nc1nc2c(c(=O)[nH]1)N(C=O)C(CNc1ccc(C(=O)NC(CCC(=O)O)C(=O)O)cc1)CN2,training,0
c1ccc([C@H]2CN3CCSC3=N2)cc1,training,1
OC[C@@H](O)CN1CCN(c2ccccc2)CC1,training,0
N[C@@H](Cc1cc(I)c(Oc2cc(I)c(O)c(I)c2)c(I)c1)C(=O)O,training,1
CC(Oc1c(Cl)cccc1Cl)C1=NCCN1,training,1
N[C@@H](C(=O)N[C@@H]1C(=O)N2C(C(=O)O)=C(Cl)CC[C@H]12)c1ccccc1,training,0
CC[C@H](C)C(=O)O[C@H]1C[C@@H](C)C=C2C=C[C@H](C)[C@H](CC[C@@H]3C[C@@H](O)CC(=O)O3)[C@H]21,training,1
CN1CCN(C2=Nc3ccccc3Oc3ccc(Cl)cc32)CC1,training,0
NCCCC[C@H](N)C(=O)O,training,0
C[N+]1(C)CCCC(OC(=O)C(O)(c2ccccc2)c2ccccc2)C1,training,1
CCOC(=O)C1(c2ccccc2)CCN(C)CC1,training,0
c1ccc2c(c1)Sc1ccccc1N2CC1CN2CCC1CC2,training,1
CC[N+](C)(CC)CCOC(=O)C1c2ccccc2Oc2ccccc21,training,0
CCCCC(C)(O)C/C=C/[C@H]1[C@H](O)CC(=O)[C@@H]1CCCCCCC(=O)OC,training,1
CO[C@@]12[C@H](COC(N)=O)C3=C(C(=O)C(C)=C(N)C3=O)N1C[C@@H]1N[C@@H]12,training,1
CCOc1ccc2ccccc2c1C(=O)N[C@@H]1C(=O)N2[C@@H](C(=O)O)C(C)(C)S[C@H]12,training,0
C=C1CC[C@@]2(O)[C@H]3Cc4ccc(O)c5c4[C@@]2(CCN3CC2CC2)[C@H]1O5,training,1
C=CCN1CC[C@]23c4c5ccc(O)c4O[C@H]2C(=O)CC[C@@]3(O)[C@H]1C5,training,1
CCOC(=O)C1=C(C)NC(C)=C(C(=O)OC)C1c1cccc([N+](=O)[O-])c1,training,1
CN1Cc2c(N)cccc2C(c2ccccc2)C1,training,0
C#C[C@]1(O)CC[C@H]2[C@@H]3CCC4=CC(=O)CC[C@@H]4[C@H]3CC[C@@]21C,training,1
C[C@]12COC(=O)C[C@@H]1CC[C@@H]1[C@@H]2CC[C@@]2(C)[C@H]1CC[C@]2(C)O,training,1
CC(CN(C)C)CN1c2ccccc2S(=O)(=O)c2ccccc21,training,1
CC1OC(C)OC(C)O1,training,0
NC[C@@H]1O[C@H](O[C@@H]2[C@@H](CO)O[C@@H](O[C@@H]3[C@@H](O)[C@H](N)C[C@H](N)[C@H]3O[C@H]3O[C@H](CO)[C@@H](O)[C@H](O)[C@H]3N)[C@@H]2O)[C@H](N)[C@@H](O)[C@@H]1O,training,0
CC1(C)S[C@@H]2[C@H](NC(=O)COc3ccccc3)C(=O)N2[C@H]1C(=O)O,training,0
CC(C)=CCN1CC[C@@]2(C)c3cc(O)ccc3C[C@@H]1[C@@H]2C,training,1
OC[C@H]1O[C@@H](n2cnc3c2NC=NC[C@H]3O)C[C@@H]1O,training,1
C1CCC(C(CC2CCCCN2)C2CCCCC2)CC1,training,0
O=C1c2ccccc2C(=O)C1c1ccccc1,training,0
CCC(c1ccccc1)c1c(O)c2ccccc2oc1=O,training,1
Cc1ccc(N(CC2=NCCN2)c2cccc(O)c2)cc1,training,1
CCCCC1C(=O)N(c2ccccc2)N(c2ccccc2)C1=O,training,0
CC1=C(C/C=C(\C)CCC[C@H](C)CCC[C@H](C)CCCC(C)C)C(=O)c2ccccc2C1=O,training,1
CCN1CCN(C(=O)N[C@@H](C(=O)N[C@@H]2C(=O)N3[C@@H](C(=O)O)C(C)(C)S[C@H]23)c2ccccc2)C(=O)C1=O,training,0
O=C(OCCN1CCCCC1)C(O)(c1ccccc1)c1ccccc1,training,1
CC(C(=O)O)c1ccc(N2CC=CC2)c(Cl)c1,training,0
C[n+]1ccccc1/C=N/O,training,0
CC(C)NCC(O)COc1cccc2ccccc12,training,0
Cc1ccc2c(-c3ccccc3)nc(=O)n(C(C)C)c2c1,training,0
CCNNC(=O)[C@@H]1[C@H](c2cc(OC)c(OC)c(OC)c2)c2cc3c(cc2[C@H](O)[C@H]1CO)OCO3,training,1
NC(=O)[C@@H]1CCCN1C(=O)[C@H](Cc1cnc[nH]1)NC(=O)[C@@H]1CCC(=O)N1,training,1
CCOC(=O)[C@H](CCc1ccccc1)N[C@@H](C)C(=O)N1Cc2ccccc2C[C@H]1C(=O)O,training,1
C=C[C@H]1CN2CC[C@H]1C[C@@H]2[C@@H](O)c1ccnc2ccc(OC)cc12,training,0
O=C(c1ccc(OCCN2CCCCC2)cc1)c1c(-c2ccc(O)cc2)sc2cc(O)ccc12,training,0
COC(=O)[C@H]1[C@H]2C[C@@H]3c4[nH]c5cc(OC)ccc5c4CCN3C[C@H]2C[C@@H](OC(=O)/C=C/c2cc(OC)c(OC)c(OC)c2)[C@@H]1OC,training,1
NC(=O)c1ncn([C@@H]2O[C@H](CO)[C@@H](O)[C@H]2O)n1,training,0
CC(C)CC(N(C)C)C1(c2ccc(Cl)cc2)CCC1,training,1
CCCc1nn(C)c2c(=O)[nH]c(-c3cc(S(=O)(=O)N4CCN(C)CC4)ccc3OCC)nc12,training,1
CCC(C)(C)C(=O)O[C@H]1C[C@@H](C)C=C2C=C[C@H](C)[C@H](CC[C@@H]3C[C@@H](O)CC(=O)O3)[C@H]21,training,1
C1CCN2C[C@@H]3C[C@@H](CN4CCCC[C@H]34)[C@@H]2C1,training,0
CN[C@@H]1[C@H](O[C@H]2[C@H](O[C@@H]3[C@@H](N=C(N)N)[C@H](O)[C@@H](N=C(N)N)[C@H](O)[C@H]3O)O[C@@H](C)[C@]2(O)C=O)O[C@@H](CO)[C@H](O[C@@H]2O[C@H](CO)[C@@H](O)[C@H](O)[C@@H]2O)[C@H]1O,training,0
COc1cc(NS(=O)(=O)c2ccc(N)cc2)nc(OC)n1,training,0
COc1ccc(NS(=O)(=O)c2ccc(N)cc2)nn1,training,0
CCOC(=O)Oc1c(OC)cc(C(=O)O[C@@H]2C[C@@H]3CN4CCc5c([nH]c6cc(OC)ccc56)[C@H]4C[C@@H]3[C@H](C(=O)OC)[C@H]2OC)cc1OC,training,1
CCCc1nc2c(C)cc(-c3nc4ccccc4n3C)cc2n1Cc1ccc(-c2ccccc2C(=O)O)cc1,training,1
c1ccc(CC2=NCCN2)cc1,training,0
COc1cccc([C@@]2(O)CCCC[C@@H]2CN(C)C)c1,training,0
NS(=O)(=O)c1cc2c(cc1Cl)NC(C(Cl)Cl)NS2(=O)=O,training,1
C[C@]12CC[C@H]3[C@@H](CC[C@@]45O[C@@H]4C(O)=C(C#N)C[C@]35C)[C@@H]1CC[C@@H]2O,training,0
COc1cc(Cc2cnc(N)nc2N)cc(OC)c1OC,training,0
Cc1ccc(/C(=C/CN2CCCC2)c2ccccn2)cc1,training,1
NC(CO)(CO)CO,training,0
COc1cc2c3cc1Oc1cc(ccc1O)C[C@@H]1c4c(cc(OC)c([O-])c4Oc4ccc(cc4)C[C@@H]3[N+](C)CC2)CC[N+]1(C)C,training,1
C[C@H](CCC(=O)O)[C@H]1CC[C@H]2[C@@H]3[C@@H](O)C[C@@H]4C[C@H](O)CC[C@]4(C)[C@H]3CC[C@@]21C,training,0
CCCC(CCC)C(=O)O,training,0
CC[C@]1(O)C[C@H]2CN(CCc3c([nH]c4ccccc34)[C@@](C(=O)OC)(c3cc4c(cc3OC)N(C)[C@H]3[C@@](O)(C(N)=O)[C@H](O)[C@]5(CC)C=CCN6CC[C@]43[C@@H]65)C2)C1,training,1
CC(=O)CC(c1ccccc1)c1c(O)c2ccccc2oc1=O,training,1
CCOc1nc2cccc(C(=O)O)c2n1Cc1ccc(-c2ccccc2-c2nn[nH]n2)cc1,training,1
CCN(CC)CCOC(=O)C1(c2ccccc2)CCCC1,training,0
CCCCCCC(=O)O[C@H]1CC[C@H]2[C@@H]3CCc4cc(O)ccc4[C@H]3CC[C@]12C,training,1
NS(=O)(=O)c1cc2c(cc1Cl)NCNS2(=O)=O,training,0
CN1[C@H](C[C@H](O)c2ccccc2)CCC[C@@H]1CC(=O)c1ccccc1,training,1
O[C@H](CNCCCl)[C@@H](O)[C@H](O)[C@H](O)CNCCCl,training,1
CN1CCC(CN2c3ccccc3Sc3ccccc32)C1,training,1
CN1CCN2c3ccccc3Cc3ccccc3C2C1,training,1
CCc1c(C)[nH]c2c1C(=O)C(CN1CCOCC1)CC2,training,0
CC(C)(C)NCC(O)COc1cccc2c1C[C@H](O)[C@H](O)C2,training,0
Cc1cc2c(s1)Nc1ccccc1N=C2N1CCN(C)CC1,training,1
COc1ccc2c3c1O[C@H]1C(=O)CC[C@@]4(O)[C@@H](C2)N(C)CC[C@]314,training,0
CC(=O)CCCCn1c(=O)c2c(ncn2C)n(C)c1=O,training,0
CC(=O)O[C@H]1C[C@@H]2CC[C@@H]3[C@H](CC[C@@]4(C)[C@H]3C[C@H](N3CC[N+](C)(C)CC3)[C@@H]4OC(C)=O)[C@@]2(C)C[C@@H]1N1CC[N+](C)(C)CC1,training,1
OC(CCN1CCCC1)(c1ccccc1)C1CCCCC1,training,1
C[C@@H]1O[C@@H](O[C@@H]2C=C3CC[C@@H]4[C@H](CC[C@]5(C)[C@@H](c6ccc(=O)oc6)CC[C@]45O)[C@@]3(C)CC2)[C@H](O)[C@H](O)[C@H]1O,training,1
CCC1NC(=O)c2cc(S(N)(=O)=O)c(Cl)cc2N1,training,0
OCC(Br)(Br)Br,training,0
COc1cc(C(=O)N2CCOCC2)cc(OC)c1OC,training,0
NCCCC(O)(P(=O)(O)O)P(=O)(O)O,training,1
Nc1ncn([C@@H]2O[C@H](CO)[C@@H](O)[C@H]2O)c(=O)n1,training,0
O=c1c(CO)c/c(=N/Nc2ccc(S(=O)(=O)[O-])c3ccccc23)c(=O)/c1=N\Nc1ccc(S(=O)(=O)[O-])c2ccccc12,training,1
COC1=C(C(=O)O)N2C(=O)[C@@H](NC(=O)[C@H](N)C3=CCC=CC3)[C@H]2SC1,training,0
NC(=O)c1cc[n+](CC2=C(C(=O)[O-])N3C(=O)[C@@H](NC(=O)C(c4ccccc4)S(=O)(=O)O)[C@H]3SC2)cc1,training,0
CC1=C(C(=O)O)N2C(=O)[C@@H](NC(=O)[C@H](N)c3ccccc3)[C@H]2SC1,training,0
CC1=C(C(=O)O)N2C(=O)[C@@H](NC(=O)[C@H](N)C3=CCC=CC3)[C@H]2SC1,training,0
C[C@]12CC(=O)[C@H]3[C@@H](CCC4=CC(=O)CC[C@@]43C)[C@@H]1CC[C@]2(O)C(=O)CO,training,0
C[N+](C)(C)CCCCCCCCCC[N+](C)(C)C,training,1
OC[C@H]1OC(O)[C@H](O)[C@@H](O)[C@@H]1O,training,0
Cc1cc(=O)n(-c2ccccc2)n1C,training,0
O=C(O)CCC(=O)c1ccc(-c2ccccc2)cc1,training,0
O=C1NCC2(CCN(CCc3ccccc3)CC2)O1,training,0
O=P(O)(O)OC(CO)CO,training,0
O=C(c1ccc(F)cc1)C1CCN(CCn2c(=O)[nH]c3ccccc3c2=O)CC1,training,1
CC(=O)OC(C)C[N+](C)(C)C,training,1
CC(=O)Nc1c(I)c(C(=O)N[C@H]2C(O)O[C@H](CO)[C@@H](O)[C@@H]2O)c(I)c(N(C)C(C)=O)c1I,training,0
C[C@]12CC[C@@H]3[C@H]4CCC(=O)C=C4CC[C@H]3[C@@H]1CC[C@@H]2O,training,0
CC12C=CC(C(=O)O[C@H]3CC[C@H]4[C@@H]5CCC6=CC(=O)CC[C@@H]6[C@H]5CC[C@]34C)(CC1)CC2,training,1
CC(C)NCC(O)COc1cccc2[nH]ccc12,training,1
OC(c1ccccc1)(c1ccccc1)C1CCCCN1,training,1
CCC1C(C)=NN=C(c2ccc(OC)c(OC)c2)c2cc(OC)c(OC)cc21,training,1
Cc1ccc(S(=O)(=O)NC(=O)NN2CCCCCC2)cc1,training,0
O=C1Cc2cc(CCN3CCN(c4nsc5ccccc45)CC3)c(Cl)cc2N1,training,1
C=CC[C@]1(O)CC[C@H]2[C@@H]3CCC4=CCCC[C@@H]4[C@H]3CC[C@@]21C,training,1
CC(C)CCON=O,training,0
CC(C)COCC(CN(Cc1ccccc1)c1ccccc1)N1CCCC1,training,0
C[N+](C)(C)CC(O)CC(=O)[O-],training,0
CC(=O)[C@@]1(O)CC[C@H]2[C@@H]3C=C(Cl)C4=CC(=O)CC[C@]4(C)[C@H]3CC[C@@]21C,training,1
COc1ccc2c(c1)[C@]13CCCC[C@@H]1[C@H](C2)N(C)CC3,training,1
CC[C@H]1CN2CCc3cc(OC)c(OC)cc3[C@@H]2C[C@@H]1C[C@H]1NCCc2cc(OC)c(OC)cc21,training,1
COCCOc1cnc(NS(=O)(=O)c2ccccc2)nc1,training,0
Cc1ccc(S(=O)(=O)NC(=O)NC2CCCCC2)cc1N,training,1
CC[C@@H](CO)NC(=O)[C@@H]1C=C2c3cccc4c3c(cn4C)C[C@H]2N(C)C1,training,1
CCCN1C[C@H](CSC)C[C@@H]2c3cccc4[nH]cc(c34)C[C@H]21,training,1
O=C1OC(c2ccc(O)cc2)(c2ccc(O)cc2)c2ccccc21,training,1
NS(=O)(=O)c1cc(C(=O)O)cc(N2CCCC2)c1Oc1ccccc1,training,1
COc1cc(NC(C)CCCN)c2ncccc2c1,training,1
COC(=O)[C@H]1[C@H]2C[C@@H]3c4[nH]c5cc(OC)ccc5c4CCN3C[C@H]2C[C@@H](OC(=O)c2cc(OC)c(OC)c(OC)c2)[C@@H]1OC,training,1
CC(S)C(=O)NCC(=O)O,training,0
Cc1nnc2n1-c1ccc(Cl)cc1C(c1ccccc1)=NC2,training,1
CCCCC[C@H](O)/C=C/[C@H]1[C@H](O)CC(=O)[C@@H]1CCCCCCC(=O)O,training,1
CCN(CC)CCCN(c1ccccc1)C1Cc2ccccc2C1,training,0
CCN(CC)C(=O)C1CN2CCc3cc(OC)c(OC)cc3C2CC1OC(C)=O,training,1
NC(CSCC(=O)O)C(=O)O,training,0
CC(=O)OCC1=C(C(=O)O)N2C(=O)[C@@H](NC(=O)CC#N)[C@H]2SC1,training,0
CC[C@H]1OC(=O)[C@H](C)[C@@H](O[C@H]2C[C@@](C)(OC)[C@@H](O)[C@H](C)O2)[C@H](C)[C@@H](O[C@@H]2O[C@H](C)C[C@H](N(C)C)[C@H]2O)[C@](C)(O)C[C@@H](C)C(=O)[C@H](C)[C@@H](O)[C@]1(C)O,training,0
CCc1nn(CCCN2CCN(c3cccc(Cl)c3)CC2)c(=O)n1CC,training,1
CC(=O)OCC(CCn1cnc2cnc(N)nc21)COC(C)=O,training,0
O=C(O)P(=O)([O-])[O-],training,0
Cc1cccc(CN2CCN(C(c3ccccc3)c3ccc(Cl)cc3)CC2)c1,training,1
CCC1(c2ccccc2)C(=O)NC(=O)N(C)C1=O,training,0
O=S(=O)(O)CCS,training,0
Cc1[nH]c(=O)c(C#N)cc1-c1ccncc1,training,1
C#C[C@]1(O)CC[C@H]2[C@@H]3CCC4=C(CCC(=O)C4)[C@H]3CC[C@@]21C,training,1
CN1CCCN=C1COC(=O)C(O)(c1ccccc1)C1CCCCC1,training,1
CC1C(c2ccccc2)OCCN1C,training,0
COc1ncnc(NS(=O)(=O)c2ccc(N)cc2)c1OC,training,0
O=C1C(CCS(=O)c2ccccc2)C(=O)N(c2ccccc2)N1c1ccccc1,training,0
CCOC(=O)C1=C[C@]2(CC)CCCN3CCc4c(n1c1ccccc41)[C@@H]32,training,1
CC(c1cc2ccccc2s1)N(O)C(N)=O,training,0
CC1(C)S[C@@H]2[C@H](N=CN3CCCCCC3)C(=O)N2[C@H]1C(=O)O,training,0
CCCC1C(=O)N2C(N(C)C)=Nc3ccc(C)cc3N2C1=O,training,0
C[C@@H](Cc1ccccc1)N(C)Cc1ccccc1,training,1
OC(CCN1CCCCC1)(c1ccccc1)C12C=CC(CC1)C2,training,1
CC(=O)Oc1ccc(C(=C2CCCCC2)c2ccc(OC(C)=O)cc2)cc1,training,0
Nc1ccc(S(=O)(=O)c2ccc(N)cc2)cc1,training,0
CC(=O)N(O)CCCCCNC(=O)CCC(=O)N(O)CCCCCNC(=O)CCC(=O)N(O)CCCCCN,training,0
CC(Cc1ccc(O)cc1)NCC(O)c1cc(O)cc(O)c1,training,1
OC[C@H]1O[C@](O)(CO)[C@@H](O)[C@@H]1O,training,0
CCCCN(CCCC)CCC(O)c1cc2c(Cl)cc(Cl)cc2c2cc(C(F)(F)F)ccc12,training,0
OC[C@@H](O)[C@@H](O)[C@H](O)[C@H](O)CO,training,0
CN(Cc1cnc2nc(N)nc(N)c2n1)c1ccc(C(=O)N[C@@H](CCC(=O)O)C(=O)O)cc1,training,1
CC#C[C@]1(O)CC[C@H]2[C@@H]3CCC4=CC(=O)CCC4=C3[C@@H](c3ccc(N(C)C)cc3)C[C@@]21C,training,0
NC[C@@H]1O[C@H](O[C@@H]2[C@@H](CO)O[C@@H](O[C@@H]3[C@@H](O)[C@H](N)C[C@H](N)[C@H]3O[C@H]3O[C@H](CN)[C@@H](O)[C@H](O)[C@H]3N)[C@@H]2O)[C@H](N)[C@@H](O)[C@@H]1O,training,0
C[C@H]1CC[C@@H]2N(C1)C[C@H]1[C@@H]3C[C@]45O[C@]6(O)[C@@H](O)CC[C@@]4(C)[C@@H]6[C@@H](O)[C@@H](O)[C@H]5[C@]3(O)[C@@H](O)[C@H](O)[C@@H]1[C@]2(C)O,training,1
O=C1NC(=O)[C@@]2(CCOc3ccc(F)cc32)N1,training,0
CN(C)CCOc1ccc(/C(=C(/CCCl)c2ccccc2)c2ccccc2)cc1,training,1
COc1cc(C(=O)NCc2ccc(OCCN(C)C)cc2)cc(OC)c1OC,training,0
Nc1ncnc2c1ncn2[C@@H]1O[C@H](CO)[C@@H](O)[C@H]1O,training,1
CN(C)c1nc(N(C)C)nc(N(C)C)n1,training,0
CCCC[N+]1(C)[C@H]2CC(OC(=O)[C@H](CO)c3ccccc3)C[C@@H]1[C@H]1O[C@@H]21,training,1
C[C@]12CC[C@H]3[C@@H](C=CC4=CC(=O)CC[C@@]43C)[C@@H]1CC[C@@]2(O)CCC(=O)O,training,0
Cn1nnnc1SCC1=C(C(=O)O)N2C(=O)[C@@H](NC(=O)[C@H](O)c3ccccc3)[C@H]2SC1,training,0
NS(=O)(=O)c1cc2c(cc1Cl)NC(C1CC3C=CC1C3)NS2(=O)=O,training,1
CN(C)/N=N/c1nc[nH]c1C(N)=O,training,0
COC(=O)[C@H]1[C@H]2C[C@@H]3c4[nH]c5ccccc5c4CCN3C[C@H]2C[C@@H](OC(=O)c2cc(OC)c(OC)c(OC)c2)[C@@H]1OC,training,1
CCO,training,0
COc1ccc2c3c1O[C@H]1C(=O)CC[C@H]4[C@@H](C2)N(C)CC[C@]314,training,1
Cc1cc(C(=O)NNCc2ccccc2)no1,training,1
O=C(O)c1cc(N=Nc2ccc(O)c(C(=O)O)c2)ccc1O,training,0
Nc1ccc(N=Nc2ccccc2)c(N)n1,training,0
C=CC[N+]1([C@H]2C[C@H]3[C@@H]4CC[C@H]5C[C@H](O)[C@@H](N6CCOCC6)C[C@]5(C)[C@H]4CC[C@]3(C)[C@H]2OC(C)=O)CCCC1,training,1
CCn1ccc(NS(=O)(=O)c2ccc(N)cc2)nc1=O,training,0
O=C1C(=O)c2ccccc2C(O)=C1C1CCC(c2ccc(Cl)cc2)CC1,training,0
Cc1ccc(C(=O)Oc2ccc(C(O)CNC(C)(C)C)cc2OC(=O)c2ccc(C)cc2)cc1,training,1
C[C@H]1CC2=CC(=O)CC[C@]2(C)[C@H]2CC[C@@]3(C)[C@@H](CC[C@]3(C)O)[C@H]12,training,0
CN(C)CCOC(c1ccc(Cl)cc1)c1ccccn1,training,1
O=c1ccc2ccccc2o1,training,0
O=c1[nH]cnc2c1ncn2[C@H]1CC[C@@H](CO)O1,training,0
CCN[C@H]1C[C@H](C)S(=O)(=O)c2sc(S(N)(=O)=O)cc21,training,1
O=C(CCCN1CC=C(n2c(=O)[nH]c3ccccc32)CC1)c1ccc(F)cc1,training,1
COc1cc([C@@H]2c3cc4c(cc3C(O[C@@H]3O[C@@H]5CO[C@@H](C)O[C@H]5[C@H](O)[C@H]3O)C3COC(=O)[C@@H]32)OCO4)cc(OC)c1O,training,1
CC(C(=O)O)c1cccc(Oc2ccccc2)c1,training,0
COC1[C@@H](O[C@@H]2O[C@H](C)[C@@H](O[C@H]3C[C@@](C)(O)[C@H](OC(=O)CC(C)C)[C@H](C)O3)[C@H](N(C)C)[C@H]2O)[C@@H](CC=O)C[C@@H](C)[C@@H](O)/C=C/C=C/C[C@@H](C)OC(=O)C[C@H]1OC(C)=O,training,0
C[C@H]1C[C@H]2[C@@H]3CCC4=CC(=O)C=C[C@]4(C)[C@H]3C(=O)C[C@]2(C)[C@@]1(O)C(=O)CO,training,1
COc1cccc(OC)c1C(=O)N[C@@H]1C(=O)N2[C@@H](C(=O)O)C(C)(C)S[C@H]12,training,0
C[C@]12CC[C@@H]3[C@H]4CCC(=O)C=C4CC[C@H]3[C@@H]1CC[C@@H]2OC(=O)CCc1ccccc1,training,1
COC(=O)C1=C(C)NC(C)=C(C(=O)OCCN(C)Cc2ccccc2)C1c1cccc([N+](=O)[O-])c1,training,1
C[N+]([O-])(CCCl)CCCl,training,1
COc1ccc2c(c1OC)C(=O)O[C@@H]2[C@H]1c2c(cc3c(c2OC)OCO3)CCN1C,training,1
CC[C@@H]1C(=O)OC[C@@H]1Cc1cncn1C,training,1
CCCCCCCC/C=C/CCCCCCCC(=O)OCCOCC(OCCO)C1OC(OCCO)CC1OCCO,training,0
CC1=C(CC(=O)O)c2cc(F)ccc2/C1=C/c1ccc(S(C)=O)cc1,training,0
CCC(COC(=O)c1cc(OC)c(OC)c(OC)c1)(c1ccccc1)N(C)C,training,0
O=C1O[C@H]([C@@H](O)CO)C(O)=C1O,training,0
Cc1nnc(SCC2=C(C(=O)O)N3C(=O)[C@@H](NC(=O)Cn4cnnn4)[C@H]3SC2)s1,training,0
O=C(O)c1cn(C2CC2)c2cc(N3CCNCC3)c(F)cc2c1=O,training,0
COc1cc(N)c(Cl)cc1C(=O)NC1CCN(CCCOc2ccc(F)cc2)CC1OC,training,1
O=C(O)CN(CCN(CC(=O)O)CC(=O)O)CC(=O)O,training,0
COc1ccc(C[C@@H](C)NC[C@H](O)c2ccc(O)c(NC=O)c2)cc1,training,1
COC1=CC(=O)C[C@@H](C)[C@]12Oc1c(Cl)c(OC)cc(OC)c1C2=O,training,0
CC(C)(C)NC(=O)[C@@H]1CN(Cc2cccnc2)CCN1C[C@@H](O)C[C@@H](Cc1ccccc1)C(=O)N[C@H]1c2ccccc2C[C@H]1O,training,0
CC[C@@H](C(N)=O)N1CCCC1=O,training,0
NC[C@@H]1O[C@H](O[C@@H]2[C@@H](CO)O[C@@H](O[C@@H]3[C@@H](O)[C@H](N)C[C@H](N)[C@H]3O[C@H]3O[C@H](CO)[C@@H](O)C[C@H]3N)[C@@H]2O)[C@H](N)[C@@H](O)[C@@H]1O[C@H]1O[C@H](CO)[C@@H](O)[C@H](O)[C@@H]1O,training,0
O=[N+]([O-])c1cc(Cl)cc(-c2cc(Cl)cc([N+](=O)[O-])c2O)c1O,training,1
COc1c2occc2cc2ccc(=O)oc12,training,1
COC(=O)C1=C(C)NC(C)=C(C(=O)OCC(C)C)C1c1ccccc1[N+](=O)[O-],training,1
C1CNCCN1,training,0
C[C@]12C[C@H](O)[C@H]3[C@@H](CCC4=CC(=O)C=C[C@@]43C)[C@@H]1CC[C@]2(O)C(=O)COC(=O)CCCc1ccc(N(CCCl)CCCl)cc1,training,1
CCCC(=O)O[C@H]1[C@H](C)O[C@@H](O[C@@H]2[C@@H](C)O[C@@H](O[C@@H]3[C@@H](OC)[C@H](O)CC(=O)O[C@H](C)C/C=C/C=C/[C@H](O)[C@H](C)C[C@@H]3CC=O)[C@H](O)[C@H]2N(C)C)C[C@@]1(C)OC(=O)CC,training,0
Cc1noc(NS(=O)(=O)c2ccc(N)cc2)c1C,training,0
CCCCC(=O)N(Cc1ccc(-c2ccccc2-c2nn[nH]n2)cc1)[C@@H](C(=O)O)C(C)C,training,0
CCN(C(C)=O)c1cccc(-c2ccnc3c(C#N)cnn23)c1,training,1
CCOC(=O)C1=C(COCCN)NC(C)=C(C(=O)OC)C1c1ccccc1Cl,training,1
Cc1cc(-c2ccc(N=Nc3ccc4c(S(=O)(=O)[O-])cc(S(=O)(=O)[O-])c(N)c4c3O)c(C)c2)ccc1N=Nc1ccc2c(S(=O)(=O)[O-])cc(S(=O)(=O)[O-])c(N)c2c1O,training,1
CCn1nc(C(=O)O)c(=O)c2cc3c(cc21)OCO3,training,0
CN[C@@H]1[C@H](O[C@H]2[C@H](O[C@@H]3[C@@H](N=C(N)N)[C@H](O)[C@@H](N=C(N)N)[C@H](O)[C@H]3O)O[C@@H](C)[C@]2(O)CO)O[C@@H](CO)[C@H](O)[C@H]1O,training,0
CN(C)CCOC(C)(c1ccccc1)c1ccccn1,training,1
CCOc1ccc2nc(S(N)(=O)=O)sc2c1,training,0
O=C(NCC1CCCCN1)c1cc(OCC(F)(F)F)ccc1OCC(F)(F)F,training,0
C[N+](C)(C)C[C@H](O)CC(=O)[O-],training,0
Cc1cc(C)cc(OCC2CNC(=O)O2)c1,training,0
CC(C)(O)c1ccccc1CC[C@@H](SCC1(CC(=O)O)CC1)c1cccc(/C=C/c2ccc3ccc(Cl)cc3n2)c1,training,1
Oc1ccc2c3c1O[C@H]1[C@@H](O)CC[C@@]4(O)[C@@H](C2)N(CC2CCC2)CC[C@]314,training,1
CCc1nn(CCCN2CCN(c3cccc(Cl)c3)CC2)c(=O)n1CCOc1ccccc1,training,0
CC(CCc1ccccc1)NC(C)C(O)c1ccc(O)cc1,training,1
COc1cc([C@@H]2Oc3cc([C@H]4Oc5cc(O)cc(O)c5C(=O)[C@@H]4O)ccc3O[C@H]2CO)ccc1O,training,0
C[C@H]1CN(c2c(F)c(N)c3c(=O)c(C(=O)O)cn(C4CC4)c3c2F)C[C@@H](C)N1,training,0
CCC(=O)N(c1ccccc1)C1(COC)CCN(CCc2cccs2)CC1,training,1
CN1C(=O)OC(C)(C)C1=O,training,0
CC(=O)O[C@H]1C[C@H](O[C@H]2[C@@H](O)C[C@H](O[C@H]3[C@@H](O)C[C@H](O[C@H]4CC[C@]5(C)[C@H]6CC[C@]7(C)[C@@H](C8=CC(=O)OC8)CC[C@]7(O)[C@@H]6CC[C@@H]5C4)O[C@@H]3C)O[C@@H]2C)O[C@H](C)[C@H]1O,training,1
CC(CC(C)(C)O)OC(O)C(Cl)(Cl)Cl,training,0
C[C@H](CN1CCOCC1)C(C(=O)N1CCCC1)(c1ccccc1)c1ccccc1,training,1
CCCCC[C@H](O)/C=C/[C@H]1[C@H](O)C[C@H](O)[C@@H]1C/C=C\CCCC(=O)O,training,1
CN1CCC(OC(c2ccccc2)c2ccccc2)CC1,training,1
O=C1CN2CCOC2(c2ccccc2F)c2cc(Cl)ccc2N1CCO,training,1
O=P(O)(O)OCC(O)CO,training,0
CCN(CCO)CCCC(C)Nc1ccnc2cc(Cl)ccc12,training,0
CC(COc1ccccc1)NC(C)C(O)c1ccc(O)cc1,training,1
O=C(c1ccccc1)c1ccc2n1CCC2C(=O)O,training,1
CCC(=O)O[C@@](Cc1ccccc1)(c1ccccc1)[C@@H](C)CN(C)C,training,1
CN(CCCl)CCCl,training,1
C#CC(C)(O)CC,training,0
CN1C(=O)CC(C)(c2ccccc2)C1=O,training,0
CO[C@H]1[C@@H](O)C[C@H](O[C@H]2[C@@H](O)C[C@H](O[C@H]3[C@@H](O)C[C@H](O[C@H]4CC[C@]5(C)[C@H]6C[C@@H](O)[C@]7(C)[C@@H](C8=CC(=O)OC8)CC[C@]7(O)[C@@H]6CC[C@@H]5C4)O[C@@H]3C)O[C@@H]2C)O[C@@H]1C,training,1
CCC1(C)OC(=O)N(C)C1=O,training,0
CC1NCCOC1c1ccccc1,training,1
CNC(C)CC1CCCCC1,training,0
CC[C@H](CC[C@@H](C)[C@H]1CC[C@H]2[C@@H]3CC=C4C[C@@H](O)CC[C@]4(C)[C@H]3CC[C@@]21C)C(C)C,training,0
COc1cnc(NS(=O)(=O)c2ccc(N)cc2)nc1,training,0
O=C(O)c1cc(N=Nc2ccc(S(=O)(=O)Nc3ccccn3)cc2)ccc1O,training,0
CNS(=O)(=O)Cc1ccc2[nH]cc(CCN(C)C)c2c1,training,1
Cn1c(=O)c2[nH]cnc2n(C)c1=O,training,0
CC(C)(C)NC[C@H](O)COc1nsnc1N1CCOCC1,training,1
O=C(O)C1CSCN1,training,0
COc1cc(NCc2ccc3nc(N)nc(N)c3c2C)cc(OC)c1OC,training,1
CC(=O)Oc1ccccc1C(=O)O,test,0
C[C@@](Cc1ccc(O)c(O)c1)(NN)C(=O)O,test,1
COc1ccccc1OCC(O)CO,test,0
CCOC(=O)CCCCCCCCC(C)c1ccc(I)cc1,test,0
CN(C)C(=O)Oc1cccc([N+](C)(C)C)c1,test,0
CCCCNC(=O)NS(=O)(=O)c1ccc(C)cc1,test,0
CC(NC(C)(C)C)C(=O)c1cccc(Cl)c1,test,0
C[C@H](O)C(=O)Nc1c(I)c(C(=O)NC(CO)CO)c(I)c(C(=O)NC(CO)CO)c1I,test,0
C#CCN(C)Cc1ccccc1,test,0
CCC(=O)c1ccc(O)cc1,test,0
CC(C)(O)C(C)(O)c1ccc(Cl)cc1,test,0
CC(C)(N)Cc1ccccc1,test,1
CNC[C@H](O)c1cccc(O)c1,test,1
NC(N)=NS(=O)(=O)c1ccc(N)cc1,test,0
NCC(CC(=O)O)c1ccc(Cl)cc1,test,1
CC(C)(C)c1cc(O)ccc1O,test,1
NC(=O)OCC(O)COc1ccc(Cl)cc1,test,0
NS(=O)(=O)c1cc(Cl)c(Cl)c(S(N)(=O)=O)c1,test,1
COC(=O)CCc1ccc(OCC(O)CNC(C)C)cc1,test,1
CCN(CC)C(=O)c1ccc(O)c(OC)c1,test,0
CCOc1ccccc1C(N)=O,test,0
CCOC(=O)/C=C(C)/C=C/C=C(C)/C=C/c1c(C)cc(OC)c(C)c1C,test,1
CCNC(C)Cc1cccc(C(F)(F)F)c1,test,1
CNCCc1ccc(OC(=O)C(C)C)c(OC(=O)C(C)C)c1,test,0
CC(C)Cc1ccc(C(C)C(=O)O)cc1,test,0
CNC(=O)c1c(I)c(NC(C)=O)c(I)c(C(=O)O)c1I,test,0
CN(C)C=Nc1c(I)cc(I)c(CCC(=O)O)c1I,test,0
NC[C@H](O)c1ccc(O)c(O)c1,test,1
CS(=O)(=O)c1ccc([C@@H](O)[C@@H](CO)NC(=O)C(Cl)Cl)cc1,test,0
CCN(CC)CCNC(=O)c1cc(S(C)(=O)=O)ccc1OC,test,0
CC(=O)Nc1c(I)cc(I)c(C(=O)O)c1I,test,0
Nc1ccc(C(=O)NCC(=O)O)cc1,test,0
O=C(N[C@H](CO)[C@H](O)c1ccc([N+](=O)[O-])cc1)C(Cl)Cl,test,0
C[C@H](N)Cc1ccccc1,test,1
CN[C@@H](C)[C@H](O)c1ccccc1,test,1
CNC[C@H](O)c1ccc(O)c(O)c1,test,1
CCNCC(O)c1cccc(O)c1,test,1
CC[N+](CC)(CC)CCOc1cccc(OCC[N+](CC)(CC)CC)c1OCC[N+](CC)(CC)CC,test,1
CNC(C)(C)Cc1ccccc1,test,1
COc1ccccc1OCC(O)COC(N)=O,test,0
CS(=O)(=O)c1ccc([C@@H](O)[C@@H](COC(=O)CN)NC(=O)C(Cl)Cl)cc1,test,0
CN=C(NC)NCc1ccccc1,test,0
CC(C)(C)NCC(O)COc1ccccc1C#N,test,1
CCN(CC)CCOC(=O)c1ccc(N)cc1Cl,test,0
CCCNC(=O)NS(=O)(=O)c1ccc(Cl)cc1,test,0
CC(CN(C)C)C(C)(O)Cc1ccc(Cl)cc1,test,0
O=C(O)C(O)c1ccccc1,test,0
C[C@](N)(Cc1ccc(O)cc1)C(=O)O,test,0
C#CCN(C)[C@H](C)Cc1ccccc1,test,1
N[C@@H](Cc1ccc(O)cc1)C(=O)O,test,0
CC(=O)Nc1ccccc1,test,0
Cc1ccccc1OCC(O)CO,test,0
CCC(Cc1c(I)cc(I)c(N)c1I)C(=O)O,test,0
CCCCNc1ccc(C(=O)OCCOCCOCCOCCOCCOCCOCCOCCOCCOC)cc1,test,0
COc1ccccc1O,test,0
NC(=O)NNc1ccccc1,test,0
CCOC(=O)CCCCCCCCC(C)c1ccccc1I,test,0
COc1cc(C)c(/C=C/C(C)=C/C=C/C(C)=C/C(=O)O)c(C)c1C,test,1
CC(C)(C)NCC(O)c1ccc(O)c(CO)c1,test,1
CC(C)N=C(N)/N=C(\N)Nc1ccc(Cl)cc1,test,0
CC(C)(C)NCC(O)c1cc(O)cc(O)c1,test,1
CCN(CC)C(=O)Nc1ccc(OCC(O)CNC(C)(C)C)c(C(C)=O)c1,test,0
NC(=O)c1ccccc1O,test,0
C=CCOc1ccc(CC(=O)O)cc1Cl,test,1
CC(C)N=C(N)/N=C(\N)Nc1ccc(Cl)c(Cl)c1,test,1
CCc1cc(C(N)=S)ccn1,test,0
Cc1ncc(CO)c(CO)c1O,test,0
CC(C)NNC(=O)c1ccncc1,test,0
OCc1cccnc1,test,0
O=C(O)c1cccnc1,test,0
C=CCC1(CC(C)C)C(=O)NC(=O)NC1=O,test,0
CCCC(C)C1(CC)C(=O)NC(=O)NC1=O,test,0
CCC(C)C1(CC)C(=O)NC(=O)NC1=O,test,1
C=CCC1(C(C)C#CCC)C(=O)NC(=O)N(C)C1=O,test,1
CCC1(CC)C(=O)NC(=O)N(C)C1=O,test,0
CCC1(CC)C(=O)NC(=O)NC1=O,test,0
CC[C@H](OC(C)=O)C(C[C@H](C)N(C)C)(c1ccccc1)c1ccccc1,test,0
CCC(OC(C)=O)C(CC(C)N(C)C)(c1ccccc1)c1ccccc1,test,1
CN(C)CCOC(c1ccccc1)c1ccc(Br)cc1,test,1
CN(C)CCOc1ccccc1Cc1ccccc1,test,0
CN(C)CCOC(c1ccccc1)c1ccccc1,test,1
CCC(=O)C(CC(C)N(C)C)(c1ccccc1)c1ccccc1,test,1
CCN(CC)CCSC(=O)C(c1ccccc1)c1ccccc1,test,0
Oc1ccc(Cl)cc1Cc1cc(Cl)ccc1O,test,0
CN(C)CCCN1c2ccccc2Sc2ccc(C(F)(F)F)cc21,test,1
CC(CN(C)C)CN1c2ccccc2Sc2ccccc21,test,1
CC(=O)c1ccc2c(c1)N(CCCN(C)C)c1ccccc1S2,test,1
COc1ccc2c(c1)N(C[C@H](C)CN(C)C)c1ccccc1S2,test,1
CC(CN1c2ccccc2Sc2ccccc21)N(C)C,test,1
CC(CN1c2ccccc2Sc2ccc(S(=O)(=O)N(C)C)cc21)N(C)C,test,1
CCC(=O)OCC(=O)[C@@]1(OC(=O)CC)[C@@H](C)C[C@H]2[C@@H]3CCC4=CC(=O)C=C[C@]4(C)[C@@]3(F)[C@@H](O)C[C@@]21C,test,1
CCCCC(=O)OCC(=O)[C@@]1(O)[C@H](C)C[C@H]2[C@@H]3CCC4=CC(=O)C=C[C@]4(C)[C@@]3(F)[C@@H](O)C[C@@]21C,test,1
CCCC(=O)O[C@]1(C(=O)COC(=O)CC)[C@@H](C)C[C@H]2[C@@H]3CCC4=CC(=O)C=C[C@]4(C)[C@@]3(F)[C@@H](O)C[C@@]21C,test,1
CC(=O)OCC(=O)[C@@]1(O)[C@@H](C)C[C@H]2[C@@H]3CCC4=CC(=O)C=C[C@]4(C)[C@@]3(F)[C@@H](O)C[C@@]21C,test,1
CCCCC(=O)O[C@]1(C(=O)CO)[C@@H](C)C[C@H]2[C@@H]3CCC4=CC(=O)C=C[C@]4(C)[C@@]3(F)[C@@H](O)C[C@@]21C,test,1
CN1C(=O)C(O)N=C(c2ccccc2)c2cc(Cl)ccc21,test,1
O=C1Nc2ccc(Cl)cc2C(c2ccccc2)=NC1O,test,1
CN1C(=O)CN=C(c2ccccc2)c2cc(Cl)ccc21,test,1
O=C1C(O)N=C(c2ccccc2F)c2cc(Cl)ccc2N1CCO,test,1
O=C1CN=C(c2ccccc2Cl)c2cc([N+](=O)[O-])ccc2N1,test,1
O=C1CN=C(c2ccccc2)c2cc(Cl)ccc2N1CC(F)(F)F,test,1
C[C@H]1C[C@H]2[C@@H]3CC[C@](O)(C(=O)COC(=O)CCCCCCC(=O)N(C)CCS(=O)(=O)[O-])[C@@]3(C)C[C@H](O)[C@@H]2[C@@]2(C)C=CC(=O)C=C12,test,1
CC(=O)OCC(=O)[C@@]1(O)[C@H](C)C[C@H]2[C@@H]3C[C@H](F)C4=CC(=O)C=C[C@]4(C)[C@H]3[C@@H](O)C[C@@]21C,test,1
CCCCCCCCCCCCCCCCCC(=O)OCC(=O)OCC(=O)[C@@]1(O)CC[C@H]2[C@@H]3CCC4=CC(=O)C=C[C@]4(C)[C@H]3[C@@H](O)C[C@@]21C,test,1
CCCCC(=O)O[C@]1(C(=O)COC(C)=O)CC[C@H]2[C@@H]3CCC4=CC(=O)C=C[C@]4(C)[C@H]3[C@@H](O)C[C@@]21C,test,1
C[C@H]1C[C@H]2[C@@H]3CC[C@](O)(C(=O)CO)[C@@]3(C)C[C@H](O)[C@@H]2[C@@]2(C)C=CC(=O)C=C12,test,0
C[C@]12C[C@H](O)[C@H]3[C@@H](CCC4=CC(=O)C=C[C@@]43C)[C@@H]1CC[C@]2(O)C(=O)COC(=O)CCC(=O)O,test,1
CCC(=O)O[C@]1(C(=O)COC(C)=O)CC[C@H]2[C@@H]3C[C@H](C)C4=CC(=O)C=C[C@]4(C)[C@H]3[C@@H](O)C[C@@]21C,test,1
N[C@H]1[C@H](O)[C@@H](CO)O[C@H](O[C@@H]2[C@@H](O)[C@H](O[C@H]3O[C@H](CO)[C@@H](O)[C@H](O)[C@H]3N)[C@@H](N)C[C@H]2N)[C@@H]1O,test,0
NCC[C@H](O)C(=O)N[C@@H]1C[C@H](N)[C@@H](O[C@H]2O[C@H](CN)[C@@H](O)[C@H](O)[C@H]2O)[C@H](O)[C@H]1O[C@H]1O[C@H](CO)[C@@H](O)[C@H](N)[C@H]1O,test,0
NC[C@H]1O[C@H](O[C@@H]2[C@@H](N)C[C@@H](N)[C@H](O[C@H]3O[C@H](CO)[C@@H](O)[C@H](N)[C@H]3O)[C@H]2O)[C@H](O)[C@@H](O)[C@@H]1O,test,0
NC[C@@H]1CC[C@@H](N)[C@@H](O[C@@H]2[C@@H](N)C[C@@H](N)[C@H](O[C@H]3O[C@H](CO)[C@@H](O)[C@H](N)[C@H]3O)[C@H]2O)O1,test,1
CCCCCCCCCC(=O)OCCN1CCN(CCCN2c3ccccc3Sc3ccc(C(F)(F)F)cc32)CC1,test,1
OCCN1CCN(CCCN2c3ccccc3Sc3ccc(Cl)cc32)CC1,test,1
CCCCCCC(=O)OCCN1CCN(CCCN2c3ccccc3Sc3ccc(C(F)(F)F)cc32)CC1,test,1
CCCC(=O)c1ccc2c(c1)N(CCCN1CCN(C)CC1)c1ccccc1S2,test,1
CN1CCN(CCCN2c3ccccc3Sc3ccc(Cl)cc32)CC1,test,1
CC(=O)Nc1ccc(/C=N/NC(N)=S)cc1,val,1
CN(C(=O)C(Cl)Cl)c1ccc(O)cc1,val,0
CC[N+](C)(C)c1cccc(O)c1,val,1
CCCN(CC)C(CC)C(=O)Nc1c(C)cccc1C,val,0
NC(=O)OCC(COC(N)=O)c1ccccc1,val,0
CCCCCCc1ccc(O)cc1O,val,0
N[C@@H](Cc1ccc(N(CCCl)CCCl)cc1)C(=O)O,val,1
CNC(C)Cc1ccccc1OC,val,0
CC(=O)Nc1c(I)c(C(=O)O)c(I)c(N(C)C(C)=O)c1I,val,0
COc1ccc(OC)c(C(O)CNC(=O)CN)c1,val,1
CNNCc1ccc(C(=O)NC(C)C)cc1,val,0
CCN(C)C(=O)Oc1cccc([C@H](C)N(C)C)c1,val,1
CCCC(=O)Nc1c(I)cc(I)c(CC(CC)C(=O)O)c1I,val,0
O=C(O)CCCc1ccc(N(CCCl)CCCl)cc1,val,1
CC(=O)Nc1c(I)c(NC(C)=O)c(I)c(C(=O)O)c1I,val,0
CCN(CC)C(C)C(=O)c1ccccc1,val,1
CCOC(=O)CCCCCCCCC(C)c1cccc(I)c1,val,0
CC(C)NCC(O)c1ccc(O)c(O)c1,val,1
NC(Cc1ccccc1)C(=O)O,val,0
C[C@@H](N)[C@@H](O)c1ccccc1,val,0
CN[C@@H](C)[C@@H](O)c1ccccc1,val,0
NC(=S)N=Nc1ccc(NN=C(N)N)cc1,val,1
Nc1ccc(C(=O)O)c(O)c1,val,0
CC(N)Cc1ccccc1,val,1
CC(C)NCC(O)COc1ccc(CC(N)=O)cc1,val,0
CCOC(=O)C(C)(C)Oc1ccc(Cl)cc1,val,0
CC(C)(N)Cc1ccccc1Cl,val,1
Cc1ccc(C)c(OCCCC(C)(C)C(=O)O)c1,val,0
CC(=O)NCc1c(I)c(NC(C)=O)c(I)c(C(=O)O)c1I,val,0
COCC(=O)Nc1c(I)c(C(=O)NCC(O)CO)c(I)c(C(=O)N(C)CC(O)CO)c1I,val,0
N[C@@H](Cc1ccc(O)c(O)c1)C(=O)O,val,0
COCCc1ccc(OCC(O)CNC(C)C)cc1,val,0
CCOc1ccc(NC(C)=O)cc1,val,0
CC[N+](C)(C)Cc1ccccc1Br,val,0
Cc1ccc(Cl)c(OCC(O)CNC(C)(C)C)c1,val,0
CCCCNC(=O)NS(=O)(=O)c1ccc(N)cc1,val,0
CC(C)(C)NCC(O)c1cc(Cl)c(N)c(Cl)c1,val,1
CN(C)C(=O)CCCOC(=O)C(C)(C)Oc1ccc(Cl)cc1,val,0
CC(N)Cc1ccc(O)cc1,val,0
CC(=O)N(CC(C)C(=O)O)c1c(I)cc(I)c(N)c1I,val,0
CC(C)COC(=O)c1ccc(N)cc1,val,0
C[C@H](N)[C@H](O)c1cccc(O)c1,val,0
C[C@](N)(Cc1ccc(O)c(O)c1)C(=O)O,val,0
CC(=O)Oc1cc(C(C)C)c(OCCN(C)C)cc1C,val,0
NC(=O)NC(=O)Cc1ccccc1,val,0
CC(C)NCC(O)c1ccc(NS(C)(=O)=O)cc1,val,0
NC(CO)C(=O)NNCc1ccc(O)c(O)c1O,val,0
CC(C)(N)Cc1ccc(Cl)cc1,val,1
CC(C)(O)CC(C)(O)c1ccc(Cl)cc1,val,0
COC(=O)c1ccc(O)cc1,val,0
NC(N)=NC(N)=NCCc1ccccc1,val,1
CCCN(CCC)S(=O)(=O)c1ccc(C(=O)O)cc1,val,0
CCCN(CCC)C(=O)C(CCC(=O)O)NC(=O)c1ccccc1,val,0
CCCOC(=O)c1ccc(O)cc1,val,0
CCOC(=O)c1ccc(N)cc1,val,1
COc1ccc(OC)c(C(O)C(C)N)c1,val,1
CC(C)NCC(O)COc1ccc(O)cc1,val,1
CC(C)NCC(O)COc1ccc(COCCOC(C)C)cc1,val,1
CCN(CC)S(=O)(=O)c1ccc(C(=O)O)cc1,val,0
CC(=O)Nc1ccc(O)cc1,val,0
OCc1ccccc1,val,0
CC(C)c1cccc(C(C)C)c1O,val,0
CC(=O)N(CC(O)CO)c1c(I)c(C(=O)NCC(O)CO)c(I)c(C(=O)NCC(O)CO)c1I,val,0
CCN(CC)CCNC(=O)c1ccc(N)cc1,val,0
NC(=O)c1cccnc1,val,0
CNCCc1ccccn1,val,1
NNC(=O)c1ccncc1,val,0
O=P(O)(O)C(O)(Cc1cccnc1)P(=O)(O)O,val,1
CCCCc1ccc(C(=O)O)nc1,val,0
C=CCC1(C(C)CCC)C(=O)NC(=O)NC1=O,val,0
C=CCC1(C(C)C)C(=O)NC(=O)NC1=O,val,0
CC/C=C(\C)C1(CC)C(=O)NC(=O)NC1=O,val,0
C=CCC1(CC=C)C(=O)NC(=O)NC1=O,val,0
C=CCC1(C(C)CC)C(=O)NC(=O)NC1=O,val,0
NC(=O)CS(=O)C(c1ccccc1)c1ccccc1,val,0
Cc1ccc(O)c([C@H](CCN(C(C)C)C(C)C)c2ccccc2)c1,val,0
CN(C)CCC(O)(c1ccccc1)c1ccccc1Cl,val,1
Cc1ccccc1C(OCCN(C)C)c1ccccc1,val,0
CN(C)CCOC(C)(c1ccccc1)c1ccc(Cl)cc1,val,0
CCN(CC)CCOC(=O)C(c1ccccc1)c1ccccc1,val,0
CCN(CC)CCOC(=O)C(O)(c1ccccc1)c1ccccc1,val,1
CC(C)[N+](C)(CCC(C(N)=O)(c1ccccc1)c1ccccc1)C(C)C,val,1
CN(C)CCCN1c2ccccc2Sc2ccc(Cl)cc21,val,0
CN1c2ccccc2Sc2ccc(CC(=O)O)cc21,val,0
CCC(=O)c1ccc2c(c1)N(CC(C)N(C)C)c1ccccc1S2,val,1
CCN(CC)C(C)CN1c2ccccc2Sc2ccccc21,val,0
CN(C)CCCN1c2ccccc2Sc2ccccc21,val,0
CCC(=O)OCC(=O)[C@@]1(OC(=O)CC)[C@H](C)C[C@H]2[C@@H]3CCC4=CC(=O)C=C[C@]4(C)[C@@]3(F)[C@@H](O)C[C@@]21C,val,1
CCCCCCCCCCCCCCCC(=O)OCC(=O)[C@@]1(O)[C@H](C)C[C@H]2[C@@H]3CCC4=CC(=O)C=C[C@]4(C)[C@@]3(F)[C@@H](O)C[C@@]21C,val,1
C[C@@H]1C[C@H]2[C@@H]3CCC4=CC(=O)C=C[C@]4(C)[C@@]3(F)[C@@H](O)C[C@]2(C)[C@@]1(O)C(=O)CO,val,1
C[C@H]1C[C@H]2[C@@H]3CCC4=CC(=O)C=C[C@]4(C)[C@@]3(F)[C@@H](O)C[C@]2(C)[C@@]1(O)C(=O)CO,val,1
CC(=O)OCC(=O)[C@@]1(OC(=O)C(C)C)[C@@H](C)C[C@H]2[C@@H]3CCC4=CC(=O)C=C[C@]4(C)[C@@]3(F)[C@@H](O)C[C@@]21C,val,1
CC(=O)OCC(=O)[C@@]1(O)[C@H](C)C[C@H]2[C@@H]3CCC4=CC(=O)C=C[C@]4(C)[C@@]3(F)C(O)C[C@@]21C,val,1
O=C1Nc2ccc(Cl)cc2C(c2ccccc2Cl)=NC1O,val,1
CN1C(=O)CN=C(c2ccccc2F)c2cc([N+](=O)[O-])ccc21,val,1
CCN(CC)CCN1C(=O)CN=C(c2ccccc2F)c2cc(Cl)ccc21,val,1
O=C1CN=C(c2ccccc2)c2cc([N+](=O)[O-])ccc2N1,val,1
C#CCN1C(=O)CN=C(c2ccccc2)c2cc(Cl)ccc21,val,1
CN1C(=O)CN=C(c2ccccc2)c2cc([N+](=O)[O-])ccc21,val,1
C[C@H]1C[C@H]2[C@@H]3CC[C@](O)(C(=O)COC(=O)CCC(=O)O)[C@@]3(C)C[C@H](O)[C@@H]2[C@@]2(C)C=CC(=O)C=C12,val,1
C[C@]12C=CC(=O)C=C1CC[C@@H]1[C@@H]2CC[C@@]2(C)[C@H]1CC[C@]2(C)O,val,1
C[C@]12C[C@H](O)[C@H]3[C@@H](CCC4=CC(=O)C=C[C@@]43C)[C@@H]1CC[C@]2(O)C(=O)CO,val,1
C[C@@H]1C[C@H]2[C@@H]3C[C@H](F)C4=CC(=O)C=C[C@]4(C)[C@H]3[C@@H](O)C[C@]2(C)[C@@]1(O)C(=O)CO,val,1
CC(=O)OCC(=O)[C@@]1(O)CC[C@H]2[C@@H]3CCC4=CC(=O)C=C[C@]4(C)[C@H]3[C@@H](O)C[C@@]21C,val,1
CC(=O)OCC(=O)[C@@]1(O)CC[C@H]2[C@@H]3C[C@H](C)C4=CC(=O)C=C[C@]4(C)[C@H]3[C@@H](O)C[C@@]21C,val,1
CC(C)(C)CC(=O)OCC(=O)[C@@]1(O)CC[C@H]2[C@@H]3CCC4=CC(=O)C=C[C@]4(C)[C@H]3[C@@H](O)C[C@@]21C,val,1
NC[C@H]1O[C@H](O[C@@H]2[C@@H](N)C[C@@H](N)[C@H](O[C@H]3O[C@H](CO)[C@@H](O)[C@H](N)[C@H]3O)[C@H]2O)[C@H](N)C[C@@H]1O,val,0
CN[C@@H]1[C@@H](O)[C@@H](O[C@@H]2[C@@H](O)[C@H](O[C@H]3O[C@H](C(C)N)CC[C@H]3N)[C@@H](N)C[C@H]2N)OC[C@]1(C)O,val,1
CNC(C)[C@@H]1CC[C@@H](N)[C@@H](O[C@@H]2[C@@H](N)C[C@@H](N)[C@H](O[C@H]3OC[C@](C)(O)[C@H](NC)[C@H]3O)[C@H]2O)O1,val,1
NC[C@H]1O[C@H](O[C@@H]2[C@@H](N)C[C@@H](N)[C@H](O[C@H]3O[C@H](CO)[C@@H](O)[C@H](N)[C@H]3O)[C@H]2O)[C@H](N)[C@@H](O)[C@@H]1O,val,0
CN[C@@H]1[C@@H](O)[C@@H](O[C@@H]2[C@@H](O)[C@H](O[C@H]3O[C@H](CN)CC[C@H]3N)[C@@H](N)C[C@H]2N)OC[C@]1(C)O,val,1
CCSc1ccc2c(c1)N(CCCN1CCN(C)CC1)c1ccccc1S2,val,1
CC(=O)c1ccc2c(c1)N(CCCN1CCN(CCO)CC1)c1ccccc1S2,val,0
CCC(=O)c1ccc2c(c1)N(CCCN1CCN(CCO)CC1)c1ccccc1S2,val,0
OCCN1CCN(CCCN2c3ccccc3Sc3ccc(C(F)(F)F)cc32)CC1,val,1
CN1CCN(CCCN2c3ccccc3Sc3ccc(S(=O)(=O)N(C)C)cc32)CC1,val,1
CC(=O)OCCN1CCN(CCCN2c3ccccc3Sc3ccc(Cl)cc32)CC1,val,1
