smiles,group,HIA
NC(N)=[N+]CCN1CCCCCCC1,training,1
O=P(O)(O)C(Cl)(Cl)P(=O)(O)O,training,0
CCCCC(=O)N(Cc1ccc(-c2ccccc2-c2nnn[nH]2)cc1)[C@H](C(=O)O)C(C)C,training,1
COc1cc2c(cc1OC)C(=O)[C@H](CC1CCN(Cc3ccccc3)CC1)C2,training,1
N[C@H]1C[C@H]1c1ccccc1,training,1
CC(=O)NCCCS(=O)(=O)O,training,0
CO/N=C(/C(=O)N[C@H]1C(=O)N2C(C(=O)OCOC(=O)C(C)(C)C)=C(/C=C/c3scnc3C)CS[C@@H]12)c1csc(N)n1,training,1
CC[C@H]1NC(=O)c2cc(S(N)(=O)=O)c(Cl)cc2N1,training,1
CC[C@H](C)[C@H](N)C(=O)O,training,1
CN(C)[C@@H]1C(O)=C(C(=O)NCNCCCC[C@H](N)C(=O)O)C(=O)[C@@]2(O)C(O)=C3C(=O)c4c(O)cccc4[C@@](C)(O)[C@H]3C[C@@H]12,training,1
NCCC[C@H](N)C(=O)O,training,1
Fc1ccc([C@@H]2CCNC[C@H]2COc2ccc3c(c2)OCO3)cc1,training,1
CN(CCCCCCN(C)C(=O)Oc1ccc[n+](C)c1)C(=O)Oc1ccc[n+](C)c1,training,0
Cc1c(F)c(N2CCN[C@@H](C)C2)cc2c1c(=O)c(C(=O)O)cn2C1CC1,training,1
CN1C(=O)C[C@@](C)(c2ccccc2)C1=O,training,1
COc1ccc2c(c1OC)C(=O)O[C@@H]2[C@H]1c2c(cc3c(c2OC)OCO3)CCN1C,training,1
CCC1(c2ccccc2)C(=O)NC(=O)N(C)C1=O,training,1
CNC1=Nc2ccc(Cl)cc2C(c2ccccc2)=[N+]([O-])C1,training,1
CC1CCCC(C)N1CCCC(O)(c1ccccc1)c1ccccn1,training,1
Cc1ccccc1N1C(=O)c2cc(S(N)(=O)=O)c(Cl)cc2N[C@H]1C,training,1
CC(C)NC[C@H](O)COc1cccc2ccccc12,training,1
CN/C(=N\C#N)NCCSCc1nc[nH]c1C,training,1
CC(=O)N[C@@H]1[C@@H](NC(=N)N)C=C(C(=O)O)O[C@H]1[C@H](O)[C@H](O)CO,training,0
COc1ccc2c3c1O[C@H]1C[C@@H](O)C=C[C@@]31CCN(C)C2,training,1
Cc1cc(C)nc(NS(=O)(=O)c2ccc(N)cc2)n1,training,1
C[C@@H](O[C@H]1OCCN(Cc2n[nH]c(O)n2)[C@H]1c1ccc(F)cc1)c1cc(C(F)(F)F)cc(C(F)(F)F)c1,training,1
COC1/C=C\OC2(C)Oc3c(C)c(O)c4c(c3C2=O)C2=NC3(CCN(CC(C)C)CC3)NC2=C(NC(=O)/C(C)=C/C=C/C(C)C(O)C(C)C(O)C(C)C(OC(C)=O)C1C)C4=O,training,1
Cc1cc2nc3c(=O)[nH]c(=O)nc-3n(C[C@@H](O)[C@@H](O)[C@@H](O)CO)c2cc1C,training,1
NC(Cc1cc(I)c(Oc2ccc(O)c(I)c2)c(I)c1)C(=O)O,training,1
CCN(CC)C(=S)SSC(=S)N(CC)CC,training,1
C[N+](C)(CCOc1ccccc1)Cc1ccccc1,training,0
COC(=O)N[C@H](C(=O)NN(Cc1ccc(-c2ccccn2)cc1)C[C@@H](O)[C@H](Cc1ccccc1)NC(=O)[C@H](NC(=O)OC)C(C)(C)C)C(C)(C)C,training,1
CC[C@@H](C(=O)O)c1ccc(N2Cc3ccccc3C2=O)cc1,training,1
CC(C)C[C@H](CN)CC(=O)O,training,1
O=c1[nH]c2ccccc2n1CCCN1CCN(C(c2ccccc2)c2ccccc2)CC1,training,1
C[C@@H](c1ncncc1F)[C@](O)(Cn1cncn1)c1ccc(F)cc1F,training,1
CS(=O)(=O)CCNCc1ccc(-c2ccc3ncnc(Nc4ccc(OCc5cccc(F)c5)c(Cl)c4)c3c2)o1,training,1
C=C1C[C@@H]2[C@H](CC[C@@]3(C)C(=O)CC[C@H]23)[C@]2(C)C=CC(=O)C=C12,training,1
CCN1CCC[C@H]1CNC(=O)c1cc(S(N)(=O)=O)ccc1OC,training,1
CC(=O)O[C@H]1C[C@@H]2CC[C@@H]3[C@H](CC[C@@]4(C)[C@H]3C[C@H]([N+]3(C)CCCCC3)[C@@H]4OC(C)=O)[C@@]2(C)C[C@@H]1N1CCCCC1,training,0
CCC(=O)OC(OP(=O)(CCCCc1ccccc1)CC(=O)N1CC(C2CCCCC2)CC1C(=O)O)C(C)C,training,1
C#CC1(O)CCC2C3CCC4=CC(=O)CCC4=C3C=CC21CC,training,1
CCN(CC)C(=O)N[C@H]1C=C2c3cccc4[nH]cc(c34)C[C@H]2N(C)C1,training,1
NS(=O)(=O)c1cc2c(cc1Cl)N[C@@H](CC1CCCC1)NS2(=O)=O,training,1
CC(C)(C)NC[C@@H](O)COc1nsnc1N1CCOCC1,training,1
COc1ccc2cc(CCC(C)=O)ccc2c1,training,1
CCCc1nn(C)c2c(O)nc(-c3cc(S(=O)(=O)N4CCN(C)CC4)ccc3OCC)nc12,training,1
CC1=C(C(=O)O)N2C(=O)C(NC(=O)C(N)c3ccc(O)cc3)C2SC1,training,1
O=C(O)c1ccc(-n2nc(-c3ccccc3O)nc2-c2ccccc2O)cc1,training,1
NC(=O)C1=CN([C@H]2O[C@@H](COP(=O)([O-])OP(=O)([O-])OC[C@H]3O[C@@H](n4cnc5c(N)ncnc54)[C@H](O)[C@@H]3O)[C@H](O)[C@@H]2O)C=CC1,training,1
Cc1ccc(S(=O)(=O)NC(=O)NN2C[C@H]3CCC[C@@H]3C2)cc1,training,1
Cn1nnc2c(C(N)=O)ncn2c1=O,training,1
C[C@@H](/C=C/[C@@H](C)[C@H]1CC[C@H]2/C(=C/C=C3C[C@@H](O)C[C@H](O)C3)CCC[C@@]21C)C(C)(C)O,training,1
CS(=O)(=O)c1ccc(C(=O)Nc2ccc(Cl)c(-c3ccccn3)c2)c(Cl)c1,training,1
CC(C)c1nc(N(C)S(C)(=O)=O)nc(-c2ccc(F)cc2)c1/C=C/[C@H](O)C[C@H](O)CC(=O)O,training,1
COc1ccc(C[C@@H](C)NC[C@H](O)c2ccc(O)c(NC=O)c2)cc1,training,1
Cc1ccc(NC(=O)c2ccc(CN3CCNCC3)cc2)cc1Nc1nccc(-c2cccnc2)n1,training,1
Cc1nc(-c2ccc(OCC(C)C)c(C#N)c2)sc1C(=O)O,training,1
ClC[C@H]1CO1,training,1
COc1ccc2c3c1O[C@H]1C(=O)CC[C@@]4(O)[C@@H](C2)N(C)CC[C@]314,training,1
C[C@@]12CC3CC(N)(C1)C[C@](C)(C3)C2,training,1
O=C(O)O,training,1
CNCCCC1c2ccccc2C=Cc2ccccc21,training,1
Clc1ccc(CO[C@H](Cn2ccnc2)c2ccc(Cl)cc2Cl)c(Cl)c1,training,1
CCCCOc1ccc(C(=O)CCN2CCCCC2)cc1,training,1
CC(=O)Nc1nnc(S(N)(=O)=O)s1,training,1
CCOc1ccccc1O[C@H](c1ccccc1)[C@H]1CNCCO1,training,1
CC(C)(C)NC(=O)C1CN(Cc2cccnc2)CCN1CC(O)CC(Cc1ccccc1)C(=O)NC1c2ccccc2CC1O,training,0
Clc1ccc2c(c1)C(c1ccccc1)=NCc1nncn1-2,training,1
C[C@H]1O[C@H](O[C@@H]2[C@@H](CO)O[C@H](O[C@H]([C@@H](O)[C@@H](O)C=O)[C@H](O)CO)[C@H](O)[C@H]2O)[C@H](O)[C@@H](O)[C@@H]1N[C@H]1C=C(CO)[C@@H](O)[C@H](O)[C@H]1O,training,0
CN1[C@@H](CCl)Nc2cc(Cl)c(S(N)(=O)=O)cc2S1(=O)=O,training,1
O=C1CCc2ccc(OCCCCN3CCN(c4cccc(Cl)c4Cl)CC3)cc2N1,training,1
COc1ccc(C2(C#N)CCC(C(=O)O)CC2)cc1OC1CCCC1,training,1
CCOC(=O)n1ccn(C)c1=S,training,1
CCc1cc2c(s1)N(C)C(=O)CN=C2c1ccccc1Cl,training,1
CCN[C@@H]1C[C@H](N)[C@@H](O[C@@H]2OC(CN)=CC[C@@H]2N)[C@H](O)[C@H]1O[C@H]1OC[C@](C)(O)[C@H](NC)[C@H]1O,training,0
CC(C)CN(C[C@H](O)[C@@H](Cc1ccccc1)NC(=O)O[C@H]1CO[C@H]2OCC[C@@H]12)S(=O)(=O)c1ccc(N)cc1,training,1
COc1cc2c(cc1OC)CN(C(=O)[C@H](C)N[C@@H](CCc1ccccc1)C(=O)O)[C@H](C(=O)O)C2,training,0
O=P1(N(CCCl)CCCl)NCCCO1,training,1
CSc1ccc(C(=O)C2=NC(=O)N=C2C)cc1,training,1
CN(C)CCCOc1nn(Cc2ccccc2)c2ccccc12,training,1
CS(=O)(=O)OCCCCOS(C)(=O)=O,training,1
O=C1c2cccc3c2[C@H](CCC3)CN1[C@@H]1CN2CCC1CC2,training,1
C[N+]1(C)CCCC1COC(=O)C(O)(c1ccccc1)c1ccccc1,training,0
NC(=O)N1c2ccccc2CC(=O)c2ccccc21,training,1
CCN(CC)CCOC(=O)C1(C2CCCCC2)CCCCC1,training,1
O=C1NS(=O)(=O)c2ccccc21,training,1
CCO[C@@H](Cc1ccc(OCCc2ccc(OS(C)(=O)=O)cc2)cc1)C(=O)O,training,1
CN1C(=O)CC(=O)N(c2ccccc2)c2cc(Cl)ccc21,training,1
CN(C)C1C(O)=C(C(N)=O)C(=O)C2(O)C(O)=C3C(=O)c4c(O)ccc(Cl)c4C(C)(O)C3CC12,training,1
CN1[C@H](CSCC(F)(F)F)Nc2cc(Cl)c(S(N)(=O)=O)cc2S1(=O)=O,training,1
C1CCC(C(CC2CCCCN2)C2CCCCC2)CC1,training,1
CC(C)(C)NC(=O)[C@H]1CC[C@H]2[C@@H]3CC[C@H]4NC(=O)C=C[C@]4(C)[C@H]3CC[C@]12C,training,1
O=C(O)Cc1ccccc1Nc1c(Cl)cccc1Cl,training,1
COc1cc(N)c(Cl)cc1C(=O)N[C@@H]1CCN(CCCOc2ccc(F)cc2)C[C@@H]1OC,training,1
CCC1(c2ccccc2)C(=O)NC(=O)NC1=O,training,1
Cc1ncc2n1-c1ccc(Cl)cc1C(c1ccccc1F)=NC2,training,1
COC1=CC(=O)C[C@H](C)[C@@]12Oc1c(Cl)c(OC)cc(OC)c1C2=O,training,1
NCC(=O)O,training,1
O=C(NC[C@H]1CCCCN1)c1cc(OCC(F)(F)F)ccc1OCC(F)(F)F,training,1
Cc1cnc(C(=O)O)c[n+]1[O-],training,1
NC12CC3CC(CC(C3)C1)C2,training,1
N=C(N)c1ccc(CNC(=O)[C@@H]2CCN2C(=O)[C@H](NCC(=O)O)C2CCCCC2)cc1,training,0
O=NN(CCCl)C(=O)NCCCl,training,1
NS(=O)(=O)c1cc2c(cc1C(F)(F)F)NCNS2(=O)=O,training,1
C[C@@]12CC[C@H]3c4ccc(O)cc4CC[C@H]3[C@H]1CCC2=O,training,1
O=c1oc2ccccc2c([O-])c1Cc1c(O)c2ccccc2oc1=O,training,1
O=S(=O)([O-])OCC1OC(OC2(COS(=O)(=O)[O-])OC(OS(=O)(=O)[O-])C(OS(=O)(=O)[O-])C2OS(=O)(=O)[O-])C(OS(=O)(=O)[O-])C(OS(=O)(=O)[O-])C1OS(=O)(=O)[O-],training,0
O=C1CC[C@@]2(O)[C@@H]3Cc4ccc(O)c5c4[C@]2(CCN3CC2CC2)[C@H]1O5,training,1
CC[C@H](c1ccccc1)c1c(O)c2ccccc2oc1=O,training,1
CCC1(c2ccccc2)C(=O)NCNC1=O,training,1
CCOc1ccccc1OCCN[C@H](C)Cc1ccc(OC)c(S(N)(=O)=O)c1,training,1
C[N+](C)[C@H]1C(=O)C(C(N)=O)C(=O)[C@@]2(O)C([O-])=C3C(=O)c4c(O)ccc(Cl)c4[C@H](O)[C@H]3C[C@@H]12,training,1
COC(=O)[C@H](c1ccccc1)[C@H]1CCCCN1,training,1
CN1CCC[C@@H](N2N[C@H](Cc3ccc(Cl)cc3)c3ccccc3C2=O)CC1,training,1
CO/N=C(\C(=O)NC1C(=O)N2C(C(=O)[O-])=C(C[n+]3ccccc3)CSC12)c1csc(N)n1,training,0
N[C@H]1CONC1=O,training,1
CN(C)c1ccc(O)c2c1C[C@H]1C[C@H]3[C@H](N(C)C)C(O)=C(C(N)=O)C(=O)[C@@]3(O)C(O)=C1C2=O,training,1
C[C@H]1CN(c2c(F)c(N)c3c(=O)c(C(=O)O)cn(C4CC4)c3c2F)C[C@@H](C)N1,training,1
COc1c(N2C[C@@H]3CCCN[C@@H]3C2)c(F)cc2c(=O)c(C(=O)O)cn(C3CC3)c12,training,1
CC(CS)C(=O)N1CCCC1C(=O)O,training,1
CCCN[C@H]1CCc2nc(N)sc2C1,training,1
O=C(O[C@H]1CN2CCC1CC2)N1CCc2ccccc2[C@@H]1c1ccccc1,training,1
CN(Cc1cnc2nc(N)nc(N)c2n1)c1ccc(C(=O)N[C@@H](CCC(=O)O)C(=O)O)cc1,training,1
OCC(O)C(O)C(O)C(O)CO,training,0
O=S(=O)([O-])O[C@H]1[C@@H](O)CO[C@@H](O[C@H]2CO[C@H](O)[C@@H](OS(=O)(=O)[O-])[C@H]2OS(=O)(=O)[O-])[C@H]1OS(=O)(=O)[O-],training,1
CC(=O)Nc1ccc(OC(=O)c2ccccc2OC(C)=O)cc1,training,1
Cc1nccn1C[C@@H]1CCc2c(c3ccccc3n2C)C1=O,training,1
NC(=O)N1c2ccccc2C=Cc2ccccc21,training,1
COc1cc(O)c2c(c1)C(=O)c1cc(C)cc(O)c1C2=O,training,1
CN1CCC(=C2c3ccccc3CCc3sccc32)CC1,training,1
Cc1ccc(C(=O)Nc2ccc(S(=O)(=O)O)c3cc(S(=O)(=O)O)cc(S(=O)(=O)O)c23)cc1NC(=O)c1cccc(NC(=O)Nc2cccc(C(=O)Nc3cc(C(=O)Nc4ccc(S(=O)(=O)O)c5cc(S(=O)(=O)O)cc(S(=O)(=O)O)c45)ccc3C)c2)c1,training,0
CC1(C)[C@@H](C(=O)O)N2C(=O)C[C@H]2S1(=O)=O,training,0
CC(=O)/N=c1/sc(S(N)(=O)=O)nn1C,training,1
C[C@H](N[C@@H](CCc1ccccc1)C(=O)O)C(=O)N1Cc2ccccc2C[C@H]1C(=O)O,training,1
Nc1nc(N)c2nc(-c3ccccc3)c(N)nc2n1,training,1
O=C(c1ccc(F)cc1)C1CCN(CCn2c(=O)[nH]c3ccccc3c2=O)CC1,training,1
CC1=C(/C=C/C(C)=C/C=C/C(C)=C/CO)C(C)(C)CCC1,training,1
CC1(C)S[C@@H]2[C@H](NC(=O)[C@@H](C(=O)O)c3ccccc3)C(=O)N2[C@H]1C(=O)O,training,1
C[C@]12CC[C@@H]3c4ccc(OC(=O)N(CCCl)CCCl)cc4CC[C@H]3[C@@H]1CC[C@@H]2O,training,1
CC(=O)[C@]1(O)CC[C@H]2[C@H]3C[C@H](C)C4=CC(=O)CC[C@]4(C)[C@@H]3CC[C@@]21C,training,1
C[C@@H]1NC(=O)[C@@H](N)CNC(=O)[C@H]([C@H]2CCN=C(N)N2)NC(=O)/C(=C\NC(N)=O)NC(=O)[C@H](CNC(=O)C[C@@H](N)CCCN)NC1=O,training,1
O=C(O)c1cc(=O)c2cc(OC[C@H](O)COc3cccc4oc(C(=O)O)cc(=O)c34)ccc2o1,training,1
C[C@H](O)[C@H]1C(=O)N2C(C(=O)O)=C(S[C@H]3CC[C@@H](C(=O)N(C)C)N3)[C@H](C)[C@H]12,training,0
Nc1nc2ccc(OC(F)(F)F)cc2s1,training,1
CCOC(=O)Nc1ccc2c(c1)N(C(=O)CCN1CCOCC1)c1ccccc1S2,training,1
O=C1NCC2(CCN(CCc3ccccc3)CC2)O1,training,1
CC(C)(Sc1cc(C(C)(C)C)c(O)c(C(C)(C)C)c1)Sc1cc(C(C)(C)C)c(O)c(C(C)(C)C)c1,training,0
CCCCCOC(=O)Nc1nc(=O)n([C@@H]2O[C@H](C)[C@@H](O)[C@H]2O)cc1F,training,1
C[C@@H]1C[C@H]2[C@@H]3C[C@H](F)C4=CC(=O)C=C[C@]4(C)[C@H]3[C@@H](O)C[C@]2(C)[C@H]1C(=O)CO,training,1
CN1CCN(C(=O)O[C@@H]2c3nccnc3C(=O)N2c2ccc(Cl)cn2)CC1,training,1
CCOC(=O)[C@@H](CCc1ccccc1)N[C@H](C)C(=O)N1CCC[C@H]1C(=O)O,training,1
CN(C)CCCN1c2ccccc2CCc2ccc(Cl)cc21,training,1
COc1cccc(C(=O)CCN[C@@H](C)[C@@H](O)c2ccccc2)c1,training,1
CCCCCCC(C)(C)c1cc(O)c2c(c1)OC(C)(C)[C@H]1CCC(=O)C[C@@H]21,training,1
Nc1ccc(S(=O)(=O)Nc2ccccn2)cc1,training,1
C[C@]12C[C@H](O)[C@@]3(F)[C@@H](CCC4=CC(=O)C=C[C@@]43C)[C@@H]1C[C@@H](O)[C@]2(O)C(=O)CO,training,1
CCC(=O)N(c1ccccc1)C1(COC)CCN(CCc2cccs2)CC1,training,1
O=c1[nH]cc(F)c(=O)[nH]1,training,0
CN1[C@H]2CC[C@H]1CC(OC(c1ccccc1)c1ccccc1)C2,training,1
Nc1nc(F)nc2c1ncn2C1OC(COP(=O)(O)O)C(O)C1O,training,1
CCN(CC)C(=O)C1(c2ccccc2)CC1CN,training,1
COc1ccccc1Oc1c(NS(=O)(=O)c2ccc(C(C)(C)C)cc2)nc(-c2ncccn2)nc1OCCO,training,1
CN(C)Cc1nnc2n1-c1ccc(Cl)cc1C(c1ccccc1)=NC2,training,1
O=CN(O)CCCP(=O)(O)O,training,0
CCN(CC)CCOc1ccc(/C(=C(\Cl)c2ccccc2)c2ccccc2)cc1,training,1
C[N+]1(C)CCC[C@H](OC(=O)C(O)(c2ccccc2)c2ccccc2)C1,training,1
COC(=O)[C@H](c1ccccc1Cl)N1CCc2sccc2C1,training,1
C1CNCCN1,training,1
S=c1nc[nH]c2nc[nH]c12,training,1
C=C1/C(=C/C=C2\CCCC3(C)C2CCC3C(C)CCCC(C)(C)O)CC(O)CC1O,training,1
O=C1OC2(c3ccc(O)cc3Oc3cc(O)ccc32)c2ccccc21,training,1
CO/N=C(\C(=O)N[C@@H]1C(=O)N2C(C(=O)O)=C(COC(C)=O)CS[C@H]12)c1csc(N)n1,training,0
CCOc1ccc2ccccc2c1C(=O)N[C@H]1C(=O)N2[C@H]1SC(C)(C)[C@H]2C(=O)O,training,1
O=C(O)CN(CCN(CC(=O)O)Cc1ccccc1O)Cc1ccccc1O,training,0
C[C@@H]1COc2c(N3CCN(C)CC3)c(F)cc3c(=O)c(C(=O)O)cn1c23,training,1
CCN(CC)c1cc(C)nc2ncnn12,training,1
CC(C)(C)c1ccc([C@H](O)CCCN2CCC(C(O)(c3ccccc3)c3ccccc3)CC2)cc1,training,1
C[C@@H](C(=O)O)c1ccc(C(=O)c2ccccc2)s1,training,1
CCN1CCC[C@H]1CNC(=O)c1c(OC)ccc(Br)c1OC,training,1
CC(=O)OC1CC2CCC3C(CCC4(C)C3CC([N+]3(C)CCCCC3)C4OC(C)=O)C2(C)CC1[N+]1(C)CCCCC1,training,0
Cc1c(C)c2c(c(C)c1O)CC[C@@](C)(CCC[C@H](C)CCC[C@H](C)CCCC(C)C)O2,training,1
COc1ccc(CCN2CCC(Nc3nc4ccccc4n3Cc3ccc(F)cc3)CC2)cc1,training,1
N=C1N[C@@H](O)C[C@H]([C@@H]2NC(=O)/C(=C/NC(N)=O)NC(=O)[C@H](CO)NC(=O)[C@H](CO)NC(=O)[C@@H](NC(=O)C[C@@H](N)CCCN)CNC2=O)N1,training,1
Cc1c(C)c2c(c(C)c1O)CCC(C)(COc1ccc(CC3SC(=O)NC3=O)cc1)O2,training,1
NCC1CCC(C(=O)O)CC1,training,1
CC[N+](C)(CC)CCOC(=O)C1c2ccccc2Oc2ccccc21,training,1
O=C(c1ccc(OCCN2CCCCC2)cc1)c1c(-c2ccc(O)cc2)sc2cc(O)ccc12,training,1
CCC1(C)CC(=O)NC1=O,training,1
COCC(=O)O[C@]1(CCN(C)CCCc2nc3ccccc3[nH]2)CCc2cc(F)ccc2[C@@H]1C(C)C,training,1
CCOC(=O)[C@H](CCc1ccccc1)N[C@@H](C)C(=O)N1[C@H](C(=O)O)C[C@@H]2CCC[C@@H]21,training,1
NS(=O)(=O)c1cc2c(cc1C(F)(F)F)N[C@@H](Cc1ccccc1)NS2(=O)=O,training,1
ClC(Cl)Cl,training,1
CCOC(=O)[C@H](CCc1ccccc1)N[C@H]1CCCN2CCC[C@@H](C(=O)O)N2C1=O,training,1
CC#CCC(C)C(O)/C=C/C1C(O)CC2C/C(=C\CCCC(=O)O)CC21,training,0
O=NC=C1C=CN(COCN2C=CC(=CN=O)C=C2)C=C1,training,0
N=C(N)NC[C@@H]1COc2ccccc2O1,training,1
NS(=O)(=O)c1cc(-c2nn[nH]n2)c(NCc2cccs2)cc1Cl,training,0
COC(=O)C1=C(C)NC(C)=C(C(=O)OC(C)C)[C@H]1c1cccc2nonc12,training,1
CCCCC/C=C/C/C=C/C/C=C/CCCCCCC(=O)O,training,1
O=P1(NCCCl)OCCCN1CCCl,training,1
N=C(N)NC[C@H]1COC2(CCCCC2)O1,training,1
CC[C@H](C(N)=O)N1CCCC1=O,training,1
N#Cc1ccc(C(c2ccc(C#N)cc2)n2cncn2)cc1,training,1
c1ccc2c(c1)OCC(C1=NCCN1)O2,training,1
COc1c(C)c2c(c(O)c1C/C=C(\C)CCC(=O)O)C(=O)OC2,training,1
COc1ccc([C@@H]2Sc3ccccc3N(CCN(C)C)C(=O)[C@@H]2OC(C)=O)cc1,training,1
CCN1CC[C@]23c4c5ccc(O)c4O[C@H]2[C@@H](O)C=C[C@@H]3[C@H]1C5,training,1
CCOc1nc2cccc(C(=O)O)c2n1Cc1ccc(-c2ccccc2-c2nnn[nH]2)cc1,training,1
CCN(C(C)=O)c1cccc(-c2ccnc3c(C#N)cnn23)c1,training,1
O=C(O)c1cc(-c2ccc(F)cc2F)ccc1O,training,1
O=C(COCCOCCOCC(=O)Nc1c(I)c(I)cc(I)c1C(=O)O)Nc1c(I)c(I)cc(I)c1C(=O)O,training,0
O[C@](CCN1CCCCC1)(c1ccccc1)C1CCCCC1,training,1
NC(=O)C(c1ccccc1)(c1ccccc1)[C@H]1CCN(CCc2ccc3c(c2)CCO3)C1,training,1
CCCSc1ccc2nc(NC(=O)OC)[nH]c2c1,training,0
O=[N+]([O-])OCC(O)CO,training,1
CCc1ccc(CCOc2ccc(CC3SC(=O)NC3=O)cc2)nc1,training,1
CCOC(=O)C1(c2ccccc2)CCN(CCC(C#N)(c2ccccc2)c2ccccc2)CC1,training,1
Cc1cccc(Nc2ccccc2C(=O)O)c1C,training,1
O=C(O)[C@H]1/C(=C/CO)O[C@@H]2CC(=O)N21,training,1
NC(=O)N/N=C/c1ccc([N+](=O)[O-])o1,training,1
COc1cc2c(c(OC)c1OC)-c1ccc(OC)c(=O)cc1C(NC(C)=O)CC2,training,1
OCCN1C[C@H](O)[C@@H](O)[C@H](O)[C@H]1CO,training,1
COc1ccccc1N1CCN(CCCNc2cc(=O)n(C)c(=O)n2C)CC1,training,1
O=C(O)Cc1ccccc1Oc1ccc(Cl)cc1Cl,training,1
CCN(CC)CCOC(=O)[C@H](Cc1ccc2ccccc2c1)C[C@H]1CCCO1,training,1
COc1cc(Cc2cnc(N)nc2N)cc(OC)c1OC,training,1
COc1cc2nc(N3CCN(C(=O)c4ccco4)CC3)nc(N)c2cc1OC,training,1
NC(=O)CN1CC(O)CC1=O,training,1
CC(C)(Oc1ccc(CCNC(=O)c2ccc(Cl)cc2)cc1)C(=O)O,training,1
CCCCCNC(=N)N/N=C/c1c[nH]c2ccc(OC)cc12,training,1
Cc1nc2c([nH]1)CCN(C(=O)c1ccc(NC(=O)c3ccccc3-c3ccccc3)cc1)c1ccccc1-2,training,1
CCN[C@H]1[C@H]2CC[C@@H](C2)[C@H]1c1ccccc1,training,1
CC(C)[C@H](C)/C=C/[C@H](C)[C@H]1CC[C@H]2/C(=C/C=C3/C[C@H](O)CC[C@@H]3C)CCC[C@@]21C,training,1
C#C[C@@]1(O)CC[C@H]2[C@@H]3CCc4cc(OC)ccc4[C@H]3CC[C@@]21C,training,1
Cc1cc(C)cc(OC[C@H]2CNC(=O)O2)c1,training,1
O=C(O)c1cc(=O)c2c(OCC(O)COc3cccc4oc(C(=O)O)cc(=O)c34)cccc2o1,training,0
C[C@H](CN1CCOCC1)C(C(=O)N1CCCC1)(c1ccccc1)c1ccccc1,training,1
C[C@H](NCCc1ccc(O)cc1)[C@@H](O)c1ccc(O)cc1,training,1
NC(=O)c1cnccn1,training,1
c1ccc(C2(c3ccccc3)CC2C2=NCCN2)cc1,training,1
CCOC(=O)C1(c2ccccc2)CCN(CCC(O)c2ccccc2)CC1,training,0
CCC[C@@H](N[C@H](C)C(=O)N1[C@H](C(=O)O)C[C@@H]2CCCC[C@@H]21)C(=O)OCC,training,1
C[C@H](C(=O)O)c1ccc([C@H]2CCC/C(=N/O)C2)cc1,training,1
CC(=O)OCC(=O)C1(O)CCC2C3CCC4=CC(=O)CCC4(C)C3C(=O)CC21C,training,1
CCN1CCN(C(=O)N[C@@H](C(=O)N[C@@H]2C(=O)N3[C@@H](C(=O)O)C(C)(C)S[C@H]23)c2ccccc2)C(=O)C1=O,training,0
NC(=O)c1ncn([C@@H]2O[C@H](CO)[C@@H](O)[C@H]2O)n1,training,1
CC(C)(C)NC[C@H](O)COc1cccc2c1CCCC2=O,training,1
CN(CCOc1ccc(NS(C)(=O)=O)cc1)CCc1ccc(NS(C)(=O)=O)cc1,training,1
CCCCc1oc2ccccc2c1C(=O)c1cc(I)c(OCCN(CC)CC)c(I)c1,training,1
OCCN(CCO)c1nc(N2CCCCC2)c2nc(N(CCO)CCO)nc(N3CCCCC3)c2n1,training,1
NC(C(=O)NC1C(=O)N2C(C(=O)O)=C(Cl)CCC12)c1ccccc1,training,1
Clc1ccc2c(c1)CCc1cccnc1C2=C1CCNCC1,training,1
CC/C=C/C/C=C/C/C=C/C/C=C/C/C=C/CCCC(=O)O,training,1
CN(C)CC/C=C1\c2ccccc2COc2ccc(CC(=O)O)cc21,training,1
C[n+]1ccccc1/C=N/O,training,0
NS(=O)(=O)c1cc2c(cc1Cl)NC=NS2(=O)=O,training,1
OC[C@H]1O[C@](O)(CO)[C@@H](O)[C@@H]1O[C@@H]1O[C@H](CO)[C@H](O)[C@H](O)[C@H]1O,training,0
CC1=Nc2ccc(Cl)cc2S(=O)(O)=N1,training,1
CO/N=C(\C(=O)N[C@@H]1C(=O)N2C(C(=O)O)=C(COC(N)=O)CS[C@H]12)c1ccco1,training,0
CC(=O)[C@H]1CC[C@H]2[C@H]3C=CC4=CC(=O)CC[C@@]4(C)[C@H]3CC[C@@]12C,training,1
CC1(C)S[C@@H]2[C@H](NC(=O)Cc3ccccc3)C(=O)N2[C@H]1C(=O)O,training,1
NS(=O)(=O)c1cc([C@@]2(O)NC(=O)c3ccccc32)ccc1Cl,training,1
c1ccc(CC2=NCCN2)cc1,training,1
CN1CCC(=C2c3ccccc3C=Cc3ccccc32)CC1,training,1
C[C@@]12CC[C@H]3c4ccc(OS(=O)(=O)[O-])cc4CC[C@H]3[C@H]1CCC2=O,training,1
NCCCNCCSP(=O)(O)O,training,1
CC[C@]1(c2cccc(O)c2)CCCCN(C)C1,training,1
Cc1cc(NS(=O)(=O)c2ccc(N)cc2)no1,training,1
CC(C)NCC(O)COc1ccc(OCCOCC2CC2)cc1,training,1
Nc1nc(=O)c2ncn(CCC(CO)CO)c2[nH]1,training,0
CCn1cc(C(=O)O)c(=O)c2cnc(N3CCNCC3)nc21,training,1
c1cnc2cc3c(cc2n1)[C@H]1CNC[C@@H]3C1,training,1
CO[C@H]1/C=C/O[C@@]2(C)Oc3c(C)c(O)c4c(O)c(c(/C=N/N5CCN(C)CC5)c(O)c4c3C2=O)NC(=O)/C(C)=C/C=C/[C@H](C)[C@H](O)[C@H](C)[C@H](O)[C@H](C)[C@@H](OC(C)=O)[C@@H]1C,training,1
C[C@@]12CC[C@@H]3[C@@H]4CCC(=O)C=C4CC[C@H]3[C@H]1CCC2=O,training,1
Cc1[nH]cnc1CN1CCc2c(c3ccccc3n2C)C1=O,training,1
Nc1ccn([C@H]2CS[C@H](CO)O2)c(=O)n1,training,1
COC(=O)[C@H]1CC2=CC(=O)CC[C@@]2(C)[C@@]23O[C@H]2C[C@@]2(C)[C@@H](CC[C@@]24CCC(=O)O4)[C@@H]13,training,1
CN(C)CCC=C1c2ccccc2C=Cc2ccccc21,training,1
CCOC(=O)Nc1ccc(NCc2ccc(F)cc2)nc1N,training,1
COC1(NC(=O)C(C(=O)O)c2ccc(O)cc2)C(=O)N2C(C(=O)O)=C(CSc3nnnn3C)COC21,training,0
C[C@@]12C=CC(=O)N[C@@H]1CC[C@@H]1[C@@H]2CC[C@@]2(C)[C@H](C(=O)Nc3cc(C(F)(F)F)ccc3C(F)(F)F)CC[C@H]12,training,1
NCCc1ccn[nH]1,training,1
C[C@]12C[C@@H](O)[C@H]3[C@@H](CCC4=CC(=O)CC[C@@]43C)[C@@H]1CC[C@]2(O)C(=O)CO,training,1
Cc1c(C(=O)NN2CCCCC2)nn(-c2ccc(Cl)cc2Cl)c1-c1ccc(Cl)cc1,training,1
CC(C)NC[C@@H](O)COc1cccc2[nH]ccc12,training,1
Cc1ncc(C[n+]2csc(CCO)c2C)c(N)n1,training,1
NS(=O)(=O)c1cc2c(cc1Cl)NCNS2(=O)=O,training,1
CCN(CC)CCOC(=O)C(Cc1cccc2ccccc12)CC1CCCO1,training,1
CC1=C[C@H](O)CC(C)(C)[C@H]1/C=C/C(C)=C/C=C/C(C)=C\C=C\C=C(C)/C=C\C=C(C)/C=C/C1=C(C)C[C@H](O)CC1(C)C,training,1
O=C(O)CN(CCN(CC(=O)O)CC(=O)O)CC(=O)O,training,0
C[C@@]12CCC(=O)C(Cl)=C1CC[C@@H]1[C@@H]2CC[C@@]2(C)[C@@H](O)CC[C@H]12,training,1
CCC[C@@H]1C[C@@H](C(=O)N[C@@H]([C@@H](C)Cl)[C@H]2O[C@H](SC)[C@H](O)[C@@H](O)[C@H]2O)N(C)C1,training,1
O=C(O)CCC(=O)O,training,1
COc1ccc(CCN(C)CCCN2CCc3cc(OC)c(OC)cc3CC2=O)cc1OC,training,1
CC1(C)O[C@@H]2CO[C@@]3(COS(N)(=O)=O)OC(C)(C)O[C@H]3[C@@H]2O1,training,1
Cc1cccc(C)c1OCC(=O)N[C@H](Cc1ccccc1)[C@@H](O)C[C@@H](Cc1ccccc1)NC(=O)[C@@H](C(C)C)N1CCCNC1=O,training,1
CSc1ccc2c(c1)N(CCC1CCCCN1C)c1ccccc1S2,training,1
CCc1c(C)[nH]c2c1C(=O)[C@H](CN1CCOCC1)CC2,training,1
CCOC(=O)[C@H](CCc1ccccc1)N[C@@H](C)C(=O)N1C(=O)N(C)C[C@H]1C(=O)O,training,1
C=C[C@H]1CN2CC[C@H]1C[C@@H]2[C@@H](O)c1ccnc2ccccc12,training,1
CCCc1cc(=O)[nH]c(=S)[nH]1,training,1
O[C@@H](CNC[C@H](O)[C@H]1CCc2cc(F)ccc2O1)[C@H]1CCc2cc(F)ccc2O1,training,1
C=CCN1C[C@@H](C(=O)N(CCCN(C)C)C(=O)NCC)C[C@H]2c3cccc4[nH]cc(c34)C[C@H]21,training,1
CC[C@@H](CO)NC(=O)[C@@H]1C=C2c3cccc4c3c(cn4C)C[C@H]2N(C)C1,training,1
CNS(=O)(=O)Cc1ccc2[nH]cc(CCN(C)C)c2c1,training,1
CC(C)(C)NC[C@H](O)COc1ccccc1C1CCCC1,training,1
CN(C)CCC=C1c2ccccc2CCc2ccccc21,training,1
CC(Oc1c(Cl)cccc1Cl)C1=NCCN1,training,1
CN(C)CC(c1ccc(O)cc1)C1(O)CCCCC1,training,1
CC1CCCC(C)N1NC(=O)c1ccc(Cl)c(S(N)(=O)=O)c1,training,1
NC(=O)N[C@@H](CCC(=O)O)C(=O)O,training,1
C[N+]1(C)CCC(=C(c2ccccc2)c2ccccc2)CC1,training,0
CCO,training,1
CC(C)(C)NC(=O)N[C@H](C(=O)N1C[C@H]2[C@@H]([C@H]1C(=O)NC(CC1CCC1)C(=O)C(N)=O)C2(C)C)C(C)(C)C,training,1
C[C@H]1O[C@@H](O[C@H]2[C@@H](O)C[C@H](O[C@H]3[C@@H](O)C[C@H](O[C@H]4CC[C@]5(C)[C@H]6CC[C@]7(C)[C@@H](C8=CC(=O)OC8)[C@@H](O)C[C@]7(O)[C@@H]6CC[C@@H]5C4)O[C@@H]3C)O[C@@H]2C)C[C@H](O)[C@@H]1O,training,1
C#C[C@]1(O)CC[C@H]2[C@@H]3CCC4=CC(=O)CCC4=C3[C@@H](c3ccc(N(C)C)cc3)C[C@@]21C,training,1
COc1ccc2c(c1)C(=O)N(CCc1ccc(S(=O)(=O)NC(=O)NC3CCCCC3)cc1)C(=O)C2(C)C,training,1
O=C(CCCN1CCC(O)(c2ccc(Cl)cc2)CC1)c1ccc(F)cc1,training,1
Cc1onc(-c2ccccc2)c1-c1ccc(S(N)(=O)=O)cc1,training,1
N=C(NCCCCNC(=N)NC(=N)Nc1ccc(Cl)cc1)NC(=N)Nc1ccc(Cl)cc1,training,0
CC1OC(OC2CC(O)C3(CO)C4C(O)CC5(C)C(C6=CC(=O)OC6)CCC5(O)C4CCC3(O)C2)C(O)C(O)C1O,training,0
CO[C@H]1C[C@H](O[C@@H]2[C@@H](C)C(=O)O[C@@H](C)[C@@H](C)[C@H](OC(C)=O)[C@@H](C)C(=O)[C@]3(CO3)C[C@@H](C)[C@H](O[C@H]3O[C@H](C)C[C@@H](N(C)C)[C@H]3OC(C)=O)[C@H]2C)O[C@H](C)[C@H]1OC(C)=O,training,1
Cc1cc(O)c2c(c1)C(=O)c1cccc(O)c1C2=O,training,1
Cc1onc(-c2ccccc2Cl)c1C(=O)N[C@@H]1C(=O)N2[C@@H](C(=O)O)C(C)(C)S[C@H]12,training,1
C[C@@H](Cc1ccc(O)cc1)NC[C@@H](O)c1cc(O)cc(O)c1,training,1
CC1(C)SC2C(NC(=O)C(N)c3ccc(O)cc3)C(=O)N2C1C(=O)O,training,1
COCC1=C(C(=O)O[C@@H](C)OC(=O)OC(C)C)N2C(=O)[C@@H](NC(=O)/C(=N/OC)c3csc(N)n3)[C@H]2SC1,training,1
CC1OC(OC2C(O)CC(OC3C(O)CC(OC4CCC5(C)C(CCC6C5CC(O)C5(C)C(C7=CC(=O)OC7)CCC65O)C4)OC3C)OC2C)CC(O)C1O,training,1
COc1ccc2c(C(=S)N(C)CC(=O)O)cccc2c1C(F)(F)F,training,1
CN1C[C@H](C(=O)N[C@]2(C)O[C@@]3(O)[C@@H]4CCCN4C(=O)[C@H](Cc4ccccc4)N3C2=O)C[C@@H]2c3cccc4[nH]cc(c34)C[C@H]21,training,1
CC(C)(C)NC[C@H](O)COc1cccc2c1CCC(=O)N2,training,1
NC(=O)N1C(=O)/C(=C(/O)c2cccs2)c2cc(Cl)ccc21,training,1
CC(=O)S[C@@H]1CC2=CC(=O)CC[C@]2(C)[C@H]2CC[C@@]3(C)[C@@H](CC[C@@]34CCC(=O)O4)[C@@H]21,training,1
C[C@H](N[C@@H](CCc1ccccc1)C(=O)O)C(=O)N1CCC[C@H]1C(=O)O,training,0
CN1C(C(=O)Nc2ccccn2)=C(O)c2sccc2S1(=O)=O,training,1
CCCCNc1cc(C(=O)O)cc(S(N)(=O)=O)c1Oc1ccccc1,training,1
Nc1nc(NC2CC2)c2ncn([C@@H]3C=C[C@H](CO)C3)c2n1,training,1
CC(C(=O)O)c1ccc(C(=O)c2cccs2)cc1,training,1
C=C1CC[C@@H](O)C/C1=C/C=C1\CCC[C@@]2(C)[C@H]1CC[C@@H]2[C@@H](C)/C=C/[C@@H](C)C(C)C,training,1
C[S+](CC[C@H]([N+])C(=O)[O-])C[C@H]1O[C@@H](n2cnc3c(N)ncnc32)[C@H](O)[C@@H]1O,training,1
C[C@@]12CCC(=O)C=C1[C@H]1C[C@H]1[C@@H]1[C@@H]3[C@H]4C[C@H]4[C@@]4(CCC(=O)O4)[C@@]3(C)CC[C@H]12,training,1
N[C@@H](CC(=O)N1CCn2c(nnc2C(F)(F)F)C1)Cc1cc(F)c(F)cc1F,training,1
CCn1cc(C(=O)O)c(=O)c2ccc(C)nc21,training,1
Cc1ccc(C(=O)c2cc(O)c(O)c([N+](=O)[O-])c2)cc1,training,1
COc1cc2c(cc1OC)[C@@H]1CC(=O)[C@@H](CC(C)C)CN1CC2,training,1
COc1ccc2c(c1)[C@@]13CCCC[C@H]1[C@@H](C2)N(C)CC3,training,1
CC(C)CN(C[C@@H](OP(=O)([O-])[O-])[C@@H](Cc1ccccc1)NC(=O)O[C@H]1CCOC1)S(=O)(=O)c1ccc(N)cc1,training,1
CC1=C(CC(=O)O)c2cc(F)ccc2/C1=C/c1ccc(S(C)=O)cc1,training,1
Cc1nnc(SCC2=C(C(=O)O)N3C(=O)[C@@H](NC(=O)Cn4cnnn4)[C@H]3SC2)s1,training,1
Cc1ccc(-c2ncc(Cl)cc2-c2ccc(S(C)(=O)=O)cc2)cn1,training,1
O=[N+]([O-])O[C@H]1CO[C@H]2[C@@H]1OC[C@H]2O[N+](=O)[O-],training,1
CCCCC[N+](C)CCC(O)(P(=O)([O-])[O-])P(=O)([O-])[O-],training,1
Nc1ccc(S(=O)(=O)c2ccc(N)cc2)cc1,training,1
CO/N=C(\C(=O)N[C@@H]1C(=O)N2C(C(=O)O)=C(C)CS[C@H]12)c1csc(N)n1,training,1
CCC1OC(=O)C(C)C(OC2CC(C)(OC)C(O)C(C)O2)C(C)C(OC2OC(C)CC(N(C)C)C2O)C(C)(O)CC(C)CN(C)C(C)C(O)C1(C)O,training,1
Cc1ccc(N(CC2=NCCN2)c2cccc(O)c2)cc1,training,1
CN1CCN(CCCCN2C(=O)CN(/N=C/c3ccc(-c4ccc(Cl)cc4)o3)C2=O)CC1,training,1
Cc1cccc(C)c1NC(=O)c1cc(S(N)(=O)=O)c(Cl)cc1O,training,1
C[C@]12CC[C@H]3[C@@H](CCC4=CC(=O)CC[C@@]43C)[C@@H]1CC[C@@H]2O,training,1
OC[C@H]1O[C@@](CO)(O[C@H]2O[C@H](CO[C@H]3O[C@H](CO)[C@H](O)[C@H](O)[C@H]3O)[C@@H](O)[C@H](O)[C@H]2O)[C@@H](O)[C@@H]1O,training,0
C=CC[N+]12CCC34c5ccccc5N5C=C6C7CC8C9(CC[N+]8(CC=C)C/C7=C\CO)c7ccccc7N(C=C(C(CC31)/C(=C/CO)C2)C54)C69,training,0
O=C1Cc2cc(CCN3CCN(c4nsc5ccccc45)CC3)c(Cl)cc2N1,training,1
O=C1CN=C(c2ccccc2)c2cc(Cl)ccc2N1CC1CC1,training,1
O=C(O)c1cn(C2CC2)c2cc(N3CCNCC3)c(F)cc2c1=O,training,1
O=C(Nc1cccc2c(=O)cc(-c3nn[nH]n3)oc12)c1ccc(OCCCCc2ccccc2)cc1,training,0
O=C(O)c1cc(N=Nc2ccc(S(=O)(=O)Nc3ccccn3)cc2)ccc1O,training,1
Oc1ccc2c3c1O[C@@H]1[C@@H](O)CC[C@@]4(O)[C@H](C2)N(CC2CCC2)CC[C@@]314,training,1
O=C1c2ccccc2C(=O)C1c1ccccc1,training,1
Cc1cccc(Nc2ccncc2S(=O)(=O)NC(=O)NC(C)C)c1,training,1
OCCN1CCN(CC/C=C2\c3ccccc3Sc3ccc(C(F)(F)F)cc32)CC1,training,1
CC/C(=C(\c1ccccc1)c1ccc(OCCN(C)C)cc1)c1ccccc1,training,1
CO/N=C(\C(=O)N[C@@H]1C(=O)N2C(C(=O)O)=CCS[C@H]12)c1csc(N)n1,training,1
CCc1cccc2c3c([nH]c12)[C@](CC)(CC(=O)O)OCC3,training,1
CC(C)[C@H]1CC[C@H](C)C[C@@H]1O,training,1
CCCC(C)(COC(N)=O)COC(N)=O,training,1
NC1=NC(=O)[C@H](c2ccccc2)O1,training,1
CC[N+]1(C)C2CC(OC(=O)C(CO)c3ccccc3)CC1C1OC12,training,0
CC(C)NC[C@H](O)COc1ccc(CCOCC2CC2)cc1,training,1
O=C1CN(/N=C/c2ccc([N+](=O)[O-])o2)C(=O)N1,training,1
CN1CCN(c2c(F)cc3c(c2F)N(CCF)CC(C(=O)O)C3=O)CC1,training,1
CO[C@H]1/C=C/O[C@@]2(C)Oc3c(C)c(O)c4c(O)c(c5c(nc6cc(C)ccn65)c4c3C2=O)NC(=O)/C(C)=C/C=C/[C@H](C)[C@H](O)[C@H](C)[C@H](O)[C@H](C)[C@@H](OC(C)=O)[C@@H]1C,training,1
CC1(C)S[C@@H]2[C@H](NC(=O)C(C(=O)Oc3ccccc3)c3ccccc3)C(=O)N2[C@H]1C(=O)O,training,1
CCN(CC)CCCN(c1ccccc1)C1Cc2ccccc2C1,training,1
CCC[C@@]1(CCc2ccccc2)CC(=O)C([C@@H](CC)c2cccc(NS(=O)(=O)c3ccc(C(F)(F)F)cn3)c2)=C([O-])O1,training,1
C=CCNc1nc(NCC=C)nc(N2CCN(C(c3ccc(F)cc3)c3ccc(F)cc3)CC2)n1,training,1
COC1CC(OC2CCC3(C=O)C4CCC5(C)C(C6=CC(=O)OC6)CCC5(O)C4CCC3(O)C2)OC(O)C1OC1OC(COC2OC(CO)C(O)C(O)C2O)C(O)C(O)C1O,training,0
CCCSc1nc(N[C@@H]2C[C@H]2c2ccc(F)c(F)c2)c2nnn([C@@H]3C[C@H](OCCO)[C@@H](O)[C@H]3O)c2n1,training,1
CC(C)C1CCC(C(=O)N[C@@H](Cc2ccccc2)C(=O)O)CC1,training,1
CC(C)[N+]1(C)C2CCC1CC(OC(=O)C(CO)c1ccccc1)C2,training,0
C[N+](C)(C)CCO,training,1
CCOC(=O)c1ncn2c1CN(C)C(=O)c1cc(F)ccc1-2,training,1
Oc1ncnc2[nH]ncc12,training,1
C=C1/C(=C/C=C2\CCC[C@@]3(C)[C@H]2CC[C@@H]3[C@H](C)CCCC(C)C)C[C@@H](O)C[C@@H]1O,training,1
O=C(O)CCc1nc(-c2ccccc2)c(-c2ccccc2)o1,training,1
CN(C)[C@@H]1C(O)=C(C(N)=O)C(=O)[C@@]2(O)C(O)=C3C(=O)c4c(O)cccc4[C@@](C)(O)[C@H]3C[C@@H]12,training,1
CCC[C@@](C)(COC(N)=O)COC(=O)NC(C)C,training,1
OC(CCCN1CCCCC1)(c1ccccc1)c1ccccc1,training,1
CCn1cc(C(=O)O)c(=O)c2cc(F)c(N3CCNCC3)cc21,training,1
NCCCC(O)(P(=O)(O)O)P(=O)(O)O,training,0
CC1(C)S[C@@H]2[C@H](NC(=O)[C@H](C(=O)O)c3ccsc3)C(=O)N2[C@H]1C(=O)O,training,0
C[C@]12C[C@H](O)[C@H]3[C@@H](CCC4=CC(=O)C=C[C@@]43C)[C@@H]1CC[C@]2(O)C(=O)CO,training,1
Nc1ncnc2c1ncn2[C@@H]1O[C@H](CO)[C@@H](O)[C@@H]1O,training,0
CN(Cc1cc(Br)cc(Br)c1N)C1CCCCC1,training,1
CCCC[C@](C)(O)C/C=C/[C@H]1[C@@H](O)CC(=O)[C@@H]1CCCCCCC(=O)OC,training,1
CCC[C@@H]1C[C@@H](C(=O)N[C@@H]([C@H](C)O)[C@H]2O[C@H](SC)[C@H](O)[C@@H](O)[C@H]2O)N(C)C1,training,0
C=CC1=C(C(=O)O)N2C(=O)C(NC(=O)/C(=N/OCC(=O)O)c3csc(N)n3)C2SC1,training,1
O=C1[C@H](CC[C@H](O)c2ccc(F)cc2)[C@@H](c2ccc(O)cc2)N1c1ccc(F)cc1,training,1
CCOc1ccc(/C=C2\NCCc3cc(OCC)c(OCC)cc32)cc1OCC,training,1
C[C@]12C[C@@H](O)[C@H]3[C@@H](CCC4=CC(=O)CC[C@@]43C)[C@@H]1CC[C@@H]2C(=O)CO,training,1
C#C[C@]1(OC(C)=O)CC[C@H]2[C@@H]3CCC4=C[C@@H](OC(C)=O)CC[C@@H]4[C@H]3CC[C@@]21C,training,1
COC(=O)Nc1nc2ccc(C(=O)c3ccccc3)cc2[nH]1,training,1
O=C(O)C1=C/C(=N/Nc2ccc(S(=O)(=O)Nc3ccccn3)cc2)C=CC1=O,training,1
CC(C)(O/N=C(\C(=O)NC1C(=O)N2C(C(=O)[O-])=C(C[n+]3ccccc3)CSC12)C1=CSC(N)=[N+]1)C(=O)[O-],training,0
CCCCc1ncc(/C=C(\Cc2cccs2)C(=O)O)n1Cc1ccc(C(=O)O)cc1,training,0
O=C1CN2Cc3c(ccc(Cl)c3Cl)N=C2N1,training,1
O=C1CCCC(=O)C1C(=O)c1ccc(C(F)(F)F)cc1[N+](=O)[O-],training,1
Cc1ccc(S(=O)(=O)/N=C(\[O-])NN2CCCCCC2)cc1,training,1
CCOc1ccc2nc(S(N)(=O)=O)sc2c1,training,1
Nc1nc(=O)c2nc(CNc3ccc(C(=O)NC(CCC(=O)O)C(=O)O)cc3)cnc2[nH]1,training,1
CC(C)CCON=O,training,1
COc1cc(OC)c(C(=O)CCCN2CCCC2)c(OC)c1,training,1
O=C1CN(/N=C/c2ccc(-c3ccc([N+](=O)[O-])cc3)o2)C(=O)N1,training,1
CC(C)CC1C(=O)N2CCCC2C2(O)OC(NC(=O)C3C=C4c5cccc6[nH]c(Br)c(c56)CC4N(C)C3)(C(C)C)C(=O)N12,training,1
O=C(c1ccccc1)c1ccc2n1CC[C@@H]2C(=O)O,training,1
O=C(O)c1ccccc1C(=O)Nc1ccc(S(=O)(=O)Nc2nccs2)cc1,training,0
Cc1ncsc1CCCl,training,1
CCOC(=O)Nc1ccc(NCc2ccc(F)cc2)cc1N,training,1
CCC(=O)O[C@H]1CC[C@H]2[C@H]3CCC4=CC(=O)CC[C@@]4(C)[C@H]3CC[C@@]12C,training,1
CCOC(=O)O[C@H](C)OC(=O)[C@H]1N2C(=O)[C@@H](NC(=O)[C@H](N)c3ccccc3)[C@H]2SC1(C)C,training,1
C[N+](C)(C)CC(O)CC(=O)[O-],training,0
CN(C)CC/C=C1/c2ccccc2CSc2ccccc21,training,1
CN(C)CC/C=C1\c2ccccc2CSc2ccccc21,training,1
CNCCC=C1c2ccccc2CCc2ccccc21,training,1
Clc1ccccc1CN1CCc2sccc2C1,training,1
CNC(=O)Oc1ccc2c(c1)[C@]1(C)CCN(C)[C@@H]1N2C,training,0
O=C1O[C@H]([C@@H](O)CO)C(=O)C1O,training,1
CC(=O)CC(c1ccccc1)c1c(O)c2ccccc2oc1=O,training,1
COc1ccc(C(=O)Nc2ccccc2CCC2CCCCN2C)cc1,training,1
O=C1OCCN1/N=C/c1ccc([N+](=O)[O-])o1,training,1
Cn1cc[nH]c1=S,training,1
Cc1nc2n(c(=O)c1CCN1CCC(c3noc4cc(F)ccc34)CC1)CCC[C@@H]2O,training,1
CC(C)COC[C@H](CN1CCCC1)N(Cc1ccccc1)c1ccccc1,training,1
COc1ccc([C@H](CN(C)C)C2(O)CCCCC2)cc1,training,1
NC(=O)c1cn(Cc2c(F)cccc2F)nn1,training,1
C#C[C@]1(O)CC[C@H]2[C@H]3CCC4=Cc5oncc5C[C@@]4(C)[C@@H]3CC[C@@]21C,training,1
CCCCc1nc(Cl)c(CO)n1Cc1ccc(-c2ccccc2-c2nnn[nH]2)cc1,training,1
CC(C(=O)O)c1ccc2c(c1)[nH]c1ccc(Cl)cc12,training,1
Cc1ccc(/C(=C\CN2CCCC2)c2cccc(/C=C/C(=O)O)n2)cc1,training,1
CC1=CC(=O)N2CC(=O)N(C)c3ccc(Cl)cc3[C@@]2(c2ccccc2)O1,training,1
CC(=O)NC(CS)C(=O)O,training,1
CN1CCC[C@H]1Cc1c[nH]c2ccc(CCS(=O)(=O)c3ccccc3)cc12,training,1
C#C[C@]1(O)CC[C@@H]2[C@@H]3CCc4cc(OC5CCCC5)ccc4[C@@H]3CC[C@]21C,training,1
Cc1cc(C#N)cc(C)c1Oc1nc(Nc2ccc(C#N)cc2)nc(N)c1Br,training,0
Nc1nnc(-c2cccc(Cl)c2Cl)c(N)n1,training,1
Cc1[nH]c(=O)c(C#N)cc1-c1ccncc1,training,1
CC[C@H]1C(=O)OC[C@H]1Cc1cncn1C,training,1
C=C1[C@@H](n2cnc3c(=O)[nH]c(N)nc32)C[C@H](O)[C@H]1CO,training,1
O=C(O)Cc1ccc2c(c1)C(=O)c1ccccc1CO2,training,1
O=C1[N+](CCCN2CCN(c3cccc(Cl)c3)CC2)=Nc2cccc[n+]21,training,1
COCCOc1cnc(NS(=O)(=O)c2ccccc2)nc1,training,1
N#C[C@@H]1C[C@@H]2C[C@@H]2N1C(=O)[C@@H](N)C12CC3CC(CC(O)(C3)C1)C2,training,1
NC1CCN(c2c(F)cc3c(=O)c(C(=O)O)cn(C4CC4)c3c2Cl)C1,training,1
C=CC[C@@H]1/C=C(/C)C[C@H](C)C[C@H](OC)[C@H]2O[C@@](O)(C(=O)C(=O)N3CCCC[C@H]3C(=O)O[C@H](/C(C)=C/[C@@H]3CC[C@@H](O)[C@H](OC)C3)[C@H](C)[C@@H](O)CC1=O)[C@H](C)C[C@@H]2OC,training,0
CCCOC(C(=O)OC1CCN(C)CC1)(c1ccccc1)c1ccccc1,training,1
Nc1ccc(N=Nc2ccccc2)c(N)n1,training,1
Cc1ccnc(NS(=O)(=O)c2ccc(N)cc2)n1,training,1
CCCC(CCC)CCC[C@H]1COCCN1CCO,training,1
C[C@]12COC(=O)C[C@@H]1CC[C@@H]1[C@@H]2CC[C@@]2(C)[C@H]1CC[C@]2(C)O,training,1
CNCCCC12CCC(c3ccccc31)c1ccccc12,training,1
CC(=O)O,training,1
CC(C)(C)NC(=O)C1CC2CCCCC2CN1CC(O)C(Cc1ccccc1)NC(=O)C(CC(N)=O)NC(=O)c1ccc2ccccc2n1,training,1
O=C1CC2(CCCC2)CC(=O)N1CCCCN1CCN(c2ncccn2)CC1,training,1
Clc1ccc2c(c1)C(N1CCNCC1)=Nc1ccccc1O2,training,1
COc1c2occc2cc2ccc(=O)oc12,training,1
N[C@@H](C(=O)N[C@H]1C(=O)N2C(C(=O)O)=C(Cl)CS[C@@H]12)c1ccccc1,training,1
CN1C(C(=O)Nc2ccccn2)=C(O)c2ccccc2S1(=O)=O,training,1
CN1CCN(C2=Nc3cc(Cl)ccc3Nc3ccccc32)CC1,training,1
CCC(C(C)O)n1ncn(-c2ccc(N3CCN(c4ccc(OCC5COC(Cn6cncn6)(c6ccc(F)cc6F)C5)cc4)CC3)cc2)c1=O,training,1
Cc1nc2n(c(=O)c1CCN1CCC(c3noc4cc(F)ccc34)CC1)CCCC2,training,1
CC(C)=CCC1C(=O)N(c2ccccc2)N(c2ccccc2)C1=O,training,1
COc1ccc2c3c1O[C@H]1[C@@H](O)CC[C@H]4[C@@H](C2)N(C)CC[C@]314,training,1
CCN(CC)C(=O)N1CCN(C)CC1,training,1
C[C@@H](C(=O)O)c1cccc(Oc2ccccc2)c1,training,1
CC1=C(C(=O)O)N2C(=O)[C@@H](NC(=O)[C@H](N)C3=CCC=CC3)[C@H]2SC1,training,1
OC(Cn1cncn1)(Cn1cncn1)c1ccc(F)cc1F,training,1
Cc1ccccc1N1CCN(CCc2nnc3n2CCCC3)CC1,training,0
NNC(=O)NNN1C(=O)c2cc(S(=O)(=O)O)cc3c(N)c(S(=O)(=O)O)cc(c23)C1=O,training,0
CC/C(=C(/CC)c1ccc(O)cc1)c1ccc(O)cc1,training,1
CN1CCO[C@@H](c2ccccc2)c2ccccc2C1,training,1
Cc1cn[nH]c1,training,1
CC(=O)[C@H]1CC[C@H]2[C@@H]3CCC4=CC(=O)CC[C@]4(C)[C@H]3CC[C@]12C,training,1
C[C@H](C(=O)O)c1ccc(N2Cc3ccccc3C2=O)cc1,training,1
CN1[C@H]2CC[C@@H]1CC(OC(=O)[C@H](CO)c1ccccc1)C2,training,1
NCCCCC(NC(CCc1ccccc1)C(=O)O)C(=O)N1CCCC1C(=O)O,training,0
CN1CCN(CC(=O)N2c3ccccc3C(=O)Nc3cccnc32)CC1,training,0
Cc1c(N(C)C)c(=O)n(-c2ccccc2)n1C,training,1
Cc1ccc(S(=O)(=O)NC(=O)N[C@H]2[C@@H](O)[C@@]3(C)CC[C@@H]2C3(C)C)cc1,training,1
OC(O)C(Cl)(Cl)Cl,training,1
Nc1cc(-c2ccncc2)c[nH]c1=O,training,1
CC(C)C[C@H](N)C(=O)O,training,1
CN1CCN2c3ncccc3Cc3ccccc3C2C1,training,1
C#C[C@@]1(O)CC[C@H]2[C@@H]3CCC4=CCCC[C@@H]4[C@H]3C(=C)C[C@@]21CC,training,1
NNc1nncc2ccccc12,training,1
CCCc1c2oc(C(=O)O)cc(=O)c2cc2c(=O)cc(C(=O)O)n(CC)c12,training,0
CC(=O)O[C@]1(C(C)=O)CC[C@H]2[C@@H]3C=C(C)C4=CC(=O)CC[C@]4(C)[C@H]3CC[C@@]21C,training,1
O=C1CCc2cc(OCCCCc3nnnn3C3CCCCC3)ccc2N1,training,1
CC(=O)NO,training,1
CNCC[C@@H](Oc1ccc(C(F)(F)F)cc1)c1ccccc1,training,1
C=CC1=C(C(=O)O)N2C(=O)[C@H](NC(=O)/C(=N/O)c3csc(N)n3)[C@@H]2SC1,training,1
CC(CCC(=O)O)[C@H]1CC[C@H]2[C@@H]3[C@@H](O)C[C@@H]4C[C@H](O)CC[C@]4(C)[C@H]3CC[C@@]21C,training,1
C#CCN[C@H]1CCc2ccccc21,training,1
CN(C)C(=O)Oc1ccc[n+](C)c1,training,0
CC(C)(C(=O)O)c1ccc([C@H](O)CCCN2CCC(C(O)(c3ccccc3)c3ccccc3)CC2)cc1,training,1
CC(C)(O)[C@H]1[C@H]2OC(=O)[C@H]1[C@@]1(O)C[C@H]3O[C@@]34C(=O)O[C@H]2[C@@]14C,training,1
Nc1ccn([C@H]2CO[C@@H](CO)S2)c(=O)n1,training,1
CCC(C)(C)C(=O)O[C@H]1C[C@H](C)C=C2C=C[C@H](C)[C@@H](CC[C@H]3C[C@H](O)CC(=O)O3)[C@H]21,training,1
Cc1ccc(-c2cc(C(F)(F)F)nn2-c2ccc(S(N)(=O)=O)cc2)cc1,training,1
CS(=O)(=O)c1ccc(C2=C(c3ccccc3)C(=O)OC2)cc1,training,1
Cc1ccc(Cl)c(Nc2ccccc2C(=O)O)c1Cl,training,1
CN1CCC(=C2c3ccccc3CCc3cccnc32)CC1,training,1
CCCc1nc(C)c2c(O)nc(-c3cc(S(=O)(=O)N4CCN(CC)CC4)ccc3OCC)nn12,training,1
Nc1ccc(S(=O)(=O)Nc2ncccn2)cc1,training,1
COCc1c(C(C)C)nc(C(C)C)c(/C=C/[C@H](O)C[C@H](O)CC(=O)O)c1-c1ccc(F)cc1,training,1
CC(=O)OCC1OC(S)C(OC(C)=O)C(OC(C)=O)C1OC(C)=O,training,0
N#Cc1ccc2[nH]cc(CCCCN3CCN(c4ccc5oc(C(N)=O)cc5c4)CC3)c2c1,training,1
CN(C(=O)c1c(O)c2ccccc2n(C)c1=O)c1ccccc1,training,1
COc1ccc(CCN(C)CCCC(C#N)(c2ccc(OC)c(OC)c2)C(C)C)cc1OC,training,1
C[C@H](CCc1ccccc1)NC[C@@H](O)c1ccc(O)c(C(N)=O)c1,training,1
CN/C(=C/[N+](=O)[O-])NCCSCc1csc(CN(C)C)n1,training,1
CC1=C(/C=C\C(C)=C\C=C\C(C)=C\C(=O)O)C(C)(C)CCC1,training,1
CC1=C(/C=C/C(C)=C/C=C/C(C)=C/C(=O)O)C(C)(C)CCC1,training,1
CCn1ccc(NS(=O)(=O)c2ccc(N)cc2)nc1=O,training,1
C#C[C@@]1(O)C=C[C@H]2[C@@H]3CCC4=CC(=O)CC[C@@H]4[C@@H]3CC[C@]21CC,training,1
O=C(O)CCC(=O)Nc1ccc(S(=O)(=O)Nc2nccs2)cc1,training,0
CN1CCCC[C@H]1CCN1c2ccccc2Sc2ccc(S(C)=O)cc21,training,1
NCCCCCC(=O)O,training,1
Fc1ccc(C(c2ccc(F)cc2)N2CCN(C/C=C/c3ccccc3)CC2)cc1,training,1
CO[C@@]1(NC(=O)CSCC#N)C(=O)N2C(C(=O)O)=C(CSc3nnnn3C)CS[C@@H]21,training,0
CN1CCC[C@@H]1c1cccnc1,training,1
O=[N+]([O-])OCC(CO[N+](=O)[O-])O[N+](=O)[O-],training,1
Cc1c(-c2ccccc2)oc2c(C(=O)OCCN3CCCCC3)cccc2c1=O,training,1
CC1C(=O)OC2C(O)C34C5CC(C(C)(C)C)C36C(OC(=O)C6O)OC4(C(=O)O5)C12O,training,1
CN1[C@H]2CC(OC(=O)[C@H](CO)c3ccccc3)C[C@@H]1[C@H]1O[C@@H]21,training,1
COc1cccc2c1C(=O)c1c(O)c3c(c(O)c1C2=O)CC(O)(C(C)=O)CC3OC1CC(N)C(O)C(C)O1,training,0
COc1ccc2[nH]c(S(=O)Cc3ncc(C)c(OC)c3C)nc2c1,training,1
CN1C(C(=O)Nc2nccs2)=C(O)c2ccccc2S1(=O)=O,training,1
C[C@@H](C(=O)O)c1ccc(-c2ccccc2)c(F)c1,training,1
CC(=O)OCC(=O)[C@@]1(O)CC[C@H]2[C@@H]3CCC4=CC(=O)CC[C@@]4(C)[C@@]3(F)[C@H](O)C[C@]21C,training,1
CCN1C(=O)N[C@H](c2ccccc2)C1=O,training,1
COc1cccc([C@@]2(O)CCCC[C@@H]2CN(C)C)c1,training,1
COC(=O)c1c(C)cc([N+](=O)[O-])c(C(=O)OCCN(C)Cc2ccccc2)c1C1C=C(C)NC(C)=C1,training,1
O=C1C(O)=C(O)OC1C(O)CO,training,1
CC(=O)NC[C@H]1CN(c2ccc(N3CCOCC3)c(F)c2)C(=O)O1,training,1
O=c1[nH]c2cc(Cl)ccc2o1,training,1
NS(=O)(=O)Cc1noc2ccccc12,training,1
CC(=O)N(O)CCCCCNC(=O)CCC(=O)N(O)CCCCCNC(=O)CCC(=O)N(O)CCCCCN,training,0
CC(C)(O)c1ccccc1CC[C@@H](SCC1(CC(=O)O)CC1)c1cccc(/C=C/c2ccc3ccc(Cl)cc3n2)c1,training,1
CN[C@@H]1[C@H](O[C@@H]2[C@@H](O[C@@H]3[C@@H](NC(=N)N)[C@H](O)[C@@H](NC(=N)N)[C@H](O)[C@H]3O)O[C@@H](C)[C@]2(O)C=O)O[C@@H](CO)[C@H](O)[C@@H]1O,training,0
O=C1CC[C@@H](N2C(=O)c3ccccc3C2=O)C(=O)N1,training,1
CN1CCN2c3ccccc3Cc3ccccc3[C@H]2C1,training,1
C[C@H]1c2cccc(O)c2C(O)=C2C(=O)[C@]3(O)C(=O)/C(=C(/N)O)C(=O)[C@@H](N(C)C)[C@@H]3[C@@H](O)[C@@H]21,training,1
CCCCCC(=O)O[C@]1(C(C)=O)CC[C@H]2[C@@H]3C=CC4=CC(=O)CC[C@]4(C)[C@H]3CC[C@@]21C,training,1
NCCS,training,0
NCC1(CC(=O)O)CCCCC1,training,1
CN1C(=O)CC[C@H]1c1cccnc1,training,1
Cc1onc(-c2c(F)cccc2Cl)c1C(=O)N[C@@H]1C(=O)N2[C@@H](C(=O)O)C(C)(C)S[C@H]12,training,1
NS(=O)(=O)c1cc(C(=O)O)cc(N2CCCC2)c1Oc1ccccc1,training,1
O=C(OC1C[C@@H]2CC3C[C@H](C1)N2CC3=O)c1c[nH]c2ccccc12,training,1
CN(C)CCc1c[nH]c2ccc(Cn3cncn3)cc12,training,1
O=C(O)C1=C/C(=N\Nc2ccc(O)c(C(=O)O)c2)C=CC1=O,training,0
CC[C@H]1OC(=O)[C@H](C)[C@@H](O[C@H]2C[C@@](C)(OC)[C@@H](O)[C@H](C)O2)[C@H](C)[C@@H](O[C@@H]2O[C@H](C)C[C@H](N(C)C)[C@H]2O)[C@](C)(O)C[C@@H](C)C(=O)[C@H](C)[C@@H](O)[C@]1(C)O,training,1
CN(C)CCc1c[nH]c2ccc(C[C@H]3COC(=O)N3)cc12,training,1
CC(C)C[C@@H](N(C)C)C1(c2ccc(Cl)cc2)CCC1,training,1
Nc1nc(/C(=C\CC(=O)O)C(=O)N[C@H]2C(=O)N3C(C(=O)O)=CCS[C@@H]23)cs1,training,1
CCN1CCC[C@H]1CNC(=O)c1cc(S(=O)(=O)CC)ccc1OC,training,1
N[C@@H](C(=O)N[C@@H]1C(=O)N2C(C(=O)O)=C(CSc3cn[nH]n3)CS[C@H]12)c1ccc(O)cc1,training,1
C[C@H]1CN(C[C@@H](Cc2ccccc2)C(=O)NCC(=O)O)CC[C@@]1(C)c1cccc(O)c1,training,1
Cc1ccc(C(=O)c2ccc(CC(=O)O)n2C)cc1,training,1
Cc1c(C(F)(F)F)cc(NC(=O)[C@@H](C)O)c(C#N)c1S(=O)(=O)c1ccc(F)cc1,training,1
CCCCN1C[C@H](O)[C@@H](O)[C@H](O)[C@H]1CO,training,1
C[C@@H]1C[C@H]2[C@@H]3CCC4=CC(=O)C=C[C@]4(C)[C@@]3(F)[C@@H](O)C[C@]2(C)[C@@]1(O)C(=O)CO,training,1
C=CCNCCCCCCCCCC,training,1
O=C(O)[C@H](CCc1ccccc1)N[C@H]1CCCN2CCC[C@@H](C(=O)O)N2C1=O,training,0
CN1CCN(C(c2ccccc2)c2ccccc2)CC1,training,1
Nc1cccc2c1C(=O)N(C1CCC(=O)NC1=O)C2=O,training,1
CC(=O)O[C@]1(C(C)=O)CC[C@H]2[C@@H]3C=C(Cl)C4=CC(=O)[C@@H]5C[C@@H]5[C@]4(C)[C@H]3CC[C@@]21C,training,1
Cc1onc(-c2ccccc2)c1C(=O)N[C@H]1C(=O)N2[C@H]1SC(C)(C)[C@H]2C(=O)O,training,1
C=CCN1CC[C@]23c4c5ccc(O)c4O[C@H]2C(=O)CC[C@@]3(O)[C@H]1C5,training,1
CCCc1[nH]c(C(C)(C)O)c(C(=O)OCc2oc(=O)oc2C)[n+]1Cc1ccc(-c2ccccc2-c2nnn[n-]2)cc1,training,1
C=CCC1(CC(C)C)C(=O)NC(=O)NC1=O,training,1
CO/N=C(\C(=O)N[C@@H]1C(=O)N2C(C(=O)O)=C(CSc3nc(=O)c(=O)[nH]n3C)CS[C@H]12)c1csc(N)n1,training,0
CC(=O)CC(c1ccc([N+](=O)[O-])cc1)c1c(O)c2ccccc2oc1=O,training,1
Cc1nnc(NS(=O)(=O)c2ccc(N)cc2)s1,training,1
Cc1ncc([N+](=O)[O-])n1CCO,training,1
CC(C)(C)NC(=O)C1CCC2C3CC=C4C=C(C(=O)O)CCC4(C)C3CCC12C,training,1
COc1cc2nc(N3CCN(C(=O)[C@@H]4CCCO4)CC3)nc(N)c2cc1OC,training,1
Cc1nnc(SCC2=C(C(=O)O)N3C(=O)[C@@H](NC(=O)[C@H](O)c4ccccc4)[C@H]3SC2)s1,training,1
Cc1cc(=O)n(-c2ccccc2)n1C,training,1
CN[C@H]1CC[C@@H](c2ccc(Cl)c(Cl)c2)c2ccccc21,training,1
CC(=O)c1ccc(S(=O)(=O)NC(=O)NC2CCCCC2)cc1,training,1
CSc1ccc2ncn(/C=C/C(=O)O)c(=O)c2c1,training,1
CNCC[C@@H](Oc1ccccc1C)c1ccccc1,training,1
Cc1oncc1C(=O)Nc1ccc(C(F)(F)F)cc1,training,1
C#C[C@]1(O)CC[C@H]2[C@@H]3CCC4=CC(=O)CC[C@@H]4[C@H]3CC[C@@]21C,training,1
CCC1(CCC(C)C)C(=O)NC(=O)NC1=O,training,1
COc1cc([C@@H]2c3cc4c(cc3[C@@H](O[C@@H]3O[C@@H]5CO[C@@H](C)O[C@H]5[C@H](O)[C@H]3O)[C@H]3COC(=O)[C@H]23)OCO4)cc(OC)c1O,training,1
CC(C)=CCN1CC[C@]2(C)c3cc(O)ccc3C[C@H]1[C@@H]2C,training,1
CCC[C@H]1O[C@H]2C[C@H]3[C@@H]4CCC5=CC(=O)C=C[C@]5(C)[C@H]4[C@H](O)C[C@]3(C)[C@@]2(C(=O)CO)O1,training,1
C[C@@]12CC[C@H]3c4ccc(O)cc4CC[C@H]3[C@H]1CC[C@@H]2O,training,1
C[N+](C)(C)CCOC(N)=O,training,1
CCc1nn(CCCN2CCN(c3cccc(Cl)c3)CC2)c(=O)n1CCOc1ccccc1,training,1
Cc1nnc2n1-c1ccc(Cl)cc1C(c1ccccc1)=NC2,training,1
NC(=O)NO,training,1
Nc1nc(O)c2c(n1)NC[C@@H](CNc1ccc(C(=O)N[C@@H](CCC(=O)O)C(=O)O)cc1)N2C=O,training,1
CC(C)(S)C(N)C(=O)O,training,1
Nc1ccn(C[C@@H](CO)OCP(=O)(O)O)c(=O)n1,training,0
CC(C)(C)NC[C@H](O)COc1cccc2c1C[C@H](O)[C@H](O)C2,training,1
CCOC(=O)[C@H](CCc1ccccc1)N[C@@H](C)C(=O)N1[C@H](C(=O)O)C[C@H]2CCCC[C@@H]21,training,1
C1=CC=CN(C2=CC=CC=CCN2N2C=CC=CC=CC2)CC=C1,training,1
CCN(CCCCOC(=O)c1ccc(OC)c(OC)c1)[C@@H](C)Cc1ccc(OC)cc1,training,1
Oc1c(Cl)cc(Cl)c2cccnc12,training,1
CC1OC(OC2C(O)CC(OC3C(O)CC(OC4CCC5(C)C(CCC6C5CCC5(C)C(C7=CC(=O)OC7)CCC65O)C4)OC3C)OC2C)CC(O)C1O,training,1
CC(C)/N=c1\cc2n(-c3ccc(Cl)cc3)c3ccccc3nc-2cc1Nc1ccc(Cl)cc1,training,1
CO[C@H]1/C=C/O[C@@]2(C)Oc3c(C)c(O)c4c(O)c(c(/C=N/N5CCN(C6CCCC6)CC5)c(O)c4c3C2=O)NC(=O)/C(C)=C/C=C/[C@H](C)[C@H](O)[C@H](C)[C@H](O)[C@H](C)[C@@H](OC(C)=O)[C@@H]1C,training,1
CN1C(=O)CCS(=O)(=O)C1c1ccc(Cl)cc1,training,1
N[C@H](Cc1ccccc1)C(=O)N1CCC[C@H]1C(=O)O,training,1
CCC[C@@H](C)C1(CC)C(=O)NC(=O)NC1=O,training,1
CCCCC1CCCNC1C(=O)Nc1c(C)cccc1C,training,1
OCCN1CCN(CC/C=C2\c3ccccc3Sc3ccc(Cl)cc32)CC1,training,1
OCCN1CCN(CC/C=C2/c3ccccc3Sc3ccc(Cl)cc32)CC1,training,1
CC(C)Nc1cccnc1N1CCN(C(=O)c2cc3cc(NS(C)(=O)=O)ccc3[nH]2)CC1,training,1
CCc1oc2ccccc2c1C(=O)c1cc(Br)c(O)c(Br)c1,training,1
CCN(CC)CCC[C@H](C)Nc1ccnc2cc(Cl)ccc12,training,1
N[C@@H](CCC(=O)O)C(=O)O,training,1
C[C@@H]1CC(=O)NN=C1c1ccc(NN=C(C#N)C#N)cc1,training,1
CCC1=C(C)CN(C(=O)NCCc2ccc(S(=O)(=O)NC(=O)NC3CCC(C)CC3)cc2)C1=O,training,1
CCN(CC)CCNC(=O)c1c(C)[nH]c(/C=C2/C(=O)Nc3ccc(F)cc32)c1C,training,1
c1ccc2[nH]c(-c3cscn3)nc2c1,training,1
CCc1nc(N)nc(N)c1-c1ccc(Cl)cc1,training,1
CN1C(C(=O)Nc2ccccn2)=C(O)c2sc(Cl)cc2S1(=O)=O,training,1
O=C(O)c1cc2ccccc2c(Cc2c(O)c(C(=O)O)cc3ccccc23)c1O,training,0
CN1C(=O)CC(c2ccccc2)C1=O,training,1
CCC(=O)OC1(C(=O)SCF)C(C)CC2C3CC(F)C4=CC(=O)C=CC4(C)C3(F)C(O)CC21C,training,0
COc1cc2nc(N(C)CCCNC(=O)[C@H]3CCCO3)nc(N)c2cc1OC,training,1
CCOC(=O)[C@H](CCc1ccccc1)N[C@@H](C)C(=O)N(CC(=O)O)C1Cc2ccccc2C1,training,1
OCC1OC(O)C(O)C(O)C1O,training,1
Nc1ccn([C@H]2CC[C@@H](CO)O2)c(=O)n1,training,1
NCCC(O)(P(=O)(O)O)P(=O)(O)O,training,0
CN(C)CCC[C@@]1(c2ccc(F)cc2)OCc2cc(C#N)ccc21,training,1
CN(C)CC/C=C1/c2ccccc2Sc2ccc(Cl)cc21,training,1
C[C@H]1O[C@@]2(CS1)CN1CCC2CC1,training,1
Cn1c(=O)c2c(ncn2CCCNC[C@@H](O)c2cc(O)cc(O)c2)n(C)c1=O,training,1
CN1CC[C@]23c4c5ccc(O)c4O[C@H]2C(=O)CC[C@H]3[C@H]1C5,training,1
NC1[C@@H]2CN(c3nc4c(cc3F)c(=O)c(C(=O)O)cn4-c3ccc(F)cc3F)C[C@H]12,training,1
C[C@@H](CO)NC(=O)[C@@H]1C=C2c3cccc4[nH]cc(c34)C[C@@H]2N(C)C1,training,1
O=C(Oc1ccccc1C(=O)O)c1ccccc1O,training,1
C#C[C@]1(O)CC[C@H]2[C@@H]3CCC4=CC(=O)CC[C@@H]4[C@H]3CC[C@@]21CC,training,1
CNC(=O)c1ccc(N2C(=S)N(c3ccc(C#N)c(C(F)(F)F)c3)C(=O)C2(C)C)cc1F,training,1
O[C@](CCN1CCCC1)(c1ccccc1)C1CCCCC1,training,1
Nc1nc2[nH]cnc2c(=S)[nH]1,training,1
C[C@H]1C[C@H](OC(=O)[C@H](O)c2ccccc2)CC(C)(C)C1,training,1
COC1(NC(=O)Cc2cccs2)C(=O)N2C(C(=O)O)=C(COC(N)=O)CSC21,training,0
C[C@H]1[C@H](NC(=O)/C(=N/OC(C)(C)C(=O)O)c2csc(N)n2)C(=O)N1S(=O)(=O)O,training,0
CCOC(=O)C1(c2ccccc2)CCN(C)CC1,training,1
CN1C[C@H](C(=O)N[C@]2(C)O[C@@]3(O)[C@@H]4CCCN4C(=O)[C@H](Cc4ccccc4)N3C2=O)C=C2c3cccc4[nH]cc(c34)C[C@H]21,training,1
CC(C)NC[C@@H]1CCc2cc(CO)c([N+](=O)[O-])cc2N1,training,1
N=C(N)c1ccc(OCCCCCOc2ccc(C(=N)N)cc2)cc1,training,0
CC(=O)C1(O)Cc2c(O)c3c(c(O)c2C(OC2CC(N)C(O)C(C)O2)C1)C(=O)c1ccccc1C3=O,training,1
CO/N=C(\C(=O)N[C@@H]1C(=O)N2C(C(=O)O)=C(CSc3nc(C)c(CC(=O)O)s3)CS[C@H]12)c1csc(N)n1,training,0
O[C@H](c1cc(C(F)(F)F)nc2c(C(F)(F)F)cccc12)[C@H]1CCCCN1,training,1
CN(C)CCOc1ccc(/C(=C(/CCCl)c2ccccc2)c2ccccc2)cc1,training,1
CCN1CC(CCN2CCOCC2)C(c2ccccc2)(c2ccccc2)C1=O,training,1
COc1cc2ncnc(Nc3ccc(F)c(Cl)c3)c2cc1OCCCN1CCOCC1,training,1
O=C([O-])C1=C/C(=C/C=[N+]2\c3cc(O)c(O)cc3C[C@H]2C(=O)[O-])C[C@H](C(=O)[O-])N1,training,1
CCN(CC)CC#CCOC(=O)[C@@](O)(c1ccccc1)C1CCCCC1,training,1
CC(=O)OCC1=C(C(=O)O)N2C(=O)[C@@H](NC(=O)Cc3cccs3)[C@H]2SC1,training,0
CN1CCN(C2=Nc3ccccc3Oc3ccc(Cl)cc32)CC1,training,1
Cc1cc(C(=O)NNCc2ccccc2)no1,training,1
COc1ccccc1OC[C@H](O)CN1CCN(CC(=O)Nc2c(C)cccc2C)CC1,training,1
CCOC(=O)/N=c1/c[n+](N2CCOCC2)[n-]o1,training,1
CCC(=O)O[C@](Cc1ccccc1)(c1ccccc1)[C@H](C)CN(C)C,training,1
CC(=O)N1CCN(c2ccc(OC[C@@H]3CO[C@@](Cn4ccnc4)(c4ccc(Cl)cc4Cl)O3)cc2)CC1,training,1
Cc1cn([C@H]2C=C[C@@H](CO)O2)c(=O)[nH]c1=O,training,1
C[C@@]12C=CC(=O)C=C1CC[C@@H]1[C@@H]2C(=O)C[C@]2(C)[C@@H]1CC[C@@]2(O)C(=O)CO,training,1
CCOC(=O)C(CCc1ccccc1)NC1CCc2ccccc2N(CC(=O)O)C1=O,training,1
CN[C@@H]1CCc2[nH]c3ccc(C(N)=O)cc3c2C1,training,1
CO[C@@H]1C[C@H](O[C@H]2CC[C@]3(C=O)[C@H]4CC[C@@]5(C)[C@@H](C6=CC(=O)OC6)CC[C@@]5(O)[C@@H]4CC[C@]3(O)C2)O[C@@H](C)[C@@H]1O,training,1
O=c1[nH]c(=O)n(C2CC(O)C(CO)O2)cc1I,training,0
Nc1nc(=O)n([C@@H]2CS[C@H](CO)O2)cc1F,training,1
COc1ccc(Cc2nccc3cc(OC)c(OC)cc23)cc1OC,training,1
COc1ccc(C2C(=O)c3ccccc3C2=O)cc1,training,1
Nc1nc(O)ncc1F,training,1
C[N+]1(CCCCC[N+]2(C)CCCC2)CCCC1,training,0
NC(N)=NC(=O)c1nc(Cl)c(N)nc1N,training,1
CC1(C)O[C@@H]2C[C@@H]3[C@@H]4C[C@@H](F)C5=CC(=O)C=C[C@]5(C)[C@H]4[C@H](O)C[C@]3(C)[C@]2(C(=O)CO)O1,training,1
C[C@H]1CNCCc2ccc(Cl)cc21,training,1
COc1c(N2CCN[C@H](C)C2)c(F)cc2c(=O)c(C(=O)O)cn(C3CC3)c12,training,1
N#C[C@@H](O[C@@H]1O[C@H](CO[C@@H]2O[C@H](CO)[C@@H](O)[C@H](O)[C@H]2O)[C@@H](O)[C@H](O)[C@H]1O)c1ccccc1,training,0
NC(N)=Nc1nc(CSCC/C(N)=N/S(N)(=O)=O)cs1,training,1
NC(Cc1cc(I)c(Oc2cc(I)c(O)c(I)c2)c(I)c1)C(=O)O,training,1
CC(CO)NC(=O)C1C=C2c3cccc4c3c(cn4C)CC2N(C)C1,training,1
CC1(C)NC(=O)N(c2ccc([N+](=O)[O-])c(C(F)(F)F)c2)C1=O,training,1
CN1Cc2c(N)cccc2C(c2ccccc2)C1,training,1
CN(C)C(=N)NC(=N)N,training,1
O=C(O)Cc1nn(-c2ccc(F)cc2)cc1-c1ccc(Cl)cc1,training,1
CN(CCOc1ccc(CC2SC(=O)NC2=O)cc1)c1ccccn1,training,1
CC(C)(C#N)c1cc(Cn2cncn2)cc(C(C)(C)C#N)c1,training,1
CCCC[N+]1(C)C2CC(OC(=O)C(CO)c3ccccc3)CC1C1OC12,training,0
O=C(O)CCCC[C@H]1SC[C@H]2NC(=O)N[C@H]21,training,1
CS(=O)(=O)OCC(O)C(O)COS(C)(=O)=O,training,1
CCCN1CC(CSC)CC2c3cccc4[nH]cc(c34)CC21,training,1
CCCC(=O)[C@@]1(c2ccccc2)CCC=C[C@@H]1N(C)C,training,1
O=C(NCCN1CCOCC1)c1ccc(Cl)cc1,training,1
Cc1cc(/C=C/C#N)cc(C)c1Nc1ccnc(Nc2ccc(C#N)cc2)n1,training,1
Nc1c2c(nc3ccccc13)CCCC2,training,1
C[C@]1(O)CC[C@H]2[C@@H]3CCC4=CC(=O)CC[C@]4(C)[C@@]3(F)[C@@H](O)C[C@@]21C,training,1
CCC(C)(C)C1C(=O)N2CCCC2C2(O)OC(NC(=O)C3CC4c5cccc6[nH]cc(c56)CC4N(C)C3)(C(C)C)C(=O)N12,training,0
CCC(=O)NCC[C@@H]1CCc2ccc3c(c21)CCO3,training,1
CC(C(=O)O)c1ccc(CC2CCCC2=O)cc1,training,1
C[C@@H]1OC1P(=O)(O)O,training,1
CC(C)OC(=O)C(C)(C)Oc1ccc(C(=O)c2ccc(Cl)cc2)cc1,training,1
CC1(C)O[C@@H]2C[C@H]3[C@@H]4CCC5=CC(=O)C=C[C@]5(C)[C@@]4(F)[C@@H](O)C[C@]3(C)[C@]2(C(=O)CO)O1,training,1
CN1CCC[C@@H]1CCO[C@](C)(c1ccccc1)c1ccc(Cl)cc1,training,1
C#C[C@]1(O)CC[C@H]2[C@@H]3CCC4=CCCC[C@@H]4[C@H]3CC[C@@]21C,training,1
CCCCC1=NC2(CCCC2)C(=O)N1Cc1ccc(-c2ccccc2-c2nn[nH]n2)cc1,training,1
CC1(C)S[C@H]2[C@@H](NC(=O)[C@@H](NC(=O)N3CCN(S(C)(=O)=O)C3=O)c3ccccc3)C(=O)N2[C@H]1C(=O)O,training,0
CC(=O)Oc1ccccc1C(=O)Nc1ncc([N+](=O)[O-])s1,training,1
COc1cc(C[C@@H](C)N)cc2c1OCO2,training,1
COCCCOc1ccnc(CS(=O)c2nc3ccccc3[nH]2)c1C,training,1
O[C@@](CCN1CCCCC1)(c1ccccc1)[C@@H]1C[C@H]2C=C[C@@H]1C2,training,1
O=C(O)CCCN1CCC(O[C@@H](c2ccc(Cl)cc2)c2ccccn2)CC1,training,1
CCOc1ccccc1OC[C@H]1CNCCO1,training,1
C[C@@H](Cc1ccccc1)N(C)Cc1ccccc1,training,1
Cc1cc(NC(=O)C2=C(O)c3ccccc3S(=O)(=O)N2C)no1,training,1
O=C(O)c1cc(O)c2c(c1)C(C1c3cccc(O)c3C(=O)c3c(OC4OC(CO)C(O)C(O)C4O)cccc31)c1cccc(OC3OC(CO)C(O)C(O)C3O)c1C2=O,training,0
Cc1cc(NS(=O)(=O)c2ccc(N)cc2)nc(C)n1,training,1
Cc1ccc(-c2nc3ccc(C)cn3c2CC(=O)N(C)C)cc1,training,1
CC1=C(C(=O)O)N2C(=O)C(NC(=O)C(N)c3ccccc3)C2SC1,training,1
CC(=O)Oc1c(C)c(C)c2c(c1C)CCC(C)(CCCC(C)CCCC(C)CCCC(C)C)O2,training,1
Cc1nc(Nc2ncc(C(=O)Nc3c(C)cccc3Cl)s2)cc(N2CCN(CCO)CC2)n1,training,1
Nc1c(CC(=O)O)cccc1C(=O)c1ccc(Br)cc1,training,1
CN1CCC(=C2c3ccccc3CC(=O)c3sccc32)CC1,training,1
COC(=O)C1=C(C)NC(C)=C(C(=O)OC(C)(C)CN(C)CCC(c2ccccc2)c2ccccc2)C1c1cccc([N+](=O)[O-])c1,training,1
C#C[C@](O)(/C=C/Cl)CC,training,1
CCn1cc(C(=O)O)c(=O)c2cc(F)c(N3CCN[C@@H](C)C3)c(F)c21,training,1
CC(C)(C)C(=O)OCOC(=O)[C@H]1N2C(=O)[C@@H](NC(=O)[C@H](N)c3ccccc3)[C@H]2SC1(C)C,training,1
CNCC[C@@H](Oc1cccc2ccccc12)c1cccs1,training,1
Nc1cc(N2CCCCC2)nc(N)[n+]1[O-],training,1
CC(=O)Oc1ccc2c3c1O[C@H]1[C@@H](OC(C)=O)C=C[C@H]4[C@@H](C2)N(C)CCC[C@]314,training,1
O=C(O)P(=O)(O)O,training,0
Cc1cnc(C(=O)NCCc2ccc(S(=O)(=O)NC(=O)NC3CCCCC3)cc2)cn1,training,1
O=C(O)COCCN1CCN(C(c2ccccc2)c2ccc(Cl)cc2)CC1,training,1
O=S(=O)(O)CCS,training,1
COc1ccc(Cl)cc1C(=O)NCCc1ccc(S(=O)(=O)NC(=O)NC2CCCCC2)cc1,training,1
CN1[C@H]2CC[C@@H]1CC(OC(=O)c1c[nH]c3ccccc13)C2,training,1
O=C(O)CCC(=O)c1ccc(-c2ccccc2)cc1,training,1
OC1(c2ccc(Cl)cc2)c2ccccc2C2=NCCN21,training,1
OCCOCCN1CCN(C(c2ccccc2)c2ccc(Cl)cc2)CC1,training,1
CO/N=C1\CN(c2nc3c(cc2F)c(=O)c(C(=O)O)cn3C2CC2)C[C@H]1CN,training,1
Cc1cnc(NC(=O)C2=C(O)c3ccccc3S(=O)(=O)N2C)s1,training,1
NC(=O)N1c2ccccc2C2OC2c2ccccc21,training,1
Cn1c(=O)cc(N2CCC[C@@H](N)C2)n(Cc2ccccc2C#N)c1=O,training,1
C[C@@H](CN(C)C)CN1c2ccccc2CCc2ccccc21,training,1
CN(N=O)C(=O)N[C@H]1[C@@H](O)O[C@H](CO)[C@@H](O)[C@@H]1O,training,0
C[C@@H](O)[C@H]1C(=O)N2C(C(=O)O)=C(SCCNC=N)C[C@H]12,training,0
O=C1O[Pt]OC(=O)C12CCC2,training,1
COCCOC[C@H](CC1(C(=O)NC2CCC(C(=O)O)CC2)CCCC1)C(=O)Oc1ccc2c(c1)CCC2,training,1
CCOC(=O)CN[C@@H](C(=O)N1CC[C@H]1C(=O)NCc1ccc(C(=N)NO)cc1)C1CCCCC1,training,1
Cc1cc(CC(=O)O)n(C)c1C(=O)c1ccc(Cl)cc1,training,1
O=c1ccc2ccccc2o1,training,1
CC[C@@H](CO)NCCN[C@@H](CC)CO,training,1
C[N+]1(C)CCC(OC(=O)C(O)(c2ccccc2)C2CCCC2)C1,training,0
COc1cccc2c1C(=O)c1c(O)c3c(c(O)c1C2=O)CC(O)(C(=O)CO)CC3OC1CC(N)C(O)C(C)O1,training,0
C[C@@]12CCC3=C4CCC(=O)C=C4CC[C@H]3[C@@H]1CC[C@]2(O)CC#N,training,1
CCN(CC)CCCOC(=O)[C@@]1(c2ccccc2)C[C@@H]2CC[C@H]1C2,training,1
CCN(CC)CC[C@@]1(c2ccccc2)CCC(=O)NC1=O,training,1
COc1ccc(C(Cl)=C(c2ccc(OC)cc2)c2ccc(OC)cc2)cc1,training,1
COC(=O)[C@H]1[C@H](O)CC[C@H]2CN3CCc4c([nH]c5ccccc45)[C@H]3C[C@H]21,training,1
C[C@@]12C=CC(=O)C=C1CC[C@@H]1[C@@H]2CC[C@@]2(C)OC(=O)CC[C@H]12,training,1
CC1(C)S[C@@H]2[C@H](NC(=O)COc3ccccc3)C(=O)N2[C@H]1C(=O)O,training,1
O=C1C(=O)c2ccccc2C(O)=C1C1CCC(c2ccc(Cl)cc2)CC1,training,0
CC1(C)SC2C(/N=C/N3CCCCCC3)C(=O)N2C1C(=O)O,training,0
COc1ccc2c(c1)c(CC(=O)O)c(C)n2C(=O)c1ccc(Cl)cc1,training,1
COc1ccc2cc([C@H](C)C(=O)O)ccc2c1,training,1
O=C1NC(=O)C(c2ccccc2)(c2ccccc2)N1,training,1
CCCCCc1cc(O)c2c(c1)OC(C)(C)[C@@H]1CCC(C)=C[C@@H]21,training,1
CC(O)(P(=O)(O)O)P(=O)(O)O,training,0
CN(C/C=C/C#CC(C)(C)C)Cc1cccc2ccccc12,training,1
NC(=O)CCCN/C(=C1\C=C(F)C=CC1=O)c1ccc(Cl)cc1,training,1
CCOc1cc(CC(=O)N[C@@H](CC(C)C)c2ccccc2N2CCCCC2)ccc1C(=O)O,training,1
CNC[C@H](O)CC12CCC(c3ccccc31)c1ccccc12,training,1
COc1cc(C(=O)NCc2ccc(OCCN(C)C)cc2)cc(OC)c1OC,training,1
CSCC[C@H](N)C(=O)O,training,1
CCn1cc(C(=O)O)c(=O)c2cc(F)c(N3CCN(C)CC3)cc21,training,1
CC(C)(C(=O)c1cccnc1)c1cccnc1,training,1
CC1(C)SC2C(CC(=O)Cc3ccccc3)C(=O)N2C1C(=O)O,training,1
Clc1cccc(Cl)c1N=C1NCCN1,training,1
COc1ccccc1OCCNC[C@H](O)OCc1cccc2[nH]c3ccccc3c12,training,1
O=NN(CCCl)C(=O)NC1CCCCC1,training,1
CN(C)CCOC1=Cc2ccccc2Sc2ccc(Cl)cc21,training,1
CCCC[C@H]1C(=O)N(c2ccccc2)N(c2ccc(O)cc2)C1=O,training,1
N#CC[C@H](C1CCCC1)n1cc(-c2ncnc3[nH]ccc23)cn1,training,1
CCS(=O)(=O)CCn1c([N+](=O)[O-])cnc1C,training,1
c1ccc([C@@H]2CN3CCSC3=N2)cc1,training,1
CCC(=O)N(c1ccccc1)C1(COC)CCN(CCn2nnn(CC)c2=O)CC1,training,1
CN[C@@]1(C)[C@H]2CC[C@@H](C2)C1(C)C,training,1
O=C(O)CCNC(=O)c1ccc(N=Nc2ccc(O)c(C(=O)O)c2)cc1,training,1
COc1ccnc(CS(=O)c2nc3cc(OC(F)F)ccc3[nH]2)c1OC,training,1
CCCOc1ccc(S(=O)(=O)NCC[C@H]2CCCN2C)cc1-c1nc(O)c2c(n1)c(CCC)nn2C,training,1
CN1CC[C@@]23CCCC[C@H]2[C@H]1Cc1ccc(O)cc13,training,1
CN(C)[C@@H]1C(O)=C(C(N)=O)C(=O)[C@@]2(O)C(=O)C3=C(O)c4c(O)cccc4[C@@](C)(O)[C@H]3[C@H](O)[C@@H]12,training,1
COC1/C=C\OC2(C)Oc3c(C)c(O)c4c(O)c(c(/C=N/N5CCN(C)CC5)c(O)c4c3C2=O)NC(=O)/C(C)=C\C=C\C(C)C(O)C(C)C(O)C(C)C(OC(C)=O)C1C,training,1
CCOC(=O)C(CCc1ccccc1)NC(C)C(=O)N1Cc2ccccc2CC1C(=O)O,training,1
CC1(C)S[C@@H]2[C@H](NC(=O)[C@H](NC(=O)N3CCNC3=O)c3ccccc3)C(=O)N2[C@H]1C(=O)O,training,0
CCCNC[C@H](O)COc1ccccc1C(=O)CCc1ccccc1,training,1
CC(C)(Oc1ccc([C@H]2CC2(Cl)Cl)cc1)C(=O)O,training,1
C=CCC1([C@@H](C)CCC)C(=O)NC(=O)NC1=O,training,1
Cn1cnc([N+](=O)[O-])c1Sc1[nH]cnc2ncnc1-2,training,1
O=c1[nH]c2ccccc2n1CCCN1CCC(Nn2c(=O)[nH]c3cc(Cl)ccc32)CC1,training,1
C[N+]1(C)[C@H]2CC(OC(=O)[C@H](CO)c3ccccc3)C[C@@H]1[C@H]1O[C@@H]21,training,0
C[C@@H]1[C@H](c2ccccc2)OCCN1C,training,1
Cc1c(OCC(F)(F)F)ccnc1CS(=O)c1nc2ccccc2[nH]1,training,1
C[C@H]1C[C@H]2[C@H]3C[C@H](F)C4=CC(=O)C=C[C@@]4(C)[C@H]3[C@H](O)C[C@@]2(C)[C@@]1(O)C(=O)CO,training,1
CNC(=O)c1cc(Oc2ccc(NC(=O)Nc3ccc(Cl)c(C(F)(F)F)c3)cc2)ccn1,training,1
C=C(c1ccc(C(=O)O)cc1)c1cc2c(cc1C)C(C)(C)CCC2(C)C,training,1
CC1Cc2ccccc2N1NC(=O)c1ccc(Cl)c(S(N)(=O)=O)c1,training,1
Cc1noc(NS(=O)(=O)c2ccc(N)cc2)c1C,training,1
Cc1ccnc2c1NC(=O)c1cccnc1N2C1CC1,training,1
Cc1cc2c(OCC(O)CNC(C)C)cccc2[nH]1,training,1
CC(C[N+](C)(C)C)OC(N)=O,training,0
Cc1nc(NCc2cccnc2)c(C#N)c(=O)[nH]1,training,1
CC1(C(=O)O)CCC2(C)CCC3(C)C(=CC(=O)C4C5(C)CCC(OC(=O)CCC(=O)O)C(C)(C)C5CCC43C)C2C1,training,1
Cc1cccc(CN2CCN([C@@H](c3ccccc3)c3ccc(Cl)cc3)CC2)c1,training,1
CN(C)CC/C=C1/c2ccccc2COc2ccccc21,training,1
O=C(OC1C[C@@H]2CC[C@H](C1)[N+]21CCCC1)C(O)(c1ccccc1)c1ccccc1,training,0
NC[C@@H]1O[C@H](O[C@@H]2[C@@H](CO)O[C@@H](O[C@H]3[C@@H](O)[C@@H](N)C[C@H](N)[C@H]3O[C@@H]3O[C@H](CN)[C@@H](O)[C@H](O)[C@H]3N)[C@@H]2O)[C@H](N)[C@@H](O)[C@@H]1O,training,0
COc1cc2c3cc1Oc1cc(ccc1O)CC1c4c(cc(OC)c([O-])c4Oc4ccc(cc4)CC3[N+](C)(C)CC2)CC[N+]1(C)C,training,0
COC(=O)C1C2CC3c4[nH]c5cc(OC)ccc5c4CCN3CC2CC(OC(=O)c2cc(OC)c(OC)c(OC)c2)C1OC,training,1
N[C@@H](Cc1c[nH]c2ccccc12)C(=O)O,training,1
CC(COc1ccccc1)N(CCCl)Cc1ccccc1,training,0
CN(C)C(=O)C(CCN1CCC(O)(c2ccc(Cl)cc2)CC1)(c1ccccc1)c1ccccc1,training,1
Cc1cc(O)c2c(c1)C(=O)c1cc(O)cc(O)c1C2=O,training,1
CC[C@]1(c2ccc(N)cc2)CCC(=O)NC1=O,training,1
Cn1nnnc1SCC1=C(C(=O)O)N2C(=O)[C@@H](NC(=O)[C@H](OC=O)c3ccccc3)[C@H]2SC1,training,0
COc1c(C)c2c(c(O)c1C/C=C(\C)CCC(=O)OCCN1CCOCC1)C(=O)OC2,training,1
COc1cc2nc(N3CCN(C(=O)[C@@H]4COc5ccccc5O4)CC3)nc(N)c2cc1OC,training,1
CCc1cccc2cc(C(O)CNC(C)(C)C)oc12,training,1
CC[C@H](C)C(=O)O[C@H]1C[C@H](O)C=C2C=C[C@H](C)[C@H](CC[C@@H](O)C[C@@H](O)CC(=O)O)[C@H]21,training,1
CCCN(CCC)CCc1cccc2c1CC(=O)N2,training,1
O=P1(N(CCCl)CCCl)OCCCN1CCCl,training,1
NC[C@@H]1O[C@H](O[C@@H]2[C@@H](CO)O[C@@H](O[C@@H]3[C@@H](O)[C@H](N)C[C@H](N)[C@H]3O[C@H]3O[C@H](CO)[C@@H](O)[C@H](O)[C@H]3N)[C@@H]2O)[C@H](N)[C@@H](O)[C@@H]1O,training,0
OCCOCCN1CCN(C2=Nc3ccccc3Sc3ccccc32)CC1,training,1
CCn1nc(C(=O)O)c(=O)c2cc3c(cc21)OCO3,training,1
CC[C@H](C)n1ncn(-c2ccc(N3CCN(c4ccc(OC[C@H]5CO[C@](Cn6cncn6)(c6ccc(Cl)cc6Cl)O5)cc4)CC3)cc2)c1=O,training,1
CCOC(=O)C1=C[C@@H](OC(CC)CC)[C@H](NC(C)=O)[C@@H](N)C1,training,1
CCCCC1C(=O)N(c2ccccc2)N(c2ccccc2)C1=O,training,1
C/C=C/C1=C(C(=O)O)N2C(=O)[C@@H](NC(=O)[C@H](N)c3ccc(O)cc3)[C@H]2SC1,training,1
CN(C)CCc1c[nH]c2ccc(CS(=O)(=O)N3CCCC3)cc12,training,1
CN1CC(=O)N2[C@@H](Cc3c([nH]c4ccccc34)[C@H]2c2ccc3c(c2)OCO3)C1=O,training,1
CCCCC[C@H](O)/C=C/[C@@H]1[C@H](C/C=C/CCCC(=O)O)C(=O)C[C@H]1O,training,1
CC(C)N1CCC(N(C(=O)Cc2ccccc2)c2ccc(Cl)cc2)CC1,training,1
CNS(=O)(=O)CCc1ccc2[nH]c(C3CCN(C)CC3)cc2c1,training,1
O=C1Nc2ccc(Cl)cc2[C@](C#CC2CC2)(C(F)(F)F)O1,training,1
COc1ccc(CCN(C)CCC[C@@](C#N)(c2cc(OC)c(OC)c(OC)c2)C(C)C)cc1OC,training,1
Cc1onc(-c2c(Cl)cccc2Cl)c1C(=O)N[C@H]1C(=O)N2[C@H]1SC(C)(C)[C@H]2C(=O)O,training,1
CC(C)CN(C[C@H](O)[C@@H](Cc1ccccc1)NC(=O)O[C@H]1CCOC1)S(=O)(=O)c1ccc(N)cc1,training,1
O=[N+]([O-])O[C@H]1CO[C@@H]2[C@@H](O)CO[C@H]12,training,1
Cn1c(=O)c2nc[nH]c2n(C)c1=O,training,1
NS(=O)(=O)c1cc(C(=O)O)c(NCc2ccco2)cc1Cl,training,1
C#Cc1cccc(Nc2ncnc3cc(OCCOC)c(OCCOC)cc23)c1,training,1
O=C(O)[C@H](S)[C@H](S)C(=O)O,training,1
CCC1OC(=O)C(C)C(OC2CC(C)(OC)C(O)C(C)O2)C(C)C(OC2OC(C)CC(N(C)C)C2O)C(C)(OC)CC(C)C(=O)C(C)C(O)C1(C)O,training,1
CCCCCCCCCCC[C@@H](C[C@@H]1OC(=O)[C@H]1CCCCCC)OC(=O)[C@H](CC(C)C)NC=O,training,0
CCC#CC[C@H](C)[C@H](O)C#C[C@@H]1[C@H]2C/C(=C\COCC(=O)O)C[C@H]2C[C@H]1O,training,1
CCN(CCO)CC[C@@H](C)Nc1ccnc2cc(Cl)ccc12,training,1
CC1(C)SC2C(NC(=O)C(N)c3ccccc3)C(=O)N2C1C(=O)O,training,1
CN(C)CCCN1c2ccccc2CCc2ccccc21,training,1
C#C[C@]1(O)CC[C@H]2[C@@H]3CCc4cc(O)ccc4[C@H]3CC[C@@]21C,training,1
O=C(CO)C(O)C(O)C(O)CO,training,1
CN1CC[C@]23c4c5ccc(O)c4O[C@H]2[C@@H](O)C=C[C@H]3[C@H]1C5,training,1
OCC1CCC(n2cnc3c(O)ncnc32)O1,training,1
C[C@@H](C(=O)O)c1cccc(C(=O)c2ccccc2)c1,training,1
O=C(NCCNCC(O)COc1ccc(O)cc1)N1CCOCC1,training,0
NCCNCCNCCNCCN,training,0
CC(C)n1c(/C=C/[C@@H](O)C[C@@H](O)CC(=O)O)c(-c2ccc(F)cc2)c2ccccc21,training,1
CC1C(=O)OC2CC34C5CC(C(C)(C)C)C36C(OC(=O)C6O)OC4(C(=O)O5)C21O,training,1
O=C(C1CCCCC1)N1CC(=O)N2CCc3ccccc3[C@@H]2C1,training,1
CCCN1C[C@H](NS(=O)(=O)N(CC)CC)C[C@@H]2Cc3c(O)cccc3C[C@@H]21,training,1
CN1CCN(CC/C=C2/c3ccccc3Sc3ccc(S(=O)(=O)N(C)C)cc32)CC1,training,1
Cc1nnc(C(C)C)n1C1C[C@@H]2CC[C@H](C1)N2CC[C@@H](NC(=O)C1CCC(F)(F)CC1)c1ccccc1,training,1
CNCCCN1c2ccccc2CCc2ccccc21,training,1
C[C@H]([C@@](O)(Cn1cncn1)c1ccc(F)cc1F)S(C)(=O)=O,training,1
N[C@@H](Cc1c[nH]cn1)C(=O)O,training,1
CCn1cc(C(=O)O)c(=O)c2cc(F)c(N3CCNCC3)nc21,training,1
CC(=O)O[C@H]1C[C@@]2(C)[C@@H](C[C@@H](O)[C@@H]3[C@@]4(C)CC[C@@H](O)[C@@H](C)[C@@H]4CC[C@@]32C)/C1=C(\CCC=C(C)C)C(=O)O,training,1
O=c1[nH]c2ccccc2n1C1CCN(CCC(c2ccc(F)cc2)c2ccc(F)cc2)CC1,training,1
Fc1ccccc1C1=NCC(=S)N(CC(F)(F)F)c2ccc(Cl)cc21,training,1
COc1cc(N[C@H](C)CCCN)c2ncccc2c1,training,1
Oc1ccc([C@H](O)[C@H]2CCCCN2)cc1O,training,1
CCOC(=O)N1CCC(=C2c3ccc(Cl)cc3CCc3cccnc32)CC1,training,1
Cc1nnc2n1-c1ccc(Cl)cc1C(c1ccccc1Cl)=NC2,training,1
c1ccc(C2(N3CCCCC3)CCCCC2)cc1,training,1
C[C@@H](O)[C@H]1C(=O)N2C(C(=O)O)=C(S[C@@H]3CN[C@H](C(=O)Nc4cccc(C(=O)O)c4)C3)[C@H](C)[C@H]12,training,1
C=C1CC[C@@H](O)C/C1=C/C=C1\CCC[C@@]2(C)[C@H]1CC[C@@H]2[C@@H](C)CCCC(C)(C)O,training,1
O=C(COCCOCCOCC(=O)Nc1c(I)cc(I)c(C(=O)O)c1I)Nc1c(I)cc(I)c(C(=O)O)c1I,training,0
Cc1ccc(Nc2c(F)cccc2Cl)c(CC(=O)O)c1,training,1
C#C[C@]1(OC(C)=O)CC[C@H]2[C@@H]3CCC4=C/C(=N/O)CC[C@@H]4[C@H]3CC[C@@]21CC,training,1
O=C1c2c(O)ccc(O)c2C(=O)c2c(NCCNCCO)ccc(NCCNCCO)c21,training,0
C=CCN1CCCC1CNC(=O)c1cc2nn[nH]c2cc1OC,training,1
Cc1cc2c(s1)Nc1ccccc1N=C2N1CCN(C)CC1,training,1
C[N+](C)(C)CC(=O)[O-],training,0
O=C(O)[C@@H](O)[C@@H](O)[C@@H](O)[C@@H](O)[C@@H](O)CO,training,1
COc1cc(C(=O)N=S(=O)([O-])c2ccccc2C)ccc1Cc1cn(C)c2ccc(NC(=O)OC3CCCC3)cc12,training,1
CC[C@@H]1OC(=O)[C@H](C)C(=O)[C@H](C)[C@H](O[C@@H]2O[C@@H](C)C[C@H](N(C)C)[C@@H]2O)[C@](C)(OC)C[C@H](C)C(=O)[C@H](C)[C@@H]2N(CCCCn3cnc(-c4cccnc4)c3)C(=O)O[C@]12C,training,1
COc1ccc2c3c1O[C@H]1C(=O)CC[C@H]4[C@@H](C2)N(C)CC[C@]314,training,1
C=C[C@H]1CN2CC[C@H]1C[C@@H]2[C@@H](O)c1ccnc2ccc(OC)cc12,training,1
O=C1C(CCS(=O)c2ccccc2)C(=O)N(c2ccccc2)N1c1ccccc1,training,1
CN1[C@H]2CCC[C@@H]1CC(NC(=O)c1nn(C)c3ccccc13)C2,training,1
C[C@@H](c1cc2ccccc2s1)N(O)C(N)=O,training,1
CC(C)c1nc(CN(C)C(=O)N[C@@H](C(=O)N[C@H](Cc2ccccc2)C[C@H](O)[C@@H](Cc2ccccc2)NC(=O)OCc2cncs2)C(C)C)cs1,training,1
CCCC(CCC)C(=O)O,training,1
O=C(OCCN1CCN(c2cccc(C(F)(F)F)c2)CC1)c1ccccc1Nc1ccnc2cc(C(F)(F)F)ccc12,training,1
CCc1[nH]c(=O)[nH]c1C(=O)c1ccncc1,training,1
COc1ccc2c3c1O[C@H]1[C@@H](O)C=C[C@H]4[C@@H](C2)N(C)CC[C@]314,training,1
N=c1nc2n(cc1F)[C@@H]1O[C@H](CO)[C@@H](O)[C@@H]1O2,training,1
Cc1ccsc1C(=CCCN1CCC[C@@H](C(=O)O)C1)c1sccc1C,training,1
CC[C@H](C)C(=O)O[C@H]1C[C@@H](C)C=C2C=C[C@H](C)[C@H](CC[C@@H]3C[C@@H](O)CC(=O)O3)[C@H]21,training,1
C=CC(N)CCC(=O)O,training,1
Cc1c(O)cccc1C(=O)N[C@@H](CSc1ccccc1)[C@H](O)CN1C[C@H]2CCCC[C@H]2C[C@H]1C(=O)NC(C)(C)C,training,1
C=C1CC[C@@H](O)C/C1=C/C=C1\CCC[C@@]2(C)[C@H]1CC[C@@H]2[C@@H](C)CCCC(C)C,training,1
O=[N+]([O-])c1ccc(O)c2ncccc12,training,1
C#C[C@]1(O)CC[C@@H]2[C@@H]3CCC4=CC(=O)CC[C@@H]4[C@H]3C=C[C@@]21CC,training,1
CCCc1nc2c(C)cc(-c3nc4ccccc4n3C)cc2n1Cc1ccc(-c2ccccc2C(=O)O)cc1,training,1
Cc1cc(C2CCCCC2)n(O)c(=O)c1,training,1
NCc1ccccc1CC(=O)N[C@@H]1C(=O)N2C(C(=O)O)=C(CSc3nnnn3CC(=O)O)CS[C@H]12,training,0
O=C1O[Bi]Oc2ccccc21,training,1
N#C[C@@H]1CCCN1C(=O)CNC12CC3CC(CC(O)(C3)C1)C2,training,1
C[C@H](N)C12CC3CC(CC(C3)C1)C2,training,1
CC(C)NCCCC1(C(N)=O)c2ccccc2-c2ccccc21,training,1
CC[C@@H](CO)NC(=O)[C@@H]1C=C2c3cccc4[nH]cc(c34)C[C@H]2N(C)C1,training,1
CN(C)c1nc(N(C)C)nc(N(C)C)n1,training,1
CC(=O)O[C@H]1CC[C@@]2(C)C(=CC[C@H]3[C@@H]4CC=C(c5cccnc5)[C@@]4(C)CC[C@@H]32)C1,training,1
CN1C(=O)NC(=O)[C@@](C)(C2=CCCCC2)C1=O,training,1
C[C@@H](NCCCc1cccc(C(F)(F)F)c1)c1cccc2ccccc12,training,1
C[C@H]1C[C@H]2[C@@H]3CC[C@](O)(C(=O)CO)[C@@]3(C)C[C@H](O)[C@@H]2[C@@]2(C)C=CC(=O)C=C12,training,1
NCCC[C@](N)(C(=O)O)C(F)F,training,1
O=C1CN=C(c2ccccn2)c2cc(Br)ccc2N1,training,1
CN/C(=C\[N+](=O)[O-])NCCSCc1ccc(CN(C)C)o1,training,1
CC(C)[N+](C)(CCOC(=O)C1c2ccccc2Oc2ccccc21)C(C)C,training,0
COc1ccccc1OCCNC[C@@H](O)c1ccc(C)cc1S(N)(=O)=O,training,1
COc1nc(C)nc(Cl)c1NC1=NCCN1,training,1
C#C[C@@]1(O)CC[C@H]2[C@H]3[C@H](CC[C@@]21C)C1=C(CC(=O)CC1)C[C@H]3C,training,1
Clc1ccc2nsnc2c1NC1=NCCN1,training,1
CC(C)c1c(C(=O)Nc2ccccc2)c(-c2ccccc2)c(-c2ccc(F)cc2)n1CC[C@H](O)C[C@H](O)CC(=O)O,training,1
CN(C)CCN(c1ccc(Cl)cc1)c1ccccn1,training,1
CN1c2ccccc2N(CCCCCCC(=O)O)c2ccc(Cl)cc2S1(=O)=O,training,1
CCc1cc(C(N)=S)ccn1,test,1
O=P(O)(O)C(O)(Cc1cccnc1)P(=O)(O)O,test,0
O=C(NCCO[N+](=O)[O-])c1cccnc1,test,1
CCN(CC)C(=O)c1cccnc1,test,1
O=C(O)c1cccnc1,test,1
CN(C)C(=O)Oc1cccc([N+](C)(C)C)c1,test,0
CN(C)C(=O)Oc1cc(OC(=O)N(C)C)cc(C(O)CNC(C)(C)C)c1,test,0
CCOC(=O)c1ccc(N)cc1,test,1
CC(N)(Cc1ccc(O)c(O)c1)C(=O)O,test,1
COCCCC/C(=N\OCCN)c1ccc(C(F)(F)F)cc1,test,1
CC(C)(N)Cc1ccccc1,test,1
COc1ccccc1OC[C@H](O)CO,test,1
COCCc1ccc(OC[C@@H](O)CNC(C)C)cc1,test,1
CC(C)N[C@@H](O)c1ccc(O)c(O)c1,test,1
CCC(=O)C(=O)c1ccc(OCC(=O)O)c(Cl)c1Cl,test,1
CCN(CC)C(=O)Nc1ccc(OCC(O)CNC(C)(C)C)c(C(C)=O)c1,test,1
CCN(CC)CCNC(=O)c1ccc(NC(C)=O)cc1,test,1
CCOC(=O)C(C)(C)Oc1ccc(Cl)cc1,test,1
CC[C@@H](c1cccc(O)c1)[C@@H](C)CN(C)C,test,1
O=P(O)(O)C(Cc1ccc(Cl)cc1)P(=O)(O)O,test,0
CCN(CC)CCOC(=O)c1ccc(N)cc1,test,1
CCNC[C@H](C)c1cccc(C(F)(F)F)c1,test,1
CN[C@H](C)Cc1ccccc1,test,1
C[C@@](N)(Cc1ccc(O)cc1)C(=O)O,test,1
CCN(CC)CC(=O)Nc1c(C)cccc1C,test,1
Cc1cccc(OCC(O)CNC(C)C)c1,test,1
COc1cc(C)c(S(C)=O)cc1OC,test,1
CCCNC(=O)NS(=O)(=O)c1ccc(Cl)cc1,test,1
NNCCc1ccccc1,test,1
N#Cc1cc(NC(=O)C(=O)O)c(Cl)c(NC(=O)C(=O)O)c1,test,1
CNC[C@H](O)c1cccc(O)c1,test,1
CCNCC(O)c1cccc(O)c1,test,1
CC(C)NC(=N)NC(=N)Nc1ccc(Cl)cc1,test,1
CC(C)(C)NCC(O)c1cc(Cl)c(N)c(Cl)c1,test,1
c1ccccc1,test,1
CC(C)NC[C@H](O)COc1ccc(COCCOC(C)C)cc1,test,1
Cc1cccc(C)c1OC[C@@H](C)N,test,1
C=Cc1ccccc1S(=O)(=O)[O-],test,1
COC[C@@H](NC(C)=O)C(=O)NCc1ccccc1,test,1
COP(=O)(OC)O[C@H](c1ccc(Cl)cc1)P(=O)(OC)OC,test,1
CC(=O)Oc1cc(C(C)C)c(OCCN(C)C)cc1C,test,1
CC[N+](C)(C)c1cccc(O)c1,test,0
NCCc1ccc(O)c(O)c1,test,0
O=C(CCCCCCC(=O)Nc1ccccc1)NO,test,1
Cc1cccc(C)c1NC(=O)NCCCNC(C)C,test,1
NC(=O)OCC(COC(N)=O)c1ccccc1,test,1
N[C@@H](Cc1ccc(O)c(O)c1)C(=O)O,test,1
NC(=O)NC(=O)Cc1ccccc1,test,1
CCN(C)C(=O)Oc1cccc([C@H](C)N(C)C)c1,test,1
CCCN(CCC)S(=O)(=O)c1ccc(C(=O)O)cc1,test,1
CC(=O)Nc1ccccc1,test,1
CN[C@@H](C)[C@@H](O)c1ccccc1,test,1
C#CCN(C)[C@H](C)Cc1ccccc1,test,1
CC[N+](CC)(CC)CCOc1cccc(OCC[N+](CC)(CC)CC)c1OCC[N+](CC)(CC)CC,test,0
N[C@@H](C(=O)O)[C@H](O)c1ccc(O)c(O)c1,test,1
CC(Cc1ccc(O)c(O)c1)(NN)C(=O)O,test,1
Nc1ccc(O)c(C(=O)O)c1,test,1
CC[N+](C)(C)[C-]c1ccccc1Br,test,0
CC(C)C(=O)Nc1ccc([N+](=O)[O-])c(C(F)(F)F)c1,test,1
CC(C)(C)NC[C@H](O)c1ccc(O)c(CO)c1,test,1
COCCCOc1cc(C[C@@H](C[C@H](N)[C@H](O)C[C@@H](C(=O)NCC(C)(C)C(N)=O)C(C)C)C(C)C)ccc1OC,test,1
Nc1ccc(C(=O)O)c(O)c1,test,1
CCc1ccccc1,test,1
Nc1nc(O)c2ncn(COC(CO)CO)c2n1,test,0
Nc1ncnc2c1ncn2CCOCP(=O)(O)O,test,0
CC(=O)CCCCn1c(=O)c2c(ncn2C)n(C)c1=O,test,1
C[C@H](O)Cn1cnc2c1c(=O)n(C)c(=O)n2C,test,1
Cn1c(=O)c2c(ncn2C)n(C)c1=O,test,1
Cn1c(=O)c2c(ncn2CC(O)CO)n(C)c1=O,test,1
COC(=O)C1=C(C)NC(C)=C(OC(C)=O)[C@@H]1c1ccccc1[N+](=O)[O-],test,1
CCOC(=O)C1=C(C)NC(C)=C(C(=O)OCC)C1c1ccccc1/C=C/C(=O)OC(C)(C)C,test,1
CCOC(=O)C1=C(COCCN)NC(C)=C(C(=O)OC)C1c1ccccc1Cl,test,1
CCOC(=O)C1=C(C)NC(C)=C(C(=O)OC)[C@H]1c1cccc([N+](=O)[O-])c1,test,1
CN(C)CCO[C@@H](c1ccc(Cl)cc1)c1ccccn1,test,1
CN(C)CCC(c1ccc(Cl)cc1)c1ccccn1,test,1
CC(C)N(CC[C@](C(N)=O)(c1ccccc1)c1ccccn1)C(C)C,test,1
CN(C)CCC(c1ccc(Br)cc1)c1ccccn1,test,1
CN(C)CC[C@H](c1ccccc1)c1ccccn1,test,1
Cc1cn([C@H]2C[C@H](O)[C@@H](CO)O2)c(=O)[nH]c1=O,test,1
C[C@H]1O[C@@H](n2cc(F)c(=O)[nH]c2=O)[C@H](O)[C@@H]1O,test,1
O=c1[nH]c(=O)n([C@@H]2O[C@H](CO)[C@@H](O)[C@@H]2O)cc1/C=C/Br,test,1
Cc1ccccc1[C@@H](OCCN(C)C)c1ccccc1,test,1
CC(CC(c1ccccc1)c1ccccc1)NC(C)(C)C,test,1
CN(C)CC[C@@](O)(c1ccccc1)c1ccccc1Cl,test,1
CC[C@@H](OC(C)=O)C(C[C@H](C)N(C)C)(c1ccccc1)c1ccccc1,test,1
CNCCCCOc1ccccc1Cc1ccccc1,test,1
C[C@H](CN1c2ccccc2Sc2ccccc21)N(C)C,test,1
CN(C)CCCN1c2ccccc2Sc2ccc(Cl)cc21,test,1
CN1C(=O)[C@@H](O)N=C(c2ccccc2Cl)c2cc(Cl)ccc21,test,1
O=C1CN=C(c2ccccc2)c2cc([N+](=O)[O-])ccc2N1,test,1
CN(C)C(=O)O[C@H]1N=C(c2ccccc2)c2cc(Cl)ccc2N(C)C1=O,test,1
CCN(CC)CCN1C(=O)CN=C(c2ccccc2F)c2cc(Cl)ccc21,test,1
CN1C(=O)[C@@H](O)N=C(c2ccccc2)c2cc(Cl)ccc21,test,1
N#CCCN1C(=O)C(O)N=C(c2ccccc2F)c2cc(Cl)ccc21,test,1
O=C(O)C1N=C(c2ccccc2)c2cc(Cl)ccc2NC1=O,test,1
NC[C@H]1O[C@H](O[C@@H]2[C@@H](N)C[C@@H](N)[C@H](O[C@H]3O[C@H](CO)[C@@H](O)[C@H](N)[C@H]3O)[C@@H]2O)[C@H](N)C[C@@H]1O,test,0
CC[C@@H]1CC[C@@H](N)[C@@H](O[C@@H]2[C@@H](N)C[C@@H](N)[C@H](O[C@H]3OC[C@](C)(O)[C@H](NC)[C@H]3O)[C@H]2O)O1,test,0
NCC[C@H](O)C(=O)N[C@@H]1C[C@H](N)[C@@H](O[C@H]2O[C@H](CN)CC[C@H]2N)[C@H](O)[C@H]1O[C@H]1O[C@H](CO)[C@@H](O)[C@H](N)[C@H]1O,test,0
OCCN1CCN(CCCN2c3ccccc3Sc3ccc(Cl)cc32)CC1,test,1
CN1CCN(CCCN2c3ccccc3Sc3ccc(S(=O)(=O)N(C)C)cc32)CC1,test,1
CN1CCN(CCCN2c3ccccc3Sc3ccc(Cl)cc32)CC1,test,1
NNC(=O)c1ccncc1,val,1
CNCCc1ccccn1,val,1
CCCc1cc(C(N)=S)ccn1,val,1
CC(C)(C)NC[C@@H](O)c1ccc(O)c(CO)n1,val,1
Cc1ncc(CO)c(CO)c1O,val,1
Nc1ccncc1,val,1
CCCCCCCN(CC)CCC[C@@H](O)c1ccc(NS(C)(=O)=O)cc1,val,1
N[C@H](CO)C(=O)NNCc1ccc(O)c(O)c1O,val,1
CC(=O)Oc1ccccc1C(=O)O,val,1
CNNCc1ccc(C(=O)NC(C)C)cc1,val,1
CCNC(C)Cc1cccc(C(F)(F)F)c1,val,1
O=P([O-])([O-])C(Sc1ccc(Cl)cc1)P(=O)([O-])[O-],val,1
C[C@@H](N)[C@@H](O)c1ccccc1,val,1
CC(=O)Nc1ccc(OC[C@@H](O)CNC(C)C)cc1,val,1
Nc1ccc(S(N)(=O)=O)cc1,val,1
N[C@H](CCC(=O)O)c1ccc(Cl)cc1,val,1
NS(=O)(=O)c1cc(Cl)c(Cl)c(S(N)(=O)=O)c1,val,1
COc1ccccc1OC[C@@H](O)COC(N)=O,val,1
CCCC(=O)Nc1ccc(OC[C@@H](O)CNC(C)C)c(C(C)=O)c1,val,1
CN(C(=O)C(Cl)Cl)c1ccc(O)cc1,val,1
CC(C)Cc1ccc([C@@H](C)C(=O)O)cc1,val,1
Cc1ccc(C)c(OCCCC(C)(C)C(=O)O)c1,val,1
CCOC(=O)/C=C(C)/C=C/C=C(C)/C=C/c1c(C)cc(OC)c(C)c1C,val,1
COc1cc(C)c(/C=C/C(C)=C/C=C/C(C)=C\C(=O)O)c(C)c1C,val,1
N=C(N)NC(=O)Cc1c(Cl)cccc1Cl,val,1
O=C(O)CCCc1ccc(N(CCCl)CCCl)cc1,val,1
CCC(C(N)=O)(C(N)=O)c1ccccc1,val,1
CCCCNC(=O)NS(=O)(=O)c1ccc(C)cc1,val,1
CCN(CC)C(=O)/C(C#N)=C/c1cc(O)c(O)c([N+](=O)[O-])c1,val,1
CCN(CC)CCNC(=O)c1ccc(NS(C)(=O)=O)cc1,val,1
CC(C)NC[C@@H](O)c1cc(O)cc(O)c1,val,1
CC(C)NC[C@H](O)COc1ccc(CC(N)=O)cc1,val,1
CC(N)Cc1cccc(C(F)(F)F)c1,val,1
OC[C@H](O)COc1ccc(Cl)cc1,val,1
CC(=O)N(C[C@H](O)CO)c1c(I)c(C(=O)NC[C@H](O)CO)c(I)c(C(=O)NC[C@H](O)CO)c1I,val,0
CC(C)c1cccc(C(C)C)c1O,val,1
CC(C)NCC(O)COc1ccc(CCNC(=O)NC(C)C)cc1,val,0
COc1ccc(OC)c([C@H](O)CNC(=O)CN)c1,val,1
CCCCCN(CCCOC)C(=O)C(CCC(=O)O)NC(=O)c1ccc(Cl)c(Cl)c1,val,1
CC(=O)Nc1ccc(O)cc1,val,1
NC[C@H](O)c1ccc(O)c(O)c1,val,1
N[C@@H](Cc1ccc(N(CCCl)CCCl)cc1)C(=O)O,val,1
CCN(CC)CCNC(=O)c1cc(Cl)c(N)cc1OC,val,1
CNC[C@H](O)c1ccc(O)c(O)c1,val,1
COc1cccc(C[C@@H](C)N)c1,val,1
C[C@@H](Cc1ccccc1)NC(=O)[C@H](N)CCCCN,val,1
N=C(N)N/N=C/c1c(Cl)cccc1Cl,val,1
O=C(N[C@H](CO)[C@H](O)c1ccc([N+](=O)[O-])cc1)C(Cl)Cl,val,1
CCN(CC)[C@@H](C)C(=O)c1ccccc1,val,1
CC(=O)Nc1c(I)c(NC(C)=O)c(I)c(C(=O)O)c1I,val,0
Cc1ccccc1,val,1
CC(C)NC[C@H](O)c1ccc(NS(C)(=O)=O)cc1,val,1
CCN(CC)CCNC(=O)c1ccc(N)cc1,val,1
C[C@@H](NC(C)(C)C)C(=O)c1cccc(Cl)c1,val,1
CC(C)(C)NC[C@@H](O)c1cc(O)cc(O)c1,val,1
C=C(CC)C(=O)c1ccc(OCC(=O)O)c(Cl)c1Cl,val,1
C=CCOc1ccccc1OC[C@H](O)CNC(C)C,val,1
CC(C)NCC(O)c1ccc(O)c(O)c1,val,1
C[C@@H](N)Cc1ccccc1,val,1
CCCCNc1ccc(C(=O)OCCOCCOCCOCCOCCOCCOCCOCCOCCOC)cc1,val,1
CC(C)NCC(O)COc1ccc(CC(N)=O)cc1,val,1
C=CCc1ccccc1OC[C@@H](O)CNC(C)C,val,1
CNC(=O)c1c(I)c(NC(C)=O)c(I)c(C(=O)O)c1I,val,0
O=C(O)c1ccccc1O,val,1
Nc1nc(O)c2ncn(COCCO)c2n1,val,0
C[C@@H](Cn1cnc2c(N)ncnc21)OCP(=O)([O-])[O-],val,1
CC(C)[C@H](N)C(=O)OC[C@@H](CO)OCn1cnc2c(O)nc(N)nc21,val,1
CC(=O)OCC(CCn1cnc2cnc(N)nc21)COC(C)=O,val,1
CC(C)[C@H](N)C(=O)OCCOCn1cnc2c(O)nc(N)nc21,val,1
Cn1c(=O)c2c(ncn2CCO)n(C)c1=O,val,1
Cn1cnc2c1c(=O)[nH]c(=O)n2C,val,1
COC(=O)C1=C(C#N)NC(C)=C(C(=O)OC(C)C)[C@H]1c1cccc([N+](=O)[O-])c1,val,1
CCOC(=O)C1=C(C)NC(C)=C(C(=O)OC)[C@@H]1c1cccc(Cl)c1Cl,val,1
COCCOC(=O)C1=C(C)NC(C)=C(C(=O)OC(C)C)C1c1cccc([N+](=O)[O-])c1,val,1
COC(=O)C1=C(C)NC(C)=C(C(=O)OCC(C)C)[C@H]1c1ccccc1[N+](=O)[O-],val,1
CN(C)CCO[C@@](C)(c1ccccc1)c1ccccn1,val,1
CC(C)N(CCC(C(N)=O)(c1ccccc1)c1ccccn1)C(C)C,val,1
O=c1[nH]c(=O)n([C@H]2C[C@H](O)[C@@H](CO)O2)cc1F,val,1
Cc1cn([C@H]2C[C@H](N=[N+]=[N-])[C@@H](CO)O2)c(=O)[nH]c1=O,val,1
CC#Cc1cn([C@@H]2O[C@H](CO)[C@@H](O)[C@@H]2O)c(=O)[nH]c1=O,val,0
Clc1ccc(C(c2ccccc2Cl)C(Cl)Cl)cc1,val,1
Cc1ccc(O)c([C@@H](CCN(C(C)C)C(C)C)c2ccccc2)c1,val,1
NC(=O)CS(=O)C(c1ccccc1)c1ccccc1,val,1
CN(C)CCOC(c1ccccc1)c1ccccc1,val,1
CCC(=O)C(C[C@@H](C)N(C)C)(c1ccccc1)c1ccccc1,val,1
CCN(CC)[C@H](C)CN1c2ccccc2Sc2ccccc21,val,1
COc1ccc2c(c1)N(CC(C)CN(C)C)c1ccccc1S2,val,1
CN(C)CCCN1c2ccccc2Sc2ccccc21,val,1
C[C@@H](CN(C)C)CN1c2ccccc2Sc2ccccc21,val,1
CN1C(=O)CN=C(c2ccccc2)c2cc(Cl)ccc21,val,1
O=C1Nc2ccc(Cl)cc2C(c2ccccc2)=N[C@H]1O,val,1
O=C1CN=C(c2ccccc2)c2cc(Cl)ccc2N1,val,1
O=C1Nc2ccc(Cl)cc2C(c2ccccc2Cl)=N[C@@H]1O,val,1
CN1C(=O)CN=C(c2ccccc2F)c2cc([N+](=O)[O-])ccc21,val,1
O=C1CN=C(c2ccccc2)c2cc(Cl)ccc2N1CC(F)(F)F,val,1
O=C1CN=C(c2ccccc2Cl)c2cc([N+](=O)[O-])ccc2N1,val,1
CN[C@H](C)[C@@H]1CC[C@@H](N)[C@@H](O[C@@H]2[C@@H](N)C[C@@H](N)[C@H](O[C@H]3OC[C@](C)(O)[C@H](NC)[C@H]3O)[C@H]2O)O1,val,0
NCC[C@@H](O)C(=O)N[C@@H]1C[C@H](N)[C@@H](O[C@H]2O[C@H](CN)[C@@H](O)[C@H](O)[C@H]2O)[C@H](O)[C@H]1O[C@H]1O[C@H](CO)[C@@H](O)[C@H](N)[C@H]1O,val,0
NC[C@@H]1O[C@H](O[C@@H]2[C@@H](N)C[C@@H](N)[C@H](O[C@H]3O[C@@H](CO)[C@@H](O)[C@H](N)[C@H]3O)[C@H]2O)[C@@H](O)[C@@H](O)[C@H]1O,val,0
OCCN1CCN(CCCN2c3ccccc3Sc3ccc(C(F)(F)F)cc32)CC1,val,1
CN1CCN(CCCN2c3ccccc3Sc3ccc(C(F)(F)F)cc32)CC1,val,1
CCSc1ccc2c(c1)N(CCCN1CCN(C)CC1)c1ccccc1S2,val,1
