smiles,group,Pgp-sub
CN=C(O)O/N=C/C(C)(C)SC,training,0
NC12CC3CC(CC(C3)C1)C2,training,0
C=C[C@H](N)CCC(=O)O,training,0
CCC[C@H]1CO[C@@](Cn2cncn2)(c2ccc(Cl)cc2Cl)O1,training,0
ClC1=C(Cl)[C@@]2(Cl)[C@@H]3[C@H]([C@H]4C[C@H]3[C@H]3O[C@H]43)[C@@]1(Cl)C2(Cl)Cl,training,0
COC(=O)/C=C(\C)OP(=O)(OC)OC,training,0
O=NN(CCCl)C(O)=NCCCl,training,0
CCN=c1nc(Cl)[nH]c(=NC(C)C)[nH]1,training,0
CSc1nc(O)c(C#N)c(-c2ccc(C)cc2)n1,training,0
O=C([O-])C1(C(=O)[O-])CCC1,training,0
CC1=C[C@@H](C)[C@@H](C)N(CC2=NCCN2)c2ccccc21,training,0
N#Cc1c2c(c(-c3cccs3)n([C@H]3O[C@@H](CO)[C@@H](O)[C@@H](O)[C@H]3O)c1=S)CCc1ccccc1-2,training,0
CCCCOC(=O)[C@@H](C)Oc1ccc(Oc2ccc(C(F)(F)F)cn2)cc1,training,0
C=C[C@@]1(C)OC(=O)N(c2cc(Cl)cc(Cl)c2)C1=O,training,0
COC(O)=Nc1nc2ccc(C(=O)c3ccccc3)cc2[nH]1,training,0
S=C1/C(=N/c2ccccc2)N(c2ccccc2)C(=Nc2cccc[n+]2Cc2ccccc2)N1c1ccccc1,training,0
CS(=O)(=O)c1c(N)c2nc(Cl)cn2c2nc3ccccc3nc12,training,0
CC1(C)S[C@@H]2[C@H](N=C(O)[C@H](N)c3ccccc3)C(=O)N2[C@H]1C(=O)O,training,0
CCCCN1C(=O)C(=C/C=C/C=C2\Oc3ccccc3N2CCCS(=O)(=O)O)C(=O)N(CCCC)C1=O,training,0
O=C(N=c1cc[nH]cc1)C(=O)c1cn(Cc2ccc(Cl)cc2)c2ccccc12,training,0
N=c1[nH]c2nc(=N)c(-c3ccccc3)nc-2c(N)[nH]1,training,0
Cc1ccc(/C(=C/CN2CCCC2)c2ccccn2)cc1,training,0
N=c1ccn([C@@H]2CO[C@@H](CO)O2)c(O)n1,training,0
CC#C[C@]1(O)CC[C@H]2[C@@H]3CCC4=CC(=O)CCC4=C3[C@@H](c3ccc(N(C)C)cc3)C[C@@]21C,training,0
Cc1cc(C)nc(NS(=O)(=O)c2ccc(Nc3c4ccccc4nc4c(C(O)=NNCCO)cccc34)cc2)n1,training,0
ClC1(Cl)C2(Cl)C3(Cl)C4(Cl)C(Cl)(Cl)C5(Cl)C3(Cl)C1(Cl)C5(Cl)C24Cl,training,0
CCC(=O)N(c1ccccc1)C1(COC)CCN(CCn2nnn(CC)c2=O)CC1,training,0
Cc1ncc2n1-c1ccc(Cl)cc1C(c1ccccc1F)=NC2,training,0
CC(C)C[C@H]1C(=O)N2CCC[C@H]2[C@@]2(O)O[C@@](N=C(O)[C@@H]3C=C4c5cccc6[nH]c(Br)c(c56)C[C@H]4N(C)C3)(C(C)C)C(=O)N12,training,0
CC(=O)OC[C@@H]1O[C@H](n2c3c(cc(C#N)c2=O)CCCCCC3)[C@H](OC(C)=O)[C@H](OC(C)=O)[C@@H]1OC(C)=O,training,0
C#C[C@H](CC(=O)O)N=C(O)CN1CCc2ccc(N3CCNCC3)cc2C1=O,training,0
C[C@H](CCC(O)=NCCC[N+](C)(C)CCCS(=O)(=O)[O-])[C@H]1CC[C@H]2[C@@H]3[C@@H](O)C[C@@H]4C[C@H](O)CC[C@@]4(C)[C@H]3C[C@H](O)[C@]21C,training,0
CN(C)CCCCN1CCc2c(n(C)c3ccccc23)C1=O,training,0
COc1ccccc1NS(=O)(=O)c1cc(C(C)(C)C)ccc1OCCOc1ccc(C(C)(C)C)cc1S(=O)(=O)Nc1ccccc1OC,training,0
COc1ccccc1[C@H]1SCC(=O)N1c1ccc(-c2ccc(-n3c(-c4ccccc4)nc4ccccc4c3=O)cc2)cc1,training,0
C[C@@]12CC[C@H]3[C@@H](CCC4=CC(=O)CC[C@@]43C)[C@@H]1CCC2=O,training,0
CCOC(=O)c1c(-c2ccc(Cl)cc2)c(C#N)c(=S)n([C@@H]2O[C@@H](COC(C)=O)[C@H](OC(C)=O)[C@H](OC(C)=O)[C@@H]2OC(C)=O)c1C,training,0
COc1ccc(-c2c(C(C)=O)c(-c3ccccc3)n([C@H]3O[C@@H](COC(C)=O)[C@H](OC(C)=O)[C@@H](OC(C)=O)[C@H]3OC(C)=O)c(=S)c2C#N)cc1,training,0
Cc1cc(C)n([C@@H]2O[C@@H](CO)[C@H](O)[C@H](O)[C@@H]2O)c(=S)c1C#N,training,0
CC(C)=CCC/C(C)=C/CC/C(C)=C/CO,training,0
COC(=O)[C@@H](N)CS,training,0
COc1ccc(Cc2c(-c3ccc(C)cc3)nnc(O)c2[C@@H]2C(=O)N(c3ccccc3)N=C2c2ccccc2)cc1,training,0
CNCC[C@H](Oc1ccc(C(F)(F)F)cc1)c1ccccc1,training,0
C[C@H]1CN(c2nc(N(CCO)CC(C)(C)O)c3nc(-c4ccccc4)c(N4C[C@H](C)O[C@H](C)C4)nc3n2)C[C@@H](C)O1,training,0
COP(=S)(Oc1cc(Cl)c(Br)cc1Cl)c1ccccc1,training,0
O=P1(N(CCCl)CCCl)NCCCO1,training,0
Nc1ccc(S(=O)(=O)Nc2ccccn2)cc1,training,0
CCCCC/C=C\C/C=C\C=C\C=C\[C@@H](SC[C@@H](N=C(O)CC[C@H](N)C(=O)O)C(O)=NCC(=O)O)[C@@H](O)CCCC(=O)O,training,0
OC(Cn1cncn1)(Cn1cncn1)c1ccc(F)cc1F,training,0
CO[C@@H]1C[C@@H](C[C@H]2CC[C@H](C)[C@H]([C@@H](C)C(=O)O)O2)O[C@]2(O[C@@](C)([C@H]3CC[C@@](C)([C@@H]4O[C@@H]([C@H]5O[C@@](O)(CO)[C@H](C)C[C@@H]5C)C[C@@H]4C)O3)C[C@H]2C)[C@@H]1C,training,0
COc1cc2c(cc1OC)CN(CCc1ccc(NC(=O)c3cc(OC)c(OC)cc3N=C(O)c3cnc4ccccc4c3)cc1)CC2,training,0
COc1cc([C@H]2c3cc4c(cc3C[C@@H]3COC(=O)[C@H]32)OCO4)cc(OC)c1OC,training,0
N#Cc1cc2c(n([C@H]3O[C@@H](CO)[C@@H](O)[C@@H](O)[C@H]3O)c1=S)CCC2,training,0
N#Cc1c(-c2ccco2)c2c(n([C@H]3O[C@@H](CO)[C@@H](O)[C@@H](O)[C@H]3O)c1=S)CCCC2,training,0
Cc1cc(C)nc(NS(=O)(=O)c2ccc(NC(=O)COC(=O)c3cccc4c(=O)c5ccccc5[nH]c34)cc2)n1,training,0
Cc1cn([C@H]2C=C[C@@H](CO)O2)c(=O)nc1O,training,0
CCC1(N=C(O)c2cc(F)c(F)c(F)c2F)C(=O)N(C(C)C)C(=O)N=C1O,training,0
O=C1N=C(O)C(=Cc2cn(Cc3ccccc3)c3ccccc23)C(O)=N1,training,0
Cc1c2c(nn1C(=O)c1nn(-c3ccc(Cl)cc3)cc1O)-c1ccccc1CC2,training,0
COc1ccc(CCn2cnc3cc(N=C(O)CN4CCN(C)CC4)c(Oc4cc(C)cc(C)c4)cc3c2=O)cc1OC,training,0
C=C(C=O)[C@@H]1CC=C(C=O)CC1,training,0
Clc1nc(Cl)c2ncn(CC3(Cn4cnc5c(Cl)nc(Cl)nc54)COC3)c2n1,training,0
O=S(=O)(NC(O)=Nc1ccc(Cl)c(Cl)c1)c1cnccc1Oc1ccc(F)cc1,training,0
O=C(COc1cccc(/C=C2\CSc3ccccc3C2=O)c1)c1ccc(Cl)cc1,training,0
Cc1cc(I)cc(CN(C)CCCN2CCCCCCC2)c1O,training,0
COc1ccc(N=C(O)n2[nH]c(=N)c3ccccc32)cc1OC,training,0
NS(=O)(=O)c1ccc(-n2ncc3c(Nc4ccccc4)ncnc32)cc1,training,0
COC(=O)CCCCC(=O)C1=C(C)/C(=C/c2[nH]c(-c3ccc[nH]3)cc2OC)N=C1C,training,0
CC1=C(/C=C/C(=O)CC(=O)/C=C/C2=C(C)CCCC2(C)C)C(C)(C)CCC1,training,0
O=C(CCN1CCCN(c2cnc3ccccc3n2)CC1)c1csc2ccccc12,training,0
CCOC(=O)c1c2c(n(Cc3ccc(Cl)cc3Cl)c1C)-c1nc(Cc3ccccc3)[nH]c1C(=O)C2=O,training,0
O=C(c1ccco1)c1nc2cc(Cl)ccc2[n+]([O-])c1C(F)(F)F,training,0
O=C(c1ccco1)c1c(C(F)(F)F)[n+]([O-])c2cc(C(F)(F)F)ccc2[n+]1[O-],training,0
N#C/C(=C\c1ccccn1)c1nc2ccccc2o1,training,0
c1cc2c(cn1)Nc1ccncc1S2,training,0
OCCCCC#Cc1ccccc1C#Cc1ccc(O)cc1,training,0
Nc1ccccc1C#C/C=C\C#Cc1c(F)c(F)c(F)c(F)c1F,training,0
Cc1cc(=O)oc2cc(OC/C=C3\CCC(=O)O3)ccc12,training,0
O=C1CC/C(=C/COc2cc(=O)oc3ccccc23)O1,training,0
COc1ccc(-c2nnc(N=C3N=C(O)/C(=C4/C(O)=Nc5ccc(OC(F)(F)F)cc54)S3)o2)cc1,training,0
CCOC(=O)c1sc(=S)c2c(C(=O)OCC)c(C(=O)OCC)sc2c1C(=O)OCC,training,0
O=S(=O)(NC(O)=NC1CCCCC1)c1ccc(N2N=C3c4ccccc4CC3C2c2ccc(Cl)cc2)cc1,training,0
NS(=O)(=O)c1ccc(-n2nc3c(c2-c2ccc(Cl)cc2)Cc2ccccc2-3)cc1,training,0
Cc1cc2c(C(C)C)c(O)c(O)c(C=O)c2c(O)c1-c1c(C)cc2c(C(C)C)c(O)c(O)c(C=O)c2c1O,training,0
COc1cc2c3c(n(CCCN4CCCNCC4)c(=O)c2cc1OC)-c1cc2c(cc1C3=O)OCO2,training,0
COc1ccc(OC)c(N=C(O)c2cccc(NC3=C(Cl)C(=O)N(Cc4ccccc4)C3=O)c2)c1,training,0
CC(=O)c1cc2c(cc1Nc1c3ccccc3nc3occ(Cl)c13)OCO2,training,0
Fc1cccc(Cl)c1Cn1c(-c2c(F)cccc2Cl)nc2ccccc21,training,0
C/C=C/[C@H]1O[C@@H]2C(=C[C@H]1O)C(=O)O[C@H]2C,training,0
CCn1c2ccccc2c2cc(/C=C(/C#N)C(=N)S)ccc21,training,0
N#CC(C#N)=C/C=C(\Sc1nc2ccccc2s1)c1ccc(Cl)cc1,training,0
OC(CSCC(O)=N/N=C/c1cccs1)=N/N=C/c1cccs1,training,0
COc1cc2[nH]c(-c3cccs3)nc(=Nc3cccc([N+](=O)[O-])c3)c2cc1OC,training,0
O=CC1C(Cl)=Nc2nc3ccccc3n2C1c1ccccc1,training,0
O=C1OCC(c2ccc(Cl)cc2)=C1Cl,training,0
C/C(=N/O)c1cccc(N=c2[nH]c3ccccc3c3[nH]c4ccccc4c23)c1,training,0
C=C1c2ccccc2C(=O)c2c1c1c(C(=O)OC)c(O)ccc1n2Cc1ccccc1,training,0
CCn1c2ccc(O)c(C(=O)OC)c2c2cc3ccccc3c(O)c21,training,0
COc1cc(/C=C(\C#N)c2nc3ccccc3o2)ccc1O,training,0
CCOC(=O)C1=C(N)Oc2ccc(Br)cc2C1C(C#N)C(=O)OCC,training,0
CC(C)(O)C1CC[C@]2(C)CC[C@]3(C)[C@H](CC[C@@H]4[C@@]5(C)CC[C@H](O)C(C)(C)[C@@H]5CC[C@]43C)[C@@H]12,training,0
O=C1NC2CCCCC2N=C1CC(=O)c1ccc(Br)cc1,training,0
C/C(=N\Nc1nc2ccccc2s1)c1cccc[n+]1[O-],training,0
c1ccc(C(=NNc2nc3ccccc3[nH]2)c2ccccn2)nc1,training,0
O=C(C=P(c1ccccc1)(c1ccccc1)c1ccccc1)c1cccc(-c2cccc([N+](=O)[O-])c2)c1,training,0
C(=C\CCCN1O[C@@H](CCCCCCCCc2cccnc2)[C@H]2CCC[C@H]21)\CCCCCCCCCc1cccnc1,training,0
Cc1ccc(C2(N3CCCC3)OC(C)(C)c3cccc4cccc2c34)cc1,training,0
O=c1c2cc(S(=O)(=O)O)ccc2nc(COc2ccc(Oc3ccc(Cl)cc3Cl)cc2)n1-c1ccc(Oc2ccc(Cl)cc2)cc1Cl,training,0
[B-][P+](CC[P+]1([B-])[C@@H](C)[C@@H](O)[C@H](O)[C@@H]1C)(c1ccccc1)c1ccccc1OC,training,0
Oc1ccc(O)c(CNc2ccccc2)c1,training,0
O=c1c2c3c(sc2nc(S)n1-c1ccccc1)CCCc1ccc([N+](=O)[O-])cc1-3,training,0
Clc1ccc(COc2ccccc2/C=N/c2c(-c3ccco3)nc3ccccn23)c(Cl)c1,training,0
Clc1ccc(Cn2cc(/C=N/n3cnnc3)c3ccccc32)cc1,training,0
OC(CSc1ncccn1)=N/N=C/c1ccccc1OCc1ccccc1,training,0
CCCCN1CN2C(=O)C(C(=O)OCC)C(=O)c3sc4nc(SC)nc1c4c32,training,0
Cc1cc2[nH]c(Cl)c(/C=C3\C(O)=Nc4ccccc43)c2cc1O,training,0
CC(=O)O[C@@H]1C[C@]2(C(=O)c3ccccc3)C(=O)C(=O)S[C@]12c1ccccc1,training,0
COC1OC(C(=O)CP(=O)(OC)OC)C(OCc2ccccc2)C(OCc2ccccc2)C1OCc1ccccc1,training,0
CCOC(=O)C1(Cc2ccccc2)C=CN(C(=O)c2ccccc2)C=C1,training,0
COc1ccc(/C=C2\C[C@H]3[C@@H]4CCC5=C/C(=N/O)CC[C@]5(C)[C@H]4CC[C@]3(C)\C2=N\O)cc1,training,0
C[C@]12CC[C@H]3[C@@H](CCC4=C[C@@H](O)CC[C@@]43C)[C@@H]1CC(=C\c1ccncc1)/C2=N\O,training,0
CN1CCCC(OC(=O)c2cc3cc(CCl)ccc3oc2=O)C1,training,0
Oc1ccccc1/C=N/c1ccc(-c2nc3ccccc3s2)cc1,training,0
OC(CC(c1ccccc1)c1ccc(Cl)cc1)c1ccc(Cl)cc1,training,0
CC(C)(C)SC1=CCC[C@@H](P(=O)(c2ccccc2)c2ccccc2)[C@@H]2CCC[C@@H]12,training,0
CN(CCCN=C(O)c1nn(-c2ccccc2)c2c1ccc1ccccc12)CCCN=C(O)c1nn(-c2ccccc2)c2c1ccc1ccccc12,training,0
O=c1c2cc(I)ccc2nc(Sc2ccc([N+](=O)[O-])cc2[N+](=O)[O-])n1Cc1ccccc1,training,0
COC(=O)[C@]12CC[C@H]3CN(S(=O)(=O)c4ccc(C)cc4)[C@H]([C@H]31)[C@H](c1ccco1)N2S(=O)(=O)c1ccc(C)cc1,training,0
COC1=CC(=O)C2=C(C1=O)[C@H]1CC[C@]3(C)C(=O)CC[C@H]3[C@@H]1CC2,training,0
Clc1ccc(Cc2nc3cc(Cl)ccc3o2)cc1,training,0
O=[N+]([O-])c1cc2nc(O)[nH]c2c([N+](=O)[O-])c1N(CCO)CCO,training,0
CCOC(=O)C(N=C(O)N(C1=NCC(C)S1)C1CCCCC1)(OC)C(F)(F)F,training,0
O=C1CS(=O)(=O)C(c2cccc(Oc3ccccc3)c2)N1c1ccc(Cl)cc1,training,0
COc1ccccc1N1C(=O)CSC1c1cccc(Oc2ccccc2)c1,training,0
O=C(c1ccco1)N(C(=S)OC12CC3CC(CC(C3)C1)C2)c1ccccc1,training,0
CC(=O)OC(CN1CCN(c2ccccn2)CC1)Cn1sc2nc(C)cc(C)c2c1=O,training,0
COc1ccc(/C=C2\CC3C4CC=C5C[C@@H](O)CC[C@]5(C)C4CC[C@]3(C)C2=O)cc1OC,training,0
Cc1c2c(c(C)n1-c1ccccc1)C(=O)N(CCSC(=N)N)C2=O,training,0
O=C(CCC=C(S(=O)(=O)c1ccccc1)S(=O)(=O)c1ccccc1)c1ccccc1,training,0
Cc1nnc2n1N=C(c1cc(F)c(Cl)cc1Cl)/C(=C/c1ccc3c(c1)OCO3)S2,training,0
COC(=O)[C@]12CCC(C)(C)C[C@H]1[C@H]1C(=O)C=C3[C@@](C)(CC[C@H]4C(C)(C)C(=O)C(C#N)=C[C@]34C)[C@]1(C)CC2,training,0
COc1ccc(/C=C2/C(=N)Nc3ccccc3N(C3OC(COC(C)=O)C(OC(C)=O)C(OC(C)=O)C3OC(C)=O)C2=O)cc1,training,0
O=C(c1cc2c(c3ccccc13)NC1(CCCCC1)N=C2C(F)(F)F)C(F)(F)F,training,0
OC1=Nc2ccccc2/C1=C\c1c(Cl)n(-c2ccccc2)c2ccccc12,training,0
C=C(C)C1(Sc2ccc(OC)cc2)CC1,training,0
CN(C)C=C1C(=O)c2c(Br)sc(Br)c2C1=O,training,0
COc1cc(OCc2nc3ccccc3n3cccc23)cc(OC)c1OC,training,0
O=S(=O)(c1ccc(Cl)cc1)c1ccsc1N=C(O)c1ccc(F)cc1F,training,0
Clc1ccc(C2=NN=C3C(c4ccccc4)=Nc4ccccc4N3C2)cc1,training,0
C=C1c2nc3ccccc3n2C=C(c2ccc(OC)cc2)N1c1ccc(OCCN2CCOCC2)cc1,training,0
CN1CSC(=S)N(c2c3ccccc3nc3ccc(Br)cc23)C1,training,0
CCOC(=O)N(C)CCC1CC=CC(=O)C1c1cccc(OC)c1OC,training,0
COc1ccc2c(c1)C(=O)C(=O)c1cc(O)c(OC)c(OC)c1-2,training,0
CC1(COS(=O)(=O)OCC2(C)COS(=O)(=O)OC2)COS(=O)(=O)OC1,training,0
COC(C)(C)OCCN1CCN(CCN2C3=C(C=C(C(C)=O)C3)Sc3ccccc32)CC1,training,0
Cc1c(S(=O)(=O)NC(=NN)Nc2ccc(Cl)cc2)sc2ccc(Cl)cc12,training,0
Cc1[nH]c2ncn(Nc3ccccc3)c(=N)c2c1Cc1ccccc1,training,0
Brc1ccc2[nH]cc(-c3csc(-c4c[nH]c5ccc(Br)cc45)n3)c2c1,training,0
COC(=O)C1=C(O)C(C(=O)OC)[C@]2(O)[C@H](C(=O)OC)[C@H]1C[C@@H](c1ccccc1OC)[C@H]2C(=O)OC,training,0
COc1ccc(CCCCNCc2cccc(CNCCCCc3ccc(OC)cc3)c2)cc1,training,0
Nc1nnc2oc3ccc4ccccc4c3cc1-2,training,0
O=c1oc2ccccc2cc1-c1cn2ccccc2n1,training,0
O=[N+]([O-])C1=Cc2c(O)ccc(O)c2C2OC=CC12,training,0
C=CCc1[nH]c2c(OCc3ccccc3)cc(N(CC=C)C(C)=O)cc2c1C,training,0
C=CCN(C(C)=O)c1cc(OCc2ccccc2)c2c(c1)c(C)cn2S(=O)(=O)c1ccccc1,training,0
Cc1ccc(/N=C2\C(=O)C3=C(OC(C)(C)CC3)c3ccccc32)cc1,training,0
C/C=C1/CN2CCc3c([nH]c4ccccc34)[C@@H]2C[C@@H]1Cc1nccc2c1[nH]c1cc(O)ccc12,training,0
COc1cc(/C=C/c2cc(/C=C/c3ccc(O)c(OC)c3)oc(=O)c2)ccc1O,training,0
Cc1nc2ccc(N=Nc3c(C)noc3C)cc2[nH]1,training,0
CCOC(=O)c1cn2c(n1)sc1cc(C)c(C)cc12,training,0
CC1=C2C(=O)OCC23C=COC3(C)O1,training,0
NS(=O)(=O)c1ccc(NC(S)=NC(O)=Nc2ccc(Cl)c(Cl)c2)cc1,training,0
Brc1cc(CCOC2CCCCO2)c(-c2sccc2CCOC2CCCCO2)s1,training,0
COc1ccc2c(c1)CC[C@@H]1[C@@H]2CC[C@]2(C)C(=O)/C(=C/c3ccncc3)C[C@@H]12,training,0
Cc1ccc(-c2cs/c(=N\c3ccccc3)n2NC(=O)c2ccncc2)cc1,training,0
COc1ccc2o/c(=N/c3ccccc3)c(C(=N)O)cc2c1,training,0
CN(C)CCOc1ccc2[nH]c(C(=O)N3CC(CCl)c4ccc(N)cc43)cc2c1,training,0
O=C(O/C=C\OC1CCCC1(c1ccccc1)c1ccccc1)c1ccccc1,training,0
COc1ccc2c(-c3ccc(OCCN(C)C)cc3)c(Oc3ccc(Cl)cc3)c(=O)oc2c1,training,0
CCCC[C@@H](C)/C=C1\CN2CCC[C@H]2[C@@](C)(O)[C@@H]1O,training,0
COc1cc2c(cc1OCCCN1C(=O)c3cccc4cccc(c34)C1=O)N=C[C@@H]1CCCN1C2=O,training,0
COc1cc2c(c(OC)c1)C(=O)O[C@H](C)CCCC/C=C/C2,training,0
O=[N+]([O-])/C(C(Cl)=C(Cl)Cl)=C(\N1CCCCC1)n1cncn1,training,0
O=[N+]([O-])C(=C(Nc1cccc2cccnc12)Nc1cccc2cccnc12)C(Cl)=C(Cl)Cl,training,0
C[C@@H](c1ccccc1)C(CC#N)[C@H]1CCC[C@]1(O)C#Cc1ccc2c(c1)OCO2,training,0
O=C(Nc1ccc2[nH]c(C(=O)N3CC(CCl)c4c3cc([N+](=O)[O-])c3ccccc43)cc2c1)c1cc2ccccc2o1,training,0
O=C1C=C/C(=C/[C@H]2SSC=C[C@]23C=CC(=O)C3)C1,training,0
O=C(COc1ccc(OCC(=O)N2C(=O)CN(c3ccccc3)C2=S)cc1)N1C(=O)CN(c2ccccc2)C1=S,training,0
N#CC(C#N)[C@@H]1CCC=C(Sc2ccccc2)[C@H]1Sc1ccccc1,training,0
N#CC1(C#N)[C@H]2C(Sc3ccccc3)=CCC[C@H]21,training,0
O=C(O)CN1CCNCCN(CC(=O)O)CC1,training,0
Cc1ccc(S[C@@](C=O)(N=C(O)OCc2ccccc2)C(F)(F)F)cc1,training,0
O=C1C(F)=CC(COC(c2ccccc2)(c2ccccc2)c2ccccc2)OC1n1cc(F)c(O)nc1=O,training,0
CC1(C)CC[C@]2(C(=O)O)CC[C@]3(C)C(=CCC4=C5C[C@H](O)[C@H](O)[C@@](C)(CO)[C@@]5(C)CC[C@]43C)[C@@H]2C1,training,0
COc1ccc(CN(Cc2ccc(OC)cc2)C(=O)CC2(O)C=CCC2)cc1,training,0
Cc1[nH]c(-c2ccccc2)c(O)c1C(=O)OC12CC3CC(CC(C3)C1)C2,training,0
CCCC(O)=Nc1cc(/C=C/C(=O)N2CC(CCl)c3c2cc(OCc2ccccc2)c2[nH]cc(C)c32)n(C)c1,training,0
CC(=N/N=C(S)N1CCCCC1)/C(C)=N\N=C(S)N1CCCCC1,training,0
COc1ccc(C(=C2C=CC=C2)c2ccc(OC)cc2)cc1,training,0
CCOC(=O)C1=C(C)C2C=C(c3cccs3)CC(c3ccc(Cl)cc3)=C2OC1=O,training,0
CC(=C(C(=O)O)C(=O)O)c1cc(-c2cccs2)cc(-c2ccc(Cl)cc2)c1O,training,0
OC1COC(n2c3ccc(Br)cc3c3ccc4c5ccccc5[nH]c4c32)C(O)C1O,training,0
Cc1cccc2c1C(=O)[C@](C)([C@]1(C)Nc3cccc(C)c3C1=O)N2,training,0
O=[N+]([O-])c1ccc(NC(O)=N/N=C\c2ccc3ccccc3c2)cc1,training,0
Cc1ccc2c(c1)C(=O)/C(=C\c1ccc(Cl)cc1)CCS2(=O)=O,training,0
COC(=O)n1c(=O)nc2c3c(ncn21)Oc1c(c(-c2ccccc2)nn1-c1ccccc1)C3c1ccc(Cl)cc1,training,0
CC1=CCC[C@@H]2[C@@](C)(Cc3cc(O)ccc3O)[C@H](C)CC[C@@]12C,training,0
CCSC1=NC(=Cc2ccccc2O)C(O)=N1,training,0
COc1cc2c(c(OC)c1OC)=NC(=C(O)N1CC(CCl)c3ccc([N+](C)(C)Cc4ccc([N+](=O)[O-])cc4)cc31)C=2,training,0
CC(=O)Oc1c(C)c2c(c3ncccc13)OC(C)C2,training,0
N#CC1=C(C#N)/C(=C(\C#N)C(C#N)C#N)NC1=N,training,0
O=C1C2NC3CCCCC3C3CCNC(C4NCSC14)C23,training,0
CC(C)C1CCC(=O)CC1CCCCC1CC(=O)CC1O[Si](C)(C)C(C)(C)C,training,0
N#C[C@@]12CCCC(=O)[C@@H]1[C@H]1CCC[C@H]12,training,0
COc1ccc2c(c1)-c1[nH]c3ccccc3c1CC2,training,0
COc1ccc(C2CC(c3c(C)nn(-c4ccccc4)c3-c3ccc(C)cc3O)=NN2c2ccccc2)cc1,training,0
COc1cccc(N=c2[nH]c(=N)[nH]c(N)c2N=O)c1,training,0
C[C@]12CC[C@@H]3c4ccc(OC(=O)c5ccccc5)cc4CC[C@H]3[C@@H]1CCC2OC(=O)c1cccc2c(=O)c3ccccc3[nH]c12,training,0
C=C1[C@H](OCC(C)C)[C@@H](O)[C@@H](OC(=O)c2cccnc2)C(C)(C)/C=C/[C@H](C)[C@H](OC(C)=O)[C@@]2(O)C[C@@](C)(OC(C)=O)[C@H](OC(=O)c3ccccc3)[C@@H]2[C@H]1OC(C)=O,training,0
C=CC(=O)N1C/C(=C\c2ccc(OC)cc2)C(=O)/C(=C/c2ccc(OC)cc2)C1,training,0
C=C1c2nc3ccccc3n2C=C(c2ccc(C)cc2)N1c1ccc(C)cc1,training,0
O=C1OC2(CCCCC2)OC(=O)C1C(O)=Nc1ccc(Cl)cc1Cl,training,0
CCN(CC)CC(O)=Nc1c(C(N)=O)nnn1Cc1cc(Cl)c(C(=O)c2ccc(Cl)cc2)c(Cl)c1,training,0
Cc1c(-c2ccccc2)c(-c2ccc(OCCN(C)C)cc2)n2ccccc12,training,0
CCOC(=O)CCC(NC(=O)c1ccc(Nc2nc3ccccc3nc2-c2cccs2)cc1)C(=O)OCC,training,0
Nc1ccc(S(=O)(=O)N=c2[nH]c3ccccc3nc2N2CCCCCC2)cc1,training,0
Nc1cccc(OCC2CCCN3CCCCC23)c1,training,0
CCOC(=O)C(=CNc1ccc(NC2=NCC(C)S2)cc1)C(=O)OCC,training,0
COc1cc(C=CC(O)=C2C(=O)[O+]=NN2c2ccccc2)ccc1O,training,0
O=[N+]([O-])C(F)(CN(COCN(CC(F)([N+](=O)[O-])[N+](=O)[O-])CC(F)([N+](=O)[O-])[N+](=O)[O-])CC(F)([N+](=O)[O-])[N+](=O)[O-])[N+](=O)[O-],training,0
CC1(c2nc3cc(Cl)c(Cl)cc3[nH]2)CCC(CO)C(C)(C)O1,training,0
OCC1OC(n2cnc3c(Cl)[nH]c(=Nc4ccc(Cl)c(Cl)c4)nc32)CC1O,training,0
CC(=O)c1cc2c(s1)C(=O)c1ccsc1C2=O,training,0
N#Cc1ccc(Oc2nc3ccc(C(F)(F)F)cc3nc2-c2ccccc2)cc1,training,0
Cc1ccccc1N1C(N)=C(C#N)C(C#N)(C#N)C1c1ccccc1,training,0
COc1cc([C@@H]2c3cc4c(cc3[C@@H](Nc3ccccc3C(=O)c3ccccc3)[C@H]3COC(=O)[C@@H]32)OCO4)cc(OC)c1OC,training,0
C=C1CC2[C@H](C)C(=O)CCC2(C)C2=C1C1CCC(C(C)CCC(=C)C(C)C(=O)O)C1(C)CC2=O,training,0
Brc1c2c(c(Br)c3nsnc13)NSN2,training,0
CC(=O)Oc1c(-c2ccccc2)oc2ccccc12,training,0
CC1=C(C2=C(C)C(=O)C(=O)c3cc(C)ccc32)c2ccc(C)cc2C(=O)C1=O,training,0
N[C@@H]1c2c(Br)sc(Br)c2C(=O)[C@H]1Br,training,0
CCOC(=O)C(SCCO)C(C(=O)OCC)n1ccc(O)nc1=O,training,0
OC1=Nc2ccccc2-c2nc3ccccc3cc2C1,training,0
C=C1C(=O)O[C@@H]2[C@H]1C[C@@H]1O[C@H]2[C@H](C)CCC[C@@H](C)[C@@H]2CC[C@@]1(C)O2,training,0
COc1cc(CCNC2=CC(=O)c3cccnc3C2=O)ccc1O,training,0
Oc1cc(NNc2cccc3ccccc23)nc(O)n1,training,0
Cn1c2ccccc2c(=NNc2ccc(S(N)(=O)=O)cc2)c2ccccc21,training,0
[N-]=[N+]=Nc1ccc2c(c1)Sc1ccccc1N2CCCCN1CCN(Cc2ccc(C(=O)c3ccccc3)cc2)CC1,training,0
CC(=O)C1=C(c2ccccc2)N(C2OC(CO)C(O)C(O)C2O)C(S)=C(C#N)C1c1ccc(Cl)cc1,training,0
COCOc1c(C(O[Si](C)(C)C(C)(C)C)c2cnc(Sc3ccccc3)n2C)ccc(OC)c1OC,training,0
CC(=O)C1(Cc2cccc3ccccc23)S(=O)(=O)OCCOS1(=O)=O,training,0
COC(=O)C1(Cc2ccc3c(c2)CCC3)Cc2cc3c(cc2C1)CCC3,training,0
N#CC12CC=C(c3ccccc3)N=C1NC(c1ccccc1)=CC2,training,0
O=C1CSC(c2ccc([N+](=O)[O-])cc2)N1c1ccc(-c2ccc(-n3c(-c4ccccc4)nc4ccccc4c3=O)cc2)cc1,training,0
Cc1ccc(/N=N/c2ccc(O)c(CN(C)C)c2)cc1,training,0
Cc1ccc(S(=O)(=O)NN=C2CC[C@H](C(C)(C)C)C[C@@H]2C)cc1,training,0
CC(C)(C)COC(=O)C(C)(C)N=C(O)C(CC(=O)OCc1ccccc1)N=C(O)OCc1ccccc1,training,0
CC(O)=NCCC1CN(C(=O)/C=C/I)c2ccccc21,training,0
COC1OC(COC(=O)c2cc(O)c(O)c(O)c2)C(OC(=O)c2cc(O)c(O)c(O)c2)C(OC(=O)c2cc(O)c(O)c(O)c2)C1OC(=O)c1cc(O)c(O)c(O)c1,training,0
N=C1Nc2ccccc2Sc2nccn21,training,0
CCCCCCCCCCCCP(=O)(O)OCC(N)C(=O)O,training,0
O=C1OC(C2Cc3ccc4c(c3C2=O)CCCC4)c2ccccc21,training,0
CCOC(=O)CCC(N=C(O)C(Cc1ccccc1)N=C(O)OCc1ccccc1)C(=O)OCC,training,0
COC(=O)c1c(C)nc(C)c(N=O)c1-c1ccccc1C(F)(F)F,training,0
CCOP(=O)(OCC)OC1CC(n2cnc3c(N(CC)CC)ncnc32)OC1CO[Si](C)(C)C(C)(C)C,training,0
CC(C)Cc1cc2c(cc1O)CCC1C2CC[C@@]2(C)C1CC[C@@H]2O,training,0
COc1cc(/C=C/C=C2\CCC/C(=C\C=C\c3ccc(O)c(OC)c3)C2=O)ccc1O,training,0
CCSC(=O)/C=C1\CN(C(=O)OC(C)(C)C)C1C(=O)OC(C)(C)C,training,0
COc1ccc(C2c3cc4c(cc3OC(NNC(=N)O)C2C)OCO4)cc1,training,0
CC(=NN=C(S)N(C)CCN(C)C(S)=NN=C(C)c1ccccn1)c1ccccn1,training,0
COc1cccc(C2c3cc4c(cc3OC(N3CCOCC3)C2C)OCO4)c1O,training,0
Nc1cc(CO)cc(N=c2c3ccccc3[nH]c3ccccc23)c1,training,0
O=C(CCCN1CCC(OC(=O)C(O)(c2ccccc2)C2CCCC2)CC1)c1ccccc1,training,0
O=[N+]([O-])c1cc(/C=N/C23CC4CC(CC(C4)C2)C3)ccc1Cl,training,0
CN(CCO)CC(=O)CC(O)(C(F)(F)F)C(F)(F)F,training,0
N=C(O)[C@H](Cc1ccc(O)cc1)NC1=C(Cl)C(=O)c2c(O)ccc(O)c2C1=O,training,0
COC1(C)CP(=O)(OC(C)C)CC(C)=C1Cl,training,0
COc1ccc(C=CC(=NN=C(O)NN=C(C=Cc2ccc(OC)cc2)C(C)C)C(C)C)cc1,training,0
C=CC(Br)(CBr)CCC(Br)C(C)(C)Cl,training,0
COc1cc(/C=C2\Sc3scc(-c4cccc([N+](=O)[O-])c4)[n+]3C2=O)cc(OC)c1OC,training,0
O=C1C(Cl)=C(N2CCN(c3ccccn3)CC2)C(=O)c2c(O)ccc(O)c21,training,0
Cc1nn(C(=O)c2ccccc2O)c2c1C(c1ccc([N+](=O)[O-])cc1)SC(=N)N2,training,0
CCOC(=O)c1sc(NN=C2N=C(O)C(=Cc3ccc([N+](=O)[O-])cc3)S2)nc1C,training,0
O=C1Nc2ccccc2C1=NNc1nc(-c2cccc([N+](=O)[O-])c2)cs1,training,0
COC(=O)[C@]1(Cc2ccc3ccccc3c2)CCCCCCN1C(=O)c1ccccc1,training,0
O=c1cc(-c2cccnc2)[nH]c2cc3c(cc12)OCO3,training,0
O=C1C(c2ccc([N+](=O)[O-])cc2)=C(Cl)C(=O)c2c(O)cccc21,training,0
N#CC(NN=C(O)c1ccccc1O)c1c(O)ccc2ccccc12,training,0
OCc1ccc(-c2ccc(-c3ccc(CO)s3)o2)s1,training,0
COc1ccc(C(CC2OC(=O)c3ccccc32)=N[N-]C(=[O+])C[N+](C)(C)C)cc1,training,0
[N-]C[Si]1(C[N-])CCCC1,training,0
Cc1occc1C(=S)Nc1ccc(Cl)c(COC(C)(C)C)c1,training,0
CC(C)Cc1ccc(C(C)C=C2CCC(CN3CCOCC3)C2=O)cc1,training,0
COc1ccc(C=C2CCC(CN3CCOCC3)C2=O)cc1,training,0
CCCCCCCCC=C1CCC(CN2CCOCC2)C1=O,training,0
CCOC(=O)C(O)=NNc1nc2c(s1)C(=O)c1ccccc1C2=O,training,0
CC[C@@]1(O)C(=O)OCc2c1cc1n(c2=O)Cc2cc3cc4c(cc3nc2-1)OCO4,training,0
Cc1c(Cl)cccc1N=C(O)CC1Sc2ccccc2N=C1O,training,0
O=[N+]([O-])c1cc(C(F)(F)F)cc2n[se]nc12,training,0
CC(C)(C)c1nc2c(o1)/C(=N\c1ccc(F)cc1)c1ccccc1C2=O,training,0
C[N+](C)(C)CC1CCCC1=O,training,0
CCOC(=O)C(C#N)C1=CC(=O)C(=O)c2ccc(OC)cc21,training,0
O=C1OC(OCC(Br)=C(Br)COC2OC(=O)C(Cl)=C2Cl)C(Cl)=C1Cl,training,0
CN(C)CC1=Nc2cccc3cccc(c23)N1,training,0
COc1ccc(-c2coc3c4c(ccc3c2=O)OCO4)cc1OC,training,0
CN1CCN(CN2C(=O)C3C4C=CC(C3C2=O)C2C3C(=O)N(CN5CCN(C)CC5)C(=O)C3C42)CC1,training,0
COc1ccc(C(NCCNC(c2ccc(OC)c(OC)c2)c2cc3c(cc2O)OCO3)c2cc3c(cc2O)OCO3)cc1OC,training,0
CCn1c(-c2c(Cl)cc(O)cc2Cl)cc2c(Cl)cc(O)cc21,training,0
COc1ccc2c(c1)-c1nn(CCCN(C)C)c3ccc([N+](=O)[O-])c(c13)N2,training,0
COC(=O)[C@]1(C)CCC[C@]2(C)[C@@H]1CC[C@@]13C[C@@H]4[C@@H](C[C@H]12)[C@]4(C)C3,training,0
CC(=NN=C(S)N1CCN(c2ccccn2)CC1)c1nccs1,training,0
COc1cc(O)c2c(c1)C(O)C(O)CC1OC1C(=O)/C=C/CC(C)OC2=O,training,0
CC12CC3OC(=O)C1COC14OC5(C2C1=O)C(O)(CCC1C4CC2OC24CC=CC(=O)C14C)C(=O)OC35C,training,0
CCCCS(=N)(=O)CCC(N)C(=O)O,training,0
CCN(CC)c1ccc2nc3c4ccccc4c(=NC(=O)c4ccccc4-c4c5ccc(N(CC)CC)cc5[o+]c5cc(N(CC)CC)ccc45)cc-3oc2c1,training,0
O=C1C2=C(C(=O)c3c(O)ccc(O)c31)[C@@H](O)[C@@H](O)[C@@H](O)C2,training,0
O=C(OCC(F)([N+](=O)[O-])[N+](=O)[O-])OCC(F)([N+](=O)[O-])[N+](=O)[O-],training,0
O=C(O)c1c[nH]c2cc(OCc3ccccc3)ccc2c1=O,training,0
O=C1C(C2Sc3ccccc3N=C2O)SC(=S)N1Cc1ccccc1,training,0
CC1(C)CC2C=C(C=O)C3(C=O)CC3(C)C2C1,training,0
CC12OC1(C)C1C(=O)OCC1C2=O,training,0
C[C@]12CCC(=O)C[C@@H]1CC[C@@H]1[C@@H]2CC[C@]2(C)[C@@H](OC(=O)N(CCCl)N=O)CC[C@@H]12,training,0
CN=C(O)ON(C(C)=O)C(O)=NC,training,0
C=C(C)C12OC3(c4ccccc4)OC1C1C4OC4(CO)C(O)C4(O)C(=O)C(C)=CC4C1(O3)C(C)C2OC(=O)/C=C/C=C/c1ccccc1,training,0
Cn1c(CC(O)c2nc3ccccc3n2C)nc2ccccc21,training,0
C=C1C(=O)OC2CC1C(O)CC(C)=CCC/C(C)=C/C(O)CC2C,training,0
COc1cc(CC2c3cc(OC)c(OC)cc3CCN2C)c(Oc2cc3c(cc2OC)-c2c(O)c(OC)cc4c2C(C3)N(C)CC4)cc1OC,training,0
Oc1ccc(Br)cc1C=Nc1cccc(C(F)(F)F)c1,training,0
OC(=N/N=C/c1cc(Br)cc(Br)c1O)NN=Cc1cc(Br)cc(Br)c1O,training,0
CCC1CN2C(=N1)c1ccccc1-c1cc(Cl)ccc12,training,0
CCN(CC)CCCC(C)N=c1cc[nH]c(/C=C/c2ccc(Cl)cc2)c1,training,0
O=C(c1ccc([N+](=O)[O-])cc1)C(Br)C(Br)c1ccnc2ccccc12,training,0
O=C(/C=C/c1cccnc1)/C=C/c1cccnc1,training,0
Oc1cc(O)c2c(c1)OC(c1ccc(O)c(O)c1)C(OC1(c3cc(O)c(O)c(O)c3)Oc3cc(O)cc(O)c3C(O)C1O)C2,training,0
O=[N+]([O-])c1cc(Cc2cc([N+](=O)[O-])c3cccnc3c2O)c(O)c2ncccc12,training,0
CN(C)CC1CCCCCC(Br)C1=O,training,0
Cc1ccc(S(=O)(=O)Nc2ccccc2C=O)cc1,training,0
Cc1ccc(NC2=CC(=O)C(=O)c3ccccc32)c(C)c1,training,0
Nc1c2c(O)nc(=O)c2c(N)c2c(=O)c3ccccc3c(=O)c12,training,0
Cc1cc(Nc2ccc(/N=N/c3ccc(O)c4ncccc34)cc2)nc(C)n1,training,0
CC[C@H](C)c1occ2c(O)c(C(=O)O)c(=O)cc-2c1C,training,0
Oc1ccc(Cl)cc1C=Nc1cnc2ccccc2c1,training,0
Oc1ccc2ccccc2c1Cc1c(O)nc(S)nc1-c1ccccc1,training,0
COc1cc(O)c2c(c1O)C(=O)C1=C(COC(C)(O)C1)C2=O,training,0
O=C1C(Cl)=C(Nc2ccc3c[nH]nc3c2)C(=O)c2ccccc21,training,0
CCN(CC)CCNc1ccc(N=Nc2cnc3ccccc3c2)c2ccccc12,training,0
CC1OC(OC2C(O)CC(OC3C(O)CC(OC4CCC5(C)C(CCC6C5CCC5(C)C(C7=CC(=O)OC7)C(O)CC65O)C4)OC3C)OC2C)CC(O)C1O,training,0
O=C(O)C1CCC2C(=O)C3CCCCC3C3NCNC1C23,training,0
CC(=O)O[C@H]1CC[C@@]2(C)C(=CC[C@H]3[C@@H]4CC[C@H](c5cc(C(F)(F)F)n(C(C)=O)n5)[C@@]4(C)CC[C@@H]32)C1,training,0
COC1=C(Cl)C(=O)c2ncccc2C1=O,training,0
CC(O)=Nc1ccccc1C=C1c2ccccc2-c2ccccc21,training,0
CC1OC2CC(=O)OC2C2=C1C(=O)c1c(O)c3c(c(O)c1C2=O)C1CC(O)C3(O)C(C)O1,training,0
CC1(C)SC2C(C(=O)O)N=C(Cc3ccccc3)N2C1C(=O)O,training,0
COc1ccc(OC)c(-c2cc(=O)c3c(OC)c(OC)c(OC)c(OC)c3o2)c1,training,0
C[C@]12C(=O)OC(=O)[C@@]1(C)[C@@H]1CC[C@H]2O1,training,0
CN(C)CC/C=C1\c2ccccc2Sc2ccc(Cl)cc21,training,0
O=C(c1ccccc1)C1N=NCC1c1ccc([N+](=O)[O-])cc1,training,0
COc1ccc2c(c1)[C@@H](N=C(C)O)CCc1cc(OC)c(OC)c(OC)c1-2,training,0
CC(C)C1=C2CCC3(C)C(CCC4C5C6OCC5(CCC6(C)C)CCC43C)C2(C)CC1,training,0
Cc1cc(C(C)(C)C)cc(CNC2CCCCC2)c1O,training,0
O=C1C(Cl)=C(N2CCN(C3=C(Cl)C(=O)c4ccccc4C3=O)CC2)C(=O)c2ccccc21,training,0
O=C1C(CN2CCCCC2)CCCC1CN1CCCCC1,training,0
C[N+](C)(C)C1=NNC2=Nc3ccccc3SC2=C1,training,0
CCCCCCCCCCCCCC1=NC(C)(C)CN1C(C)C,training,0
CC1CCCN1CCCOC(=O)c1ccc(OC2C=CCCC2)cc1,training,0
O=C(O)C=C(CC(=O)O)C(=O)O,training,0
CCN(CC)CCNC(=O)C(Cl)=C1C(Cl)=C(Cl)C(Cl)=C1Cl,training,0
Oc1ccc2ccccc2c1Cc1c(O)ccc2ccccc12,training,0
O=[N+]([O-])c1ccc2nc(N/N=C/c3ccc(O)cc3)sc2c1,training,0
O=[N+]([O-])c1ccc(C(Nc2ccccc2)c2ccc3cccnc3c2O)cc1,training,0
CC1(C)C(N(O)C(=O)Nc2ccc(Cl)cc2)N(c2ccc(Cl)cc2)C(=O)N1CC(O)=N/N=C/C=C/c1ccc([N+](=O)[O-])o1,training,1
CCN(CC)CCCCNc1c2ccccc2[n+](C)c2c1[nH]c1ccccc12,training,1
C[n+]1c2ccccc2c(NC2CCNCC2)c2[nH]c3ccccc3c21,training,1
COc1ccc(C(O)=N/N=C/c2ccc(O)cc2O)cc1Nc1ccnc(C(F)(F)F)c1,training,1
CCCCCCCCCCn1cc[n+](C)c1,training,1
CCCCCCCCCCCCCC[P+](CCCCCC)(CCCCCC)CCCCCC,training,1
CC1(C)CC(OCCCC[P+](c2ccccc2)(c2ccccc2)c2ccccc2)CC(C)(C)N1O,training,1
COc1cc(/C=C/C(=O)N2CCN(C(=O)c3cc(OC)c(OC)c(OC)c3)CC2)ccc1OCCCOc1cc2c(cc1OC)C(=O)N1CCC[C@H]1C=N2,training,1
O=C1c2cccc(NCC/N=C/c3ccccc3O)c2C(=O)c2c(NCC/N=C/c3ccccc3O)cccc21,training,1
COC1=C(OC)C(=O)C(CCCCCCCCCC[P+](c2ccccc2)(c2ccccc2)c2ccccc2)=C(C)C1=O,training,1
COc1cc2c(cc1OCCCN1CCN(CCCOc3cc4c(cc3OC)C(=O)N3C[C@H](F)C[C@H]3C=N4)CC1)N=C[C@@H]1C[C@@H](F)CN1C2=O,training,1
COc1cc(/C=C/C(=O)c2c(C)nc3ccccc3c2C)ccc1OCCCOc1cc2c(cc1OC)C(=O)N1CCC[C@H]1C=N2,training,1
COc1cc2c(cc1OCCCCCn1c(-c3ccco3)nc3ccccc31)N=C[C@@H]1CCCN1C2=O,training,1
Cc1ccc(S(=O)(=O)N(CCOc2ccc(C(N)=NCl)cc2)CCOc2ccc(C(N)=NCl)cc2)cc1,training,1
CCCc1cc(=O)n2c(C(O)=Nc3ccccc3OC)c(C(=O)Nc3ccc(F)cc3)sc2n1,training,1
COc1cc2c(cc1OCCCCCN1CCN(c3ncnc4ccccc34)CC1)N=CC1CCCN1C2=O,training,1
CCC[n+]1cc2cc3c(cc2c2c1-c1cc4c(cc1C2)OCO4)OCO3,training,1
CN(CCCN)CCCN=c1[nH]c2ccccc2c2[nH]c3ccccc3c12,training,1
COc1cc2c(cc1OCCCN1CCN(c3cc(=O)oc4c(C)c(OC)ccc34)CC1)N=C[C@@H]1CCCN1C2=O,training,1
COc1cc2c3c(n(CCCNCCCNCCCn4c5c(c6cc(OC)c(OC)cc6c4=O)C(=O)c4ccccc4-5)c(=O)c2cc1OC)-c1ccccc1C3=O,training,1
COc1cc2c3c(n(CCNCCCNCCn4c5c(c6cc(OC)c(OC)cc6c4=O)C(=O)c4ccccc4-5)c(=O)c2cc1OC)-c1ccccc1C3=O,training,1
N=C(N)N/N=C/c1c(-c2ccc(Cl)c([N+](=O)[O-])c2)nc2ccccn12,training,1
COc1cc([N+](=O)[O-])c(OC)cc1-c1nc2sc(Cl)cn2c1/C=N/NC1=NCCN1,training,1
COC1C(CO)OC(n2c3ccccc3c3c4c(c5c6ccccc6[nH]c5c32)C(O)=NC4=O)C(O)C1OC(=O)C(N)CCCCN,training,1
COc1cc2c(cc1OCCCCCN1CCN(CCCCCOc3cc4c(cc3OC)C(=O)C3CCC[C@H]3C=N4)CC1)N=C[C@@H]1CCCC1C2=O,training,1
CCCCN=C(N)c1ccc(N2CCCN(c3ccc(C(N)=NCCCC)cc3)CC2)cc1,training,1
NC(=NCc1ccccc1)c1ccc(N2CCN(c3ccc(C(N)=NCc4ccccc4)cc3)CC2)cc1,training,1
COc1c(C)c(OC)c2c(c1O)[C@@H]1[C@@H]3Cc4c(OC)c(C)c(OC)c(O)c4[C@H](CN=C(O)c4cnc5ccccc5n4)N3[C@@H](C#N)[C@H](C2)N1C,training,1
Cn1c2c(c3c(C=C4C=CC(=[N+](C)C)C=C4)c4ccccc4n31)CCCC2,training,1
c1cc(-c2ccc(-c3nc4ccc(C5=NCCN5)cc4s3)s2)ccc1C1=NCCN1,training,1
COc1cc2c(cc1OCCCCCOc1cc3c(cc1OC)C(=O)N1CCC[C@H]1C(O)=N3)N=C[C@@H]1CCCN1C2=O,training,1
CN(CCNC(=O)c1n[nH]c2c1ccc1ccccc12)CCNC(=O)c1n[nH]c2c1ccc1ccccc12,training,1
COc1ccc(-c2cn3c(n2)sc2cc(C)ccc23)cc1,training,1
CCCCCCCCCCCCCCCC[n+]1ccn(Cc2ccccc2)c1C,training,1
COc1ccc(OC)c(C2CCc3nc4nc(=N)[nH]c(N)c4cc3C2)c1,training,1
Cc1cc2c3c([n+](C)c4ccc(F)cc4c3c1)-c1cc(F)ccc1N2C,training,1
CC(O)=Nc1ccc2c3c(cc(O)c2c1)N(C(=O)CCCCCCC(=O)N1CC(CCl)c2c1cc(O)c1cc(N=C(C)O)ccc21)CC3CCl,training,1
CC(O)=Nc1ccc2c3c(cc(O)c2c1)N(C(=O)CCCCCC(=O)N1CC(CCl)c2c1cc(O)c1cc(N=C(C)O)ccc21)CC3CCl,training,1
CC(O)=Nc1ccc2c3c(cc(O)c2c1)N(C(=O)CCCCC(=O)N1CC(CCl)c2c1cc(O)c1cc(N=C(C)O)ccc21)CC3CCl,training,1
CC(O)=Nc1ccc2c3c(cc(O)c2c1)N(C(=O)CCCC(=O)N1CC(CCl)c2c1cc(O)c1cc(N=C(C)O)ccc21)CC3CCl,training,1
CC(O)=Nc1ccc2c3c(cc(O)c2c1)N(C(=O)CCCCCCC(O)=Nc1ccc2c4c(cc(O)c2c1)N(C(=O)OC(C)(C)C)CC4CCl)CC3CCl,training,1
CC(O)=Nc1ccc2c3c(cc(O)c2c1)N(C(=O)CCCCCC(O)=Nc1ccc2c4c(cc(O)c2c1)N(C(=O)OC(C)(C)C)CC4CCl)CC3CCl,training,1
CC(O)=Nc1ccc2c3c(cc(O)c2c1)N(C(=O)CCCC(O)=Nc1ccc2c4c(cc(O)c2c1)N(C(=O)OC(C)(C)C)CC4CCl)CC3CCl,training,1
CC1CNC(c2ccc(-c3nc(-c4ccc(C5=NC(C)CN5)cc4)nc(N(C)C)n3)cc2)=N1,training,1
CC1CN=C(c2cccc(-c3nc(-c4cccc(C5=NCC(C)N5)c4)nc(N(C)C)n3)c2)N1,training,1
COc1ccc2c(c1)Cc1c(NCCN(C)C)ccc(C(O)=NCCCN(C)CCCN=C(O)c3ccc(NCCN(C)C)c4c3Nc3ccc(OC)cc3C4)c1N2,training,1
N=C(N)N/N=C/c1c(-c2ccc([N+](=O)[O-])cc2)nc2n1CCS2,training,1
c1ccc(CN2CCN3CCN(CC2)CCN(Cc2ccccc2)CC3)cc1,training,1
CC(O)CC(=O)CO[C@H]1[C@H](O)[C@@H](O)[C@@H](O)[C@@H]2N=C(O)c3c(cc4c(c3O)OCO4)[C@H]21,training,1
c1ccc([P+](CCC[P+](c2ccccc2)c2ccccc2)c2ccccc2)cc1,training,1
Cn1c(/C=C/c2ccccc2)cc2c(C=C3C=CC(=[N+](C)C)C=C3)c3ccccc3n21,training,1
C=C1C[C@@H]2CC[C@@]34C[C@@H]5O[C@H]6[C@@H](O3)[C@H]3O[C@H](CC[C@@H]3O[C@H]6[C@H]5O4)CC(=O)C[C@H]3[C@H](C[C@H]4OC(CC[C@@H]1O2)C[C@@H](C)C4=C)O[C@H](C[C@H](O)CN)[C@@H]3OC,training,1
COc1cc2c3c(c1)c1cc(OC)c(OC)cc1c[n+]3CC2,training,1
CN1CCN(c2ccc3nc(C4=C(O)C(=O)c5c(nc(CCl)n5C)C4=O)[nH]c3n2)CC1,training,1
O=C1c2cccc3cccc(c23)C(=O)N1CCCNCCCCNCCCNCCCN1C(=O)c2cccc3cccc(c23)C1=O,training,1
O=C1c2cccc3cccc(c23)C(=O)N1CCCNCCCCNCCCN1C(=O)c2cccc3cccc(c23)C1=O,training,1
CS(=O)(=O)Nc1ccc(N=c2cc[nH]c3ccc4[nH]ccc4c23)cc1,training,1
COc1cc(/C=C/C(=O)CC(=O)/C=C/c2cc(OC)c(O)c(OC)c2)cc(OC)c1O,training,1
CCC[n+]1cc2cc(OC)c(OC)cc2c2c1-c1cc3c(cc1C2)OCO3,training,1
CCN(CC)CCCN=c1[nH]ncc2cc3c([nH]c4ccc(OC)cc43)c(C)c12,training,1
COc1cc2c(c3nc4ccccc4nc13)-c1ccc(SC)c(=O)cc1[C@@H](N=C(C)O)CC2,training,1
CN(C)c1ccc(C=CC=C2c3ccccc3-[n+]3c2cc(-c2ccccc2)n3C)cc1,training,1
C[O+]=C1C=C(N(C)C)C=CC1=Cc1c2ccccc2n2c1cc(-c1ccccc1)n2C,training,1
CC1(C)OC(CP(c2ccccc2)c2ccccc2)C(CP(c2ccccc2)c2ccccc2)O1,training,1
NCCCN1CCN(CCCNc2ccc3ncn4c5ccccc5c(=O)c2c34)CC1,training,1
CCCCCCCCC[n+]1cccc(C2C(C(=O)OCC)=C(C)[N-]C(C)=C2C(=[O+])OCC)c1,training,1
CC(O)=Nc1cc(C(=O)Nc2cc(C(=O)N3CC(CCl)c4c3cc(N)c3ccccc43)nn2C)nn1C,training,1
Cn1c2ccccc2n2c3ccccc3c(=NCCCn3ccnc3)c(C#[N+])c12,training,1
Cn1c2ccccc2n2c3ccccc3c(=NCCCN3CCOCC3)c(C#[N+])c12,training,1
O=S(=O)(c1ccc(NC2=NC(c3ccc(O)cc3)(c3ccccc3O)c3ccccc32)cc1)c1ccc(NC2=NC(c3ccc(O)cc3)(c3ccccc3O)c3ccccc32)cc1,training,1
CN(C)c1ccc(C=Cc2cc(-c3ccccc3)[n+](C)n2-c2ccccc2)cc1,training,1
CCCC(O)=Nc1cc(/C=C/C(=O)N2CC(CCl)c3c2cc(OC(C)=O)c2[nH]cc(C)c32)n(C)c1,training,1
OC(=NCCN(CCN=C(O)c1cccc(O)c1O)CCN=C(O)c1cccc(O)c1O)c1cccc(O)c1O,training,1
CCCC(O)=Nc1cc(C(=O)N2C[C@@H]3C[C@]34C2=CC(=O)c2[nH]cc(C)c24)n(COC)c1,training,1
CCCC(O)=Nc1cc(/C=C/C(=O)N2C[C@@H]3C[C@]34C2=CC(=O)c2[nH]cc(C)c24)n(C)c1,training,1
Cc1cccc(CP(Cc2cccc(C)c2)CC2(CP3C4CCCCC4C4CCCCC43)COC2)c1,training,1
COc1ccc2[nH]c3cc(Cl)ccc3c(=NCCN=C(O)Cn3c(=O)n(C)c(=O)c4c3nc3c(c(=O)n(C)c(=O)n3C)[n+]4[O-])c2c1,training,1
C[C@H](CCC1=NCCN1)[C@H]1CC[C@H]2[C@@H]3CC[C@@H]4C[C@H](O)CC[C@]4(C)[C@H]3C[C@H](O)[C@@]21C,training,1
CC12NC(=C(C#N)C#N)C(C#N)=C3NC(N)=C(C#N)C(=C31)Oc1ccccc12,training,1
OCC(O)C(O)C(O)C(O)/C=N\NC1=N/C(=C\c2ccc(Cl)cc2)C(O)=N1,training,1
C[N+]12C=CC=C1C(N1CCCC1)c1scc(-c3ccc(Br)cc3)c12,training,1
Cc1c2c(c(C)c3c1=CN(C)C=C3)=[O+]c1ccccc1O2,training,1
COC[C@H]1C(O)=NCC(=O)N2N=CCC[C@H]2C(=O)N(O)[C@H](C)C(=O)O[C@@H](C(C)C)[C@H](N=C(O)[C@@](C)(O)[C@]2(O)CC[C@@H](CC(C)C)[C@H](C)O2)C(=O)N2NCCC[C@@H]2C(=O)N1O,training,1
Cc1cc(=NCCCCCCCCCCn2c(C)cc(=[N+])c3ccccc32)c2ccccc2[nH]1,training,1
Cc1cc(=[N+]Cc2ccccc2)c2ccccc2n1CCCCCCCCCCn1c(C)cc(=[N+]Cc2ccccc2)c2ccccc21,training,1
OB(O)[C@H](Cc1ccccc1)N=C(O)[C@H](Cc1cccc2ccccc12)N=C(O)N1CCOCC1,training,1
CC(C)C[C@H](N=C(O)[C@H](Cc1cccc2ccccc12)NS(=O)(=O)c1cccc2cccnc12)B(O)O,training,1
CC(C)C[C@H](N=C(O)[C@H](Cc1cccc2ccccc12)N=C(O)N1CCOCC1)B(O)O,training,1
CN(C)CCN=C(O)c1cccc2nc3c(C(O)=NCCN(C)C)cccc3nc12,training,1
CC[P+](C#Cc1ccccc1)(c1ccccc1)c1ccccc1,training,1
BrC1(c2ccccc2)C[n+]2c(-c3ccccc3)cc(-c3ccccc3)cc2-c2ccccc21,training,1
C=C1C(C(O)C[C@H](C)C2O[C@@]3(CCCCO3)CCC2C)O[C@@H]2CCC3(CCC(/C=C/[C@@H](C)C4CC(C)=CC5(O4)O[C@H](C[C@](C)(O)C(=O)O)CCC5O)O3)OC2[C@@H]1O,training,1
CCN(CCCl)c1cc(CN(C)C)cc(N=C(O)c2cc(C(=O)Nc3cc(CN(C)C)cc(N(CC)CCCl)c3)n(C)n2)c1,training,1
CCN(CCCl)c1cc(CN(C)C)cc(N=C(O)C23CCC(C(O)=Nc4cc(CN(C)C)cc(N(CC)CCCl)c4)(CC2)CC3)c1,training,1
O=c1c2c[c-](-[n+]3c(-c4ccccc4)cc(-c4ccccc4)cc3-c3ccccc3)cc1CO[C@@H](c1ccccc1)[C@H](c1ccccc1)OCC1=[N+]C(=CC=C1)CO[C@@H](c1ccccc1)[C@H](c1ccccc1)OC2,training,1
OC(=NCCCNCCCCNCCCN=C(O)c1cc(-c2ccccc2)nc2ccccc12)c1cc(-c2ccccc2)nc2ccccc12,training,1
CC(=O)O[C@H]1C(=O)[C@]2(C)[C@@H](O)C[C@H]3OC[C@@]3(OC(C)=O)[C@H]2[C@H](OC(=O)c2ccco2)[C@]2(O)C[C@H](OC(=O)[C@H](O)[C@@H](N=C(O)c3ccccc3)c3ccccc3)C(C)=C1C2(C)C,training,1
CC(=O)O[C@H]1C(=O)[C@]2(C)[C@@H](O)C[C@H]3OC[C@@]3(OC(C)=O)[C@H]2[C@H](OC(=O)c2ccoc2)[C@]2(O)C[C@H](OC(=O)[C@H](O)[C@@H](N=C(O)c3ccccc3)c3ccccc3)C(C)=C1C2(C)C,training,1
CCCCCCCCCCCCCCCC[N+](C)(C)CCl,training,1
c1ccc(COc2ccc(C[P+](c3ccccc3)(c3ccccc3)c3ccccc3)cc2)cc1,training,1
CC(=O)O[C@H]1C(=O)[C@]2(C)[C@@H](O)C[C@H]3OC[C@@]3(OC(C)=O)[C@H]2[C@H](OC(=O)C2CCCCC2)[C@]2(O)C[C@H](OC(=O)[C@H](O)[C@@H](N=C(O)OC(C)(C)C)c3ccccc3)C(C)=C1C2(C)C,training,1
c1ccc([P+](CCCCCCCC[P+](c2ccccc2)(c2ccccc2)c2ccccc2)(c2ccccc2)c2ccccc2)cc1,training,1
CCC1(O)CC(OC2CC(N(C)C)C(OC3CC(O)C(OC4OC(C)C(=O)C=C4N)C(C)O3)C(C)O2)c2c(cc3c(c2O)C(=O)c2c(O)cccc2C3=O)C1C(=O)OC,training,1
CC(C)(C)[Si](C)(C)OCC1OC(n2cnc3c(O)nc(=N)[nH]c32)C(O[Si](C)(C)C(C)(C)C)C1O[Si](C)(C)C(C)(C)C,training,1
CC(=O)O[C@H]1C(=O)[C@]2(C)[C@@H](O)C[C@H]3OC[C@@]3(OC(C)=O)[C@H]2[C@H](OC(=O)c2ccccc2)[C@]2(O)C[C@H](OC(=O)[C@H](O)[C@@H](N=C(O)c3ccoc3)c3ccccc3)C(C)=C1C2(C)C,training,1
COc1cc([C@@H]2c3[nH]c4ccccc4c3C(Nc3ccc([N+](=O)[O-])cc3)[C@H]3COC(=O)N32)cc(OC)c1O,training,1
O=[N+]([O-])c1cccc2[nH]c3ccccc3c(=NCCC[N+]3([O-])CCCCC3)c12,training,1
CC(=O)O[C@H]1C(=O)[C@]2(C)[C@@H](O)C[C@H]3OC[C@@]3(OC(C)=O)[C@H]2[C@H](OC(=O)c2ccccc2)[C@]2(O)CC(OC(=O)[C@H](O)[C@@H](N=C(O)C(C)(O)C(C)O)c3ccccc3)C(C)=C1C2(C)C,training,1
c1ccc2c(c1)N=c1ccccc1=P21c2ccccc2Nc2ccccc21,training,1
c1ccc2c(c1)Nc1ccccc1[P+]21c2ccccc2Nc2ccccc21,training,1
Cc1nc2c(Br)cc(Br)cc2c(=O)n1-c1ccccc1NC1OCC(O)C(O)C1O,training,1
CC(=O)O[C@H]1C(=O)[C@]2(C)[C@@H](O)C[C@H]3OC[C@@]3(OC(C)=O)[C@H]2C(OC(=O)c2ccccc2)[C@]2(O)C[C@H](OC(=O)C(O)[C@@H](N=C(O)CC(C)(C)C)c3ccccc3)C(C)=C1C2(C)C,training,1
CC(=O)O[C@H]1C(=O)[C@]2(C)[C@@H](O)C[C@H]3OC[C@@]3(OC(C)=O)[C@H]2C(OC(=O)c2ccccc2)[C@]2(O)CC(OC(=O)C(O)[C@@H](N=C(O)C(C)(C)C)c3ccccc3)C(C)=C1C2(C)C,training,1
COc1ccc([C@H](N=C(O)c2ccccc2)[C@@H](O)C(=O)O[C@H]2C[C@@]3(O)C(OC(=O)c4ccccc4)C4[C@](C)(C(=O)[C@H](OC(C)=O)C(=C2C)C3(C)C)[C@@H](O)C[C@H]2OC[C@@]42OC(C)=O)cc1,training,1
CCCCCCCCCCC[N+]1(Cc2ccccc2)CC2CCN(Cc3ccccc3)CC2C1,training,1
C=C(C)[C@@]12CC(OC(=O)C(O)[C@@H](N=C(O)c3ccccc3)c3ccccc3)C(C)=C1[C@@H](OC(C)=O)C(=O)[C@@]1(C)C(C2OC(=O)c2cc(F)cc(F)c2)[C@]2(OC(C)=O)CO[C@@H]2C[C@@H]1O,training,1
CCCCCCCCCCCCCC/C(=C/OCC[N+](C)(C)C)OC(C)=O,training,1
Cn1cnc(SC2=CC(=O)C=C3SC4C[C@@]23C2=C(N4)C(=O)c3[nH]cc4c3C2=NCC4)c1CC(N)C(=O)O,training,1
CC(=O)O[C@@]12CO[C@@H]1CC(O)[C@@]1(C)C(=O)[C@H](O)C3=C(C)C(O)C[C@@](O)(C(OC(=O)c4ccccc4)C12)C3(C)C,training,1
CC(=O)O[C@@]12CO[C@@H]1CC(O)[C@@]1(C)C(=O)[C@H](O)C3=C(C)C(OC(=O)[C@H](O)[C@@H](N=C(O)c4ccccc4)c4ccccc4)C[C@@](O)(C(OC(=O)c4ccccc4)C12)C3(C)C,training,1
CCCCCCCCCCCCCCCCCCN=C(O)OCC(CNS(=O)(=O)CCC[n+]1cccc2ccccc21)COC,training,1
CCN(CC)CCN1C(=O)c2c(c3c4cccc(Cl)c4n(C4OC(CO)C(OC)C(O)C4O)c3c3[nH]c4c(Cl)cccc4c23)C1=O,training,1
COc1cccc2c1C(=O)c1c(O)c3c(c(O)c1C2=O)C[C@@](O)(C(=O)CO)CC3OC1CC(N)C(OC2CCCCO2)C(C)O1,training,1
CCCCCCCCCCCCC(=O)OC(c1cnco1)c1nc(C(O)CC(O)C(O)C(C)O)co1,training,1
CC(=O)O[C@H]1C(=O)[C@@]2(C)C(C(OC(=O)c3ccccc3)[C@]3(O)C[C@H](OC(=O)C(O)[C@@H](NC(=O)c4ccc(Cl)cc4)c4ccccc4)C(C)=C1C3(C)C)[C@]1(OC(C)=O)CO[C@@H]1C[C@@H]2O,training,1
c1ccc(-c2ccnc3c2ccc2c(-c4ccccc4)ccnc23)cc1,training,1
COc1ccc2c[n+](C)c3c4cc(OC)c(OC)cc4ccc3c2c1,training,1
Cc1c[nH]c(=NCCCN(C)C)c2c1[nH]c1ccc3cc(O)ccc3c12,training,1
Cc1ccc2oc(=O)c3c(O)c4cccc(OC5OC(C)C6O[C@@H](c7ccccc7)OC6C5OC5OC(C)C(O)C(O)C5O)c4c4oc(=O)c1c2c34,training,1
COCC(C#N)NC1CC(OC2CC(O)(C(=O)CO)Cc3c(O)c4c(c(O)c32)C(=O)c2c(OC)cccc2C4=O)OC(C)C1O,training,1
Cc1c2ccn(C)cc2c(C)c2c1[o+]c1ccccc12,training,1
COc1ccc2[nH]c3c(C)c4c(c(C)c3c2c1)CN(C)C=C4,training,1
CCN(CC)c1ccc(C=C2C[N+](C)(C)CC(=Cc3ccc(N(CC)CC)cc3)C2=O)cc1,training,1
C/C=C1\N=C(O)[C@H]2CSSCC/C=C/[C@H](CC(O)=N[C@H](C(C)C)C(O)=N2)OC(=O)[C@H](C(C)C)N=C1O,training,1
CCCCCCCCCCCCCCCCCCOCC(COCCOCC[N+]1(CCCCCC(=O)O)CCCC1)Oc1ncccn1,training,1
COc1ccc(-c2cc(-c3ccccc3)[n+](-c3ccc(C)cc3)c(-c3ccccc3)c2)cc1,training,1
c1ccc([As+](c2ccccc2)(c2ccccc2)c2ccccc2)cc1,training,1
CNC1C(=O)C(C)C(O)(C(CC(C)C(O)/C=C/C=C/CN=C(O)C(C)(C)C(O)C(C)=CC=C/C=C/Cc2cnc(C)o2)OC)C12C(=O)OC2COC,training,1
C1=CN2C=C3CCCCC3=CC2c2[nH]c3ccccc3c21,training,1
CN(C)CCCNc1c2c(=O)n(C)c(=O)nc-2n(C)c2ccccc12,training,1
CCc1[nH]c(=N)[nH]c(=N)c1-c1ccc(N2CCNCC2)c([N+](=O)[O-])c1,training,1
CC1(C)NC(=N)NC(=N)N1c1cccc(CSc2ccccc2)c1,training,1
C=C1C(O)C2(O)OCC34C(CC5C(C)=CC(=O)C(O)C5(C)C23)OC(=O)C(OC(=O)C/C=C(\C)CCCCC)C14,training,1
N=C(N)c1ccc(N=Nc2c(O)ccc3c2[nH]c2ccccc23)cc1,training,1
COc1cc(C(O)=NC2CCc3cc(OC)c(OC)c(OC)c3-c3ccc(OC)c(=O)cc32)cc(OC)c1OC,training,1
CCOc1cc2c(OCc3ccccc3)cc3c4cc(OC)c(OC)cc4c[n+](C)c3c2cc1OC,training,1
C(=NNC1=NCCN1)c1c2ccccc2c(C=NNC2=NCCN2)c2ccccc12,training,1
COC1CC(C)C(OC)c2cc(O)cc(c2O)N=C(O)/C(C)=C/C=C\C(C)C(OC(=N)O)/C(C)=C\C(C)C1OC,training,1
CC(=O)OC1C(O)C(C)OC(OC2C(OC(=O)C3CCC4C(C3)OC3(CC(OC(=O)C=Cc5ccccc5)C(C)CO3)C43CO3)OC(C)C(O)C2OC(C)=O)C1O,training,1
CC1CCOC(=O)/C=C/C=C/C(=O)OC2CC3OC4C5OC5(C)C(O)CC4(COC(=O)C1O)C2(C)C31CO1,training,1
CC(O)C1/C=C/C=C/C(=O)OC2CC3OC4C5OC5(C)C(O)CC4(COC(=O)C(O)C(C)CCO1)C2(C)C31CO1,training,1
C[C@H](N)C(O)=N[C@@H]1[C@H]2C(=C(O)C[C@@H](O)[C@@H]2O)C(=O)O[C@]1(C)C(Cl)Cl,training,1
Cc1c2c(c(C)c3c1=CN(CCN1CCCCC1)C=C3)=[N+]c1ccc(O)cc1-2,training,1
CC(=O)N(C)c1ccc(N=c2cc(C)[nH]c3ccc4nc[nH]c4c23)cc1,training,1
C/C=C(\C)C(=O)OC1C(C)=C2C(C1OC(=O)CCCC)C(C)(OC(C)=O)CC(OC(=O)CCCC)C1(O)C2OC(=O)C1(C)O,training,1
C/C=C(\C)c1cc(=O)c2c(C)cc3c(c2o1)C(=O)c1c(O)c(C2CC(C)(N(C)C)C(O)C(C)O2)cc(C2CC(N(C)C)C(O)C(C)O2)c1C3=O,training,1
CC(C)=CC(=O)OC1C2C(C)=CC(=O)C(O)C2(C)C2C3(O)OCC24C(CC(=O)OC14)C(C)C3O,training,1
c1ccc([P+](CCN2Cc3ccccc3C2)(c2ccccc2)c2ccccc2)cc1,training,1
CN(C)c1ccc(C(=C2C=CC(=[N+](C)C)C=C2)c2ccc(N(C)C)cc2)cc1,training,1
C[C@H](O)[C@H]1/C=C/C=C\C(=O)O[C@@H]2C[C@H]3O[C@@H]4[C@@H]5O[C@]5(C)CCC4(COC(=O)[C@H]4O[C@]4(C)[C@@H](O)CO1)[C@]2(C)[C@]31CO1,training,1
CC1=C[C@H]2O[C@@H]3C[C@H]4OC(=O)/C=C\C=C\[C@H]([C@@H](C)O)OC[C@H](O)[C@@]5(C)O[C@@H]5C(=O)OC[C@@]2(C[C@H]1O)[C@]4(C)C31CO1,training,1
CCn1c2cc(=N)ccc-2c2ccc([N+])cc2c1-c1ccccc1,training,1
COc1ccc2c(=NCCCCCCCCN=c3c4ccccc4[nH]c4cc(OC)ccc34)c3ccccc3[nH]c2c1,training,1
CC(=O)OC12COC1CC(O)C1(C)C(=O)C(O)C3=C(C)C(O)CC(O)(C(OC(=O)c4ccccc4)C21)C3(C)C,training,1
CC1CC[P+](c2ccccc2)(c2ccccc2)c2c1ccc1ccccc21,training,1
COc1ccc(CC2C(O)=NC(C)C(=O)N(C)C3C(=O)N(C)C(Cc4ccc(O)c(c4)Oc4ccc(cc4)C3O)C(O)=NC(C)C(O)=NC(C)C(=O)N2C)cc1,training,1
CCCCCCCCCCCC[N+]1(CCCCCCCCCCCC)CCCC(C)C1,training,1
CN1C(=CC=CC=[N+]2CCCCC2)Sc2ccccc21,training,1
COc1ccc2cc3[n+](cc2c1OC)CCc1cc2c(cc1-3)OCO2,training,1
Cc1c2cccc(Sc3ccccc3)c2c2c3c(cccc13)[S+](c1ccccc1)C2,training,1
COc1ccc2c(c1)c1c(C)c3cn(C)ccc3c(C)c1[n+]2C,training,1
COc1cc2c[n+](C)c3c4cc5c(cc4ccc3c2cc1OC)OCO5,training,1
COc1cc2c(cc1OC)C(OC)N(C)c1c-2ccc2cc3c(cc12)OCO3,training,1
CN(C)C(=O)c1cccc(COc2ccc(N3C(=N)NC(=N)NC3(C)C)cc2Cl)c1,training,1
CCCCCCCCCC1CC(O)=NCC(O)=NC(C(C)C)C(O)=NC(CC(C)C)C(O)=NC(C)C(O)=NC(C(C)C)C(=O)O1,training,1
Cc1cccc(N=C(O)CCc2ccc(N3C(=N)NC(=N)NC3(C)C)cc2)c1,training,1
CC1(C)NC(=N)NC(=N)N1c1ccc(CCCCCCc2ccc(S(=O)(=O)F)cc2)cc1,training,1
CC1(C)NC(=N)NC(=N)N1c1ccc(OCC(O)=Nc2ccccc2)c(Cl)c1,training,1
CC[C@H]1CN2CCc3cc(OC)c(OC)cc3[C@@H]2C[C@@H]1C[C@H]1NCCc2c1[nH]c1ccc(O)cc21,training,1
Cc1cc(NC(O)=NCc2ccc(N3C(=N)NC(=N)NC3(C)C)cc2)ccc1S(=O)(=O)F,training,1
N=c1[nH]c(N)c(N=Nc2ccc([As](=O)(O)O)c(O)c2)c(=N)[nH]1,training,1
Cc1cc(NC(=O)CCc2ccc(N3C(=N)NC(=N)NC3(C)C)cc2)ccc1S(=O)(=O)F,training,1
Cc1cc2c3ccccc3ccc2[n+]2ccccc12,training,1
COc1cc(Cc2nccc3cc(OC)c(OC)cc23)c(C(C)=O)cc1OC,training,1
CCN1C(=Cc2ccc3ccccc3[n+]2CC)C=Cc2ccccc21,training,1
Cc1c2cc(Cl)c3ccccc3c2c[n+]2ccccc12,training,1
CC[C@]12CN3CCc4c([nH]c5ccccc45)[C@@](C(=O)OC)(c4cc5c(cc4OC)N(C)[C@H]4[C@@](O)(C(=O)OC)[C@H](OC(C)=O)[C@]6(CC)C=CCN7CC[C@]54[C@@H]76)C[C@@H](C3)[C@H]1O2,training,1
CC1(C)NC(=N)NC(=N)N1CCCCc1ccccc1,training,1
CCOc1ccc2c(c1)C=CC(=CC=C1C=C(C)C3=CC=C[N+]=C3C1=O)N2C,training,1
CC(C)n1c2c([n+](C)c1C=Cc1ccccc1)C(=O)c1ccccc1C2=O,training,1
Cc1n(CC(C)C)c2c([n+]1C)C(=O)c1ccccc1C2=O,training,1
Cc1n(Cc2ccccc2)c2c([n+]1C)C(=O)c1ccccc1C2=O,training,1
COC(=O)[C@@H]1c2cc3c(c(O)c2[C@@H](OC2OC(C)C(OC)C(C)(OC)C2OC)C[C@]1(C)O)C(=O)c1c(O)cc2c(c1C3=O)O[C@H]1O[C@]2(C)[C@H](O)[C@@H](N(C)C)[C@@H]1O,training,1
CCCCCCCCCCCCn1c(C)cc(=[N+])c2ccccc21,training,1
CCCCNP1(NCCCC)=NP(NCCCC)(NCCCC)=NP(NCCCC)(NCCCC)=NP(NCCCC)(NCCCC)=N1,training,1
CC(SC(C)C(O)=NN=Cc1cccc(Cl)c1)C(O)=NN=Cc1cccc(Cl)c1,training,1
CCCCCCN=c1nc2[nH]c(=NCCCCCC)[nH]c(NCCCCCC)c-2[nH]1,training,1
CC[C@H]1CN2CCc3cc(OC)c(OC)cc3[C@@H]2C[C@@H]1C[C@H]1NCCc2cc(OC)c(OC)cc21,training,1
C[n+]1c(-c2ccccc2)c2cc(N)ccc2c2ccccc21,training,1
CCN(CC)CCC(CN=c1c2ccc([N+](=O)[O-])cc2[nH]c2cc(OC)c(OC)cc12)c1ccccc1,training,1
CCN1C=CC(=CC=Cc2cc[n+](CC)c3ccccc23)c2ccccc21,training,1
Cc1cc(N)c2cc(N=C(O)C=Cc3ccccc3Cl)ccc2n1,training,1
CCCCCn1c(C)cc(C=Cc2ccc3cc(C)ccc3[n+]2C)c1C,training,1
C[n+]1c(C=Cc2ccc(Cl)cc2)ccc2ccccc21,training,1
CN(C)c1ccc(C=Cc2cccc[n+]2C)cc1,training,1
CCCCCCCCCCCC[n+]1ccccc1,training,1
CN1C=CC(=CC=C2C=CC(=[N+](C)C)C=C2)c2ccccc21,training,1
c1ccc([P+](c2ccccc2)(c2ccccc2)c2ccccc2)cc1,training,1
O=S1OC[C@@H]2[C@H](CO1)[C@]1(Cl)C(Cl)=C(Cl)[C@@]2(Cl)C1(Cl)Cl,training,1
CN1CC=CCC1,training,1
Cc1coc2ccccc2c1=O,training,1
N=C(N)Nc1nc(CSCCC(=N)NS(N)(=O)=O)cs1,training,1
COC(=O)[C@@H](N)CSC/C=C(\C)CC/C=C(\C)CCC=C(C)C,training,1
CCC1(c2ccccc2)C(O)=NC(=O)N=C1O,training,1
Cc1nc2n(c(=O)c1CCN1CCC(c3noc4cc(F)ccc34)CC1)CCCC2,training,1
CC1(C)S[C@@H]2[C@@H](N=C(O)[C@H](N)c3ccc(O)cc3)C(=O)N2[C@H]1C(=O)O,training,1
C(=N/NC1=NCCN1)\c1c2ccccc2c(/C=N/NC2=NCCN2)c2ccccc12,training,1
c1ccc2c(c1)Nc1ccccc1O2,training,1
COc1ccc(Cl)cc1C(O)=NCCc1ccc(S(=O)(=O)NC(O)=NC2CCCCC2)cc1,training,1
CN1CCC[C@@H]1Cc1c[nH]c2ccc(CCS(=O)(=O)c3ccccc3)cc12,training,1
COc1cccc2c1C(=O)c1c(O)c3c(c(O)c1C2=O)C[C@](O)(C(=O)CO)C[C@@H]3O,training,1
CC(O)=N[C@@H](CC(C)C)C(O)=N[C@@H](CC(C)C)C(O)=N[C@H](C=O)CCCNC(=N)N,training,1
CCCCc1oc2ccccc2c1C(=O)c1cc(I)c(OCCN(CC)CC)c(I)c1,training,1
COc1cc(Cc2c[nH]c(=N)[nH]c2=N)cc(OC)c1OC,training,1
Cn1cc(C(=O)[C@H]2CCc3nc[nH]c3C2)c2ccccc21,training,1
CN1C(=O)CN=C(c2ccccc2)c2cc(Cl)ccc21,training,1
C/C=C1\N=C(O)[C@H]2CSSCC/C=C\[C@H](CC(O)=N[C@H](C(C)C)C(O)=N2)OC(=O)[C@H](C(C)C)N=C1O,training,1
CN1CC[C@]23c4c5ccc(O)c4O[C@H]2[C@@H](O)C=C[C@H]3[C@H]1C5,training,1
COc1cc([C@@H]2c3cc4c(cc3[C@@H](O[C@@H]3O[C@@H]5CO[C@H](c6cccs6)O[C@H]5[C@H](O)[C@H]3O)[C@H]3COC(=O)[C@H]23)OCO4)cc(OC)c1O,training,1
CCN1CCN(C(O)=N[C@@H](C(O)=N[C@H]2C(=O)N3C(C(=O)O)=C(CSc4nnnn4C)CS[C@H]23)c2ccc(O)cc2)C(=O)C1=O,training,1
CC(C)C[C@@H]1N=C(O)[C@H](C)N(C)C(=O)CN=C(O)/C(=C\c2ccccc2)N(C)C1=O,training,1
CC(C)COC[C@@H](CN(Cc1ccccc1)c1ccccc1)N1CCCC1,training,1
CCOC(=O)C1=C(C)NC(C)=C(C(=O)OCCNC(=O)c2ccc(N=[N+]=[N-])cc2)[C@@H]1c1ccccc1C(F)(F)F,training,1
CCC1=C[C@@H]2CN3CCc4c([nH]c5ccccc45)[C@@](C(=O)OC)(C2)[C@@H]13,training,1
N=C(N)N1CCc2ccccc2C1,training,1
CC(C)/N=c1\cc2n(-c3ccc(Cl)cc3)c3ccccc3nc-2cc1Nc1ccc(Cl)cc1,training,1
Oc1nc2ccccc2n1CCCN1CCC(n2c(O)nc3cc(Cl)ccc32)CC1,training,1
CO[C@]1(C)[C@H](N(C)C(=O)c2ccccc2)[C@H]2O[C@@]1(C)n1c3ccccc3c3c4c(c5c6ccccc6n2c5c31)C(O)=NC4,training,1
CS(=O)(=O)N1CCN(C2CN(CC[C@@]3(c4ccc(Cl)c(Cl)c4)CCC(=O)N(CC4CC4)C3)C2)CC1,training,1
CC(C)CN(C[C@@H](O)[C@H](Cc1ccccc1)N=C(O)O[C@H]1CCOC1)S(=O)(=O)c1ccc(N)cc1,training,1
CO[C@]12[C@H](COC(=N)O)C3=C(C(=O)C(C)=C(N)C3=O)N1C[C@@H]1N[C@H]12,training,1
CN(C(=O)C(c1ccccc1)c1ccccc1)[C@H](CN1CC[C@H](O)C1)c1ccccc1,training,1
CC[C@H](C)n1ncn(-c2ccc(N3CCN(c4ccc(OC[C@H]5CO[C@](Cn6cncn6)(c6ccc(Cl)cc6Cl)O5)cc4)CC3)cc2)c1=O,training,1
COc1ccc(CCN=c2nc(N3CCc4cc(OC)c(OC)cc4C3)c3cc(OC)c(OC)cc3[nH]2)cc1OC,training,1
C/C(=C\c1csc(C)n1)[C@@H]1C[C@@H]2O[C@@H]2CCC[C@H](C)[C@H](O)[C@@H](C)C(=O)C(C)(C)[C@@H](O)CC(=O)O1,training,1
CN(C)[C@@H]1C(O)=C(C(=N)O)C(=O)[C@]2(O)C(O)=C3C(=O)c4c(O)cccc4[C@@](C)(O)[C@H]3C[C@@H]12,training,1
COCC(=O)O[C@]1(CCN(C)CCCc2nc3ccccc3[nH]2)CCc2cc(F)ccc2[C@@H]1C(C)C,training,1
CCOC(=O)N1CCC(=C2c3ccc(Cl)cc3CCc3cccnc32)CC1,training,1
Cc1c(O)cccc1C(O)=N[C@@H](CSc1ccccc1)[C@H](O)CN1C[C@H]2CCCC[C@H]2C[C@H]1C(O)=NC(C)(C)C,training,1
O=S(=O)(/C=C/[C@H](CCc1ccccc1)N=C(O)[C@@H](Cc1ccccc1)N=C(O)N1CCOCC1)c1ccccc1,training,1
CC(=O)O[C@H]1[C@@H](O)[C@H](C)O[C@@H](OC(=O)[C@@H]2CC[C@H]3[C@@H](C2)O[C@]2(C[C@H](OC(=O)/C=C/c4ccccc4)[C@H](C)CO2)[C@]32CO2)[C@H]1O[C@H]1O[C@@H](C)[C@@H](O)[C@@H](OC(C)=O)[C@H]1O,training,1
CC(C)c1c(C(O)=Nc2ccccc2)c(-c2ccccc2)c(-c2ccc(F)cc2)n1CC[C@@H](O)C[C@@H](O)CC(=O)O,training,1
Cc1ccc(NC(=O)c2ccc(CN3CCN(C)CC3)cc2)cc1Nc1nccc(-c2cccnc2)n1,training,1
C=CC[C@@H]1/C=C(/C)C[C@H](C)C[C@H](OC)[C@H]2O[C@@](O)(C(=O)C(=O)N3CCCC[C@H]3C(=O)O[C@H](/C(C)=C/[C@H]3CC[C@@H](O)[C@H](OC)C3)[C@H](C)[C@H](O)CC1=O)[C@H](C)C[C@@H]2OC,training,1
CC1(C)SSC(C)(C)[C@@H](N=C(O)[C@@H](N)Cc2ccc(O)cc2)C(O)=NCC(O)=N[C@@H](Cc2ccccc2)C(O)=N[C@H]1C(=O)O,training,1
O=C(NCCN1CCN(c2cccc3c2OC[C@H](CO)O3)CC1)c1ccc(F)cc1,training,1
CCCOc1ccc(S(=O)(=O)N2CCN(CC)CC2)cc1-c1nc2c(CC)n(Cc3ccccn3)nc2c(=O)[nH]1,training,1
COc1ccc(C[C@H]2C(O)=N[C@H](C)C(=O)N(C)[C@H]3C(=O)N(C)[C@H](Cc4ccc(O)c(c4)Oc4ccc(cc4)[C@H]3O)C(O)=N[C@@H](C)C(O)=N[C@@H](C)C(=O)N2C)cc1,training,1
COC(=O)[C@H]1[C@@H](O)CC[C@H]2CN3CCc4c([nH]c5ccccc45)[C@@H]3C[C@H]21,training,1
CN(C)C(=O)C(CCN1CCC(O)(c2ccc(Cl)cc2)CC1)(c1ccccc1)c1ccccc1,training,1
CC(C)(C)NC[C@H](O)COc1ccc(NC(O)=NC2CCCCC2)cc1,training,1
OC1=NC(c2ccccc2)(c2ccccc2)C(O)=N1,training,1
CCc1c2c(nc3ccc(OC(=O)N4CCC(N5CCCCC5)CC4)cc13)-c1cc3c(c(=O)n1C2)COC(=O)[C@]3(O)CC,training,1
O[C@H](COc1cccc2ncccc12)CN1CCN(C2c3ccccc3[C@@H]3[C@H](c4ccccc42)C3(F)F)CC1,training,1
CC(C)c1nc(CN(C)C(O)=N[C@H](C(O)=N[C@@H](Cc2ccccc2)C[C@H](O)[C@H](Cc2ccccc2)N=C(O)OCc2cncs2)C(C)C)cs1,training,1
COc1ccc(CCN2CCC(N=c3[nH]c4ccccc4n3Cc3ccc(F)cc3)CC2)cc1,training,1
Cc1cccc(C)c1OCC(O)=N[C@@H](Cc1ccccc1)[C@@H](O)C[C@H](Cc1ccccc1)N=C(O)[C@H](C(C)C)N1CCCN=C1O,training,1
CC[C@@]12C=CCN3CC[C@@]4(c5ccc(OC)cc5N(C)[C@H]4[C@@](O)(C(=O)OC)[C@@H]1OC(C)=O)[C@@H]32,training,1
CC[C@@]1([C@H]2O[C@H]([C@H]3O[C@@](O)(CO)[C@H](C)C[C@@H]3C)C[C@H]2C)CC[C@H]([C@@]2(C)CC[C@]3(C[C@H](O)[C@@H](C)[C@@H]([C@H](C)[C@H](OC)[C@@H](C)C(=O)O)O3)O2)O1,training,1
CC[C@H]1CN2CCc3cc(OC)c(OC)cc3[C@@H]2C[C@H]1C[C@H]1NCCc2cc(O)c(OC)cc21,training,1
COC(=O)[C@@H]1c2cc3c(c(O)c2[C@@H](O[C@H]2O[C@@H](C)[C@H](OC)[C@@](C)(OC)[C@H]2OC)C[C@]1(C)O)C(=O)c1c(O)cc2c(c1C3=O)O[C@@H]1O[C@]2(C)[C@H](O)[C@@H](N(C)C)[C@@H]1O,training,1
COc1ccc(-c2cc(=O)c3c(O)cc(O[C@@H]4O[C@H](CO[C@@H]5O[C@@H](C)[C@H](O)[C@@H](O)[C@H]5O)[C@@H](O)[C@H](O)[C@H]4O)cc3o2)cc1O,training,1
C[C@H]1COc2c(N3CCN(C)CC3)c(F)cc3c(=O)c(C(=O)O)cn1c23,training,1
CC[C@@]1(O)C(=O)OCc2c1cc1n(c2=O)Cc2cc3c(CN(C)C)c(O)ccc3nc2-1,training,1
CC(C)(C)NC[C@@H](O)COc1cccc2c1C[C@H](O)[C@H](O)C2,training,1
CC[C@H]1N=C(O)[C@H](N=C(O)c2ncccc2O)[C@@H](C)OC(=O)[C@H](c2ccccc2)N=C(O)[C@@H]2CC(=O)CCN2C(=O)[C@H](Cc2ccc(N(C)C)cc2)N(C)C(=O)[C@H]2CCCN2C1=O,training,1
C[C@]12CCC(=O)C=C1CC[C@H]1[C@@H]3CC[C@H](C(=O)CO)[C@]3(C=O)C[C@H](O)[C@H]12,training,1
CO[C@@]1(N=C(O)C2SC(=C(C(N)=O)C(=O)O)S2)C(=O)N2C(C(=O)O)=C(CSc3nnnn3C)CS[C@@H]21,training,1
CCn1cc(C(=O)O)c(=O)c2cc(F)c(N3CCNCC3)nc21,training,1
COC(=O)C1=C(C)NC(C)=C(C(=O)OCCN(C)Cc2ccccc2)[C@H]1c1cccc([N+](=O)[O-])c1,training,1
CC[C@]1(O)C[C@@H]2CN(CCc3c([nH]c4ccccc34)[C@@](C(=O)OC)(c3cc4c(cc3OC)N(C)[C@H]3[C@@](O)(C(=O)OC)[C@H](OC(C)=O)[C@@]5(CC)C=CCN6CC[C@]43[C@@H]65)C2)C1,training,1
CN1CC[C@]23c4c5ccc(O)c4O[C@H]2[C@@H](O[C@@H]2O[C@H](C(=O)O)[C@@H](O)[C@H](O)[C@H]2O)C=C[C@H]3[C@H]1C5,training,1
Clc1ccccc1C(c1ccccc1)(c1ccccc1)n1ccnc1,training,1
C/C=C/c1ccc2c(c1)OCO2,training,1
COC(=O)c1ccccc1-c1c2ccc(=N)cc-2oc2cc(N)ccc12,training,1
COc1ccc([C@@H]2Sc3ccccc3N(CCN(C)C)C(=O)[C@@H]2OC(C)=O)cc1,training,1
C=CCN=c1nc(N2CCC(NCC(c3ccc(F)cc3)c3ccc(F)cc3)CC2)[nH]c(=NCC=C)[nH]1,training,1
COc1ccc(C[C@@H](N)C(O)=N[C@H]2[C@@H](CO)O[C@@H](n3cnc4c(N(C)C)ncnc43)[C@@H]2O)cc1,training,1
OCCN(CCO)c1nc(N2CCCCC2)c2nc(N(CCO)CCO)nc(N3CCCCC3)c2n1,training,1
CCCNC[C@@H](O)COc1ccccc1C(=O)CCc1ccccc1,training,1
c1ccc(P(c2ccccc2)c2ccccc2)cc1,training,1
COC(=O)C1=C(C)NC(C)=C(C(=O)OCCCN2CCC(c3ccccc3)(c3ccccc3)CC2)[C@@H]1c1cccc([N+](=O)[O-])c1,training,1
COc1ccc2cc1Oc1ccc(cc1)C[C@H]1c3c(cc4c(c3Oc3cc5c(cc3OC)CCN(C)[C@@H]5C2)OCO4)CCN1C,training,1
CN[C@@H](CCSC)C(O)=NC(=O)[C@H](Cc1ccccc1)N=C(O)CN=C(O)[C@@H](C)N=C(O)[C@@H](N)Cc1ccc(O)cc1,training,1
CCOC(=O)C1=C(C)NC(C)=C(C(=O)OCCN=C(O)CCc2ccc(O)c(I)c2)[C@@H]1c1ccccc1C(F)(F)F,training,1
CN(C)CCC=C1c2ccccc2CCc2ccccc21,training,1
COc1cc2c(cc1OC)CN(CCc1ccc(NC(=O)c3cccc4c(=O)c5cccc(OC)c5[nH]c34)cc1)CC2,training,1
Cc1nnc(SCC2=C(C(=O)O)N3C(=O)[C@@H](N=C(O)Cn4cnnn4)[C@H]3SC2)s1,training,1
CC(=O)N1CCN(c2ccc(OC[C@@H]3CO[C@](Cn4ccnc4)(c4ccc(Cl)cc4Cl)O3)cc2)CC1,training,1
COc1cc2nc(N3CCN(C(=O)c4ccco4)CC3)[nH]c(=N)c2cc1OC,training,1
Cc1cc(=O)oc2cc(O)ccc12,training,1
CC(C)(C)N=C(O)[C@@H]1C[C@@H]2CCCC[C@H]2CN1C[C@@H](O)[C@H](Cc1ccccc1)N=C(O)[C@H](CC(=N)O)NC(=O)c1ccc2ccccc2n1,training,1
CO[C@H]1/C=C/O[C@@]2(C)Oc3c(C)c(O)c4c(O)c(c(/C=N/N5CCN(C)CC5)c(O)c4c3C2=O)N=C(O)/C(C)=C\C=C\[C@H](C)[C@H](O)[C@@H](C)[C@@H](O)[C@@H](C)[C@H](OC(C)=O)[C@@H]1C,training,1
C[C@H]1N=C(O)[C@@H](N=C(O)c2ncccc2O)[C@@H](C)OC(=O)[C@H](c2ccccc2)N=C(O)[C@H]2CC(=O)CCN2C(=O)[C@@H](Cc2ccc(N(C)C)cc2)N(C)C(=O)[C@H]2CCCN2C1=O,training,1
C=C1[C@@H]([C@@H](O)C[C@H](C)[C@H]2O[C@@]3(CCCCO3)CC[C@H]2C)O[C@@H]2CC[C@@]3(CC[C@H](/C=C/[C@@H](C)[C@@H]4CC(C)=C[C@@]5(O[C@H](C[C@@](C)(O)C(=O)O)CC[C@H]5O)O4)O3)O[C@H]2[C@@H]1O,training,1
CO[C@@H]1C[C@H](O[C@@H]2[C@@H](O)C[C@H](O[C@@H]3[C@@H](O)C[C@H](O[C@@H]4CC[C@@]5(C)[C@@H](CC[C@@H]6[C@@H]5C[C@@H](O)[C@@]5(C)[C@H](C7=CC(=O)OC7)CC[C@@]65O)C4)O[C@@H]3C)O[C@@H]2C)O[C@@H](C)[C@@H]1O,training,1
CC(=O)O[C@H]1C(=O)[C@]2(C)[C@@H](O)C[C@@H]3OC[C@@]3(OC(C)=O)[C@H]2[C@H](OC(=O)c2ccccc2)[C@@]2(O)C[C@H](OC(=O)[C@H](O)[C@H](N=C(O)c3ccccc3)c3ccccc3)C(C)=C1C2(C)C,training,1
CC[C@H]1OC(=O)[C@H](C)[C@@H](O[C@H]2C[C@@](C)(OC)[C@@H](O)[C@H](C)O2)[C@H](C)[C@@H](O[C@H]2O[C@@H](C)C[C@@H](N(C)C)[C@@H]2O)[C@](C)(O)C[C@@H](C)C(=O)[C@H](C)[C@@H](O)[C@]1(C)O,training,1
COc1cc([C@H]2c3cc4c(cc3[C@@H](O[C@@H]3O[C@@H]5CO[C@@H](C)O[C@H]5[C@H](O)[C@H]3O)[C@H]3COC(=O)[C@H]23)OCO4)cc(OC)c1O,training,1
CC(C)(C)N=C(O)[C@@H]1CN(Cc2cccnc2)CCN1C[C@@H](O)C[C@@H](Cc1ccccc1)C(O)=N[C@H]1c2ccccc2C[C@H]1O,training,1
CC[C@H](C)C(=O)O[C@H]1C[C@@H](O)C=C2C=C[C@H](C)[C@H](CC[C@@H](O)C[C@@H](O)CC(=O)O)[C@H]21,training,1
Cn1nnnc1SCC1=C(C(=O)O)N2C(=O)[C@H](N=C(O)C3SC(=C(C(N)=O)C(=O)O)S3)[C@H]2SC1,training,1
C[n+]1ccc(-c2cc[n+](C)cc2)cc1,training,0
O=c1cc2ccccc2nn1Cc1ccccc1Cl,training,0
Cc1ccc(C)c(N=C(O)CC/C(=N/N=C(O)c2c(O)ccc3ccccc23)[C@@H](C)C(=O)c2ccc(O)cc2)c1,training,0
CC(C)=CCC/C(C)=C/CC/C(C)=C/CSC[C@H](N)C(=O)O,training,0
CC(C)=CCC/C(C)=C/Cc1cc(/C=C/c2cc(O)c(CC=C(C)C)c(O)c2)cc(O)c1O,training,0
OC=N[C@@H](N1CCN([C@H](N=CO)C(Cl)(Cl)Cl)CC1)C(Cl)(Cl)Cl,training,0
Clc1cccc(Cl)c1NC1=NCCN1,training,0
COc1ccc(C(=O)c2c(C(C(=O)c3ccc(OC)cc3)C(=O)c3ccc(OC)cc3)n(C(=O)c3ccc(OC)cc3)c3ccccc23)cc1,training,0
COc1ccc2c3c([nH]c2c1)[C@H]1C[C@H]2[C@@H](CN1CC3)[C@@H](O)[C@H](OC)[C@H]2C(=O)O,training,0
N#Cc1cc2c(n([C@H]3O[C@@H](CO)[C@@H](O)[C@@H](O)[C@H]3O)c1=S)CCCCCC2,training,0
CCN1C(=O)N=C(O)C(C)(N2C(=O)c3c(F)c(F)c(F)c(F)c3C2=O)C1=O,training,0
Clc1ccc(-c2cn(-c3ccccc3)c(-c3ccccc3)n2)c(Cl)c1,training,0
O=C(c1ccccc1)c1c(C(F)(F)F)[n+]([O-])c2ccc(F)cc2[n+]1[O-],training,0
COc1ccc2c(c1)/C(=C\c1c(-c3cc(OC)ccc3OC)nc3sc(C)cn13)C(=O)N2C,training,0
COc1cc2c(cc1Cc1c(F)cccc1F)nc(-c1c(F)cccc1F)n2Cc1c(F)cccc1F,training,0
O=[N+]([O-])c1cc2nc(O)[nH]c2c([N+](=O)[O-])c1N=c1c2ccccc2[nH]c2ccccc12,training,0
c1ccc(-c2c(-c3[nH]c4ccccc4c3-c3ccccc3)[nH]c3ccccc23)cc1,training,0
N=c1[nH]c(=N)c2cc(-c3cc4ccccc4[nH]3)ccc2[nH]1,training,0
COc1ccc(C2=NN(C(=N)S)C(c3ccccc3)C2)cc1,training,0
S=c1sc(S)nc2ccc(Br)cc12,training,0
O=C(/C=C(\Nc1ccccc1O)c1ccc(Br)cc1)C(Cl)(Cl)Cl,training,0
COc1ccc(C(SCCO)(c2ccc(OC)cc2)c2ccc(OC)cc2)cc1,training,0
C=CCSc1nnc2cc(CN3CCCC3)c(-c3ccc(Cl)cc3)nn12,training,0
Cc1nc2ccccc2n1CCc1nc2ccccc2s1,training,0
c1ccc(C2=C(c3ccccc3)Sc3nnc(CCCCCCCCc4nnc5n4NC(c4ccccc4)=C(c4ccccc4)S5)n3N2)cc1,training,0
O=C(C=Cc1ccccc1)Oc1cccc(O)c1,training,0
CC[C@]1(c2ccc3c(c2)OCO3)C=[N+]([O-])O[C@H](OC2CCCC2(c2ccccc2)c2ccccc2)[C@@H]1OC(C)=O,training,0
CC(C)[Si](OC1=CCCCCC12C(=O)N(C)c1ccccc12)(C(C)C)C(C)C,training,0
C=CCC1NCCC2=C1C(S(=O)(=O)c1ccc(C)cc1)c1ccccc12,training,0
CCOc1cc(C2SCC(=O)N2c2ccc(Oc3ccc(Cl)cc3)c(Cl)c2)ccc1O,training,0
CC(=O)O[C@H]1CC[C@H]2[C@@H]3CCC4=C/C(=N/OCCN(C)C)CC[C@]4(C)[C@H]3CC[C@]12C,training,0
COc1ccc(/C=C2\CCC/C(=C\c3ccc(O)c(CN4CCCCC4)c3)C2=O)cc1,training,0
Cc1cccc(Nc2nc3ccccc3[nH]c2=NS(=O)(=O)c2ccc(N)cc2)c1,training,0
CCC(CO)N=c1nc2c(ncn2C(C)C)c(NCc2ccccc2)[nH]1,training,0
CCOc1cc2c(cc1O)/C(=N\O)C[C@@H]1[C@@H]2CC[C@]2(C)[C@@H](O)CC[C@@H]12,training,0
O=CC(I)=C(c1ccccc1)c1ccccc1,training,0
CC1(C)CCC[C@@]2(C)C1CC[C@@]1(CO)O[C@H](C3=CC(=O)OC3O)CC21,training,0
Cc1nc2ccc(N=Nc3c(O)ccc4ccccc34)cc2[nH]1,training,0
CC1=CC2O[C@@H]3CC4OC(=O)/C=C\C=C\C56OCCC7(OC7C(=O)OCC2(CC1)[C@]4(C)[C@]31CO1)C5OC(O)C6O,training,0
CCN(CC)Cc1cc2[nH]c3c4ccc(Cl)cc4ncc3c2cc1OC,training,0
O=C1N(CCN(CCCl)CCCl)C(O)=NC12CCCCC2,training,0
OC1=N[C@@H]([C@H]2CC[C@H](Cl)CN2)C(O)=N[C@H]1[C@H]1CC[C@H](Cl)CN1,training,0
NCCCc1ccc2oc3ccccc3c2c1,training,0
CCCCCCCCCCCCCCCCOCC(O)CO,training,0
CC1=CC(C2/C(=N/O)C=C(C)CC2(C)C)C(O)C(C)(C)C1,training,0
OC(c1cc(-c2ccc(Cl)cc2)nc2ccccc12)C1CCCCN1,training,0
COc1cc(/C=C/C(=O)c2c(C)nc3ccccc3c2C)ccc1OCCCCOc1cc2c(cc1OC)C(=O)N1CCC[C@H]1C=N2,training,1
COc1cc(C2=NOC(c3cc(OC)c(OC)c(OC)c3)C2)ccc1OCCCCOc1cc2c(cc1OC)C(=O)N1CCC[C@H]1C=N2,training,1
COc1cc2c(cc1OCCCOc1cc3c(cc1OC)C(=O)N1CC(F)(F)C[C@H]1C=N3)N=C[C@@H]1CC(F)(F)CN1C2=O,training,1
COc1cc2c(cc1OCCCN1CCN(CCCOc3cc4c(cc3OC)C(=O)C3CCC[C@H]3C=N4)CC1)N=C[C@@H]1CCCC1C2=O,training,1
COc1cc2c(cc1OCc1ccccc1)N=C[C@@H]1C/C(=C/C(O)=NCCCN3C(=O)c4cccc5cccc(c45)C3=O)CN1C2=O,training,1
CN(C)CCNc1ccc(C(O)=NCCCN(C)CCCN=C(O)c2ccc(NCCN(C)C)c3c(=O)c4ccccc4[nH]c23)c2[nH]c3ccccc3c(=O)c12,training,1
CCCCC1CC2=CC(=[O+]C)C=CC2=C2N(C)c3cc(OC)ccc3N21,training,1
COc1cccc2c1Cc1cc(-c3ccccc3)[n+](C)n1-2,training,1
c1cc(-c2ccc(-c3ccc(C4=NC5CCCCC5N4)cc3)o2)ccc1C1=NC2CCCCC2N1,training,1
Cc1c2cccc-2c(OCCO)cc2c3ccccc3n(C)c12,training,1
CC(O)=Nc1ccc2c3c(cc(O)c2c1)N(C(=O)CCCCC(O)=Nc1ccc2c4c(cc(O)c2c1)N(C(=O)OC(C)(C)C)CC4CCl)CC3CCl,training,1
CCN(CC)CCCNc1nnc(C)c2[nH]c3ccccc3c12,training,1
Cn1c2ccccc2n2c3ccccc3c3n[nH]c(=N)c-3c12,training,1
[Se]=P(c1ccccc1)(c1ccccc1)c1ccc(C(c2ccccc2)=P(c2ccccc2)(c2ccccc2)c2ccccc2)cc1,training,1
c1ccc(C2C(=P(c3ccccc3)(c3ccccc3)c3ccccc3)P=PC2[P+](c2ccccc2)(c2ccccc2)c2ccccc2)cc1,training,1
O=P1(Cc2ccccc2)c2ccccc2-c2ccccc21,training,1
CCCCCCCCCCCC1NC(=N)NC(CCCO)=C1C(=O)OC,training,1
CC[C@]12C=CCN3CCC4(c5cc([C@@]6(C(=O)OC)CC7CN(CCc8c6[nH]c6ccccc86)CC6CCCCC67)c(OC)cc5N(C)C4[C@](O)(C(=O)OC)C1OC(C)=O)[C@@H]32,training,1
CCN1C(C=Cc2ccc(N(CCCl)CCCl)cc2)=CC=C2CC(=[N+]C(=O)C=Cc3ccccc3)C=CC21,training,1
C[N+]1(C)C/C(=C\C=C\c2ccccc2)C(=O)/C(=C/C=C/c2ccccc2)C1,training,1
CC(=O)O[C@H]1C(=O)[C@@]2(C)C(C(OC(=O)c3ccccc3)[C@]3(O)CC(OC(=O)[C@H](OC(=O)CCC(=O)O)C(N=C(O)c4ccccc4)c4ccccc4)C(C)=C1C3(C)C)C1(OC(C)=O)COC1C[C@@H]2O,training,1
COc1cc2c(cc1C[N+](C)(C)CSc1ccccc1)-c1ccccc1CC2,training,1
COc1cc2c[n+](C)c3c4cc(OC)c(OCc5ccccc5)cc4c(OCc4ccccc4)cc3c2cc1OC,training,1
CC1=C[C@H]2O[C@@H]3C[C@H]4OC(=O)/C=C\C=C\C(C(C)O)OCC(O)C(C)CC(=O)OC[C@@]2(C[C@@H]1O)[C@]4(C)[C@@]31CO1,training,1
CC1(C)CC([P+](c2ccccc2)(c2ccccc2)c2ccccc2)=NN1,training,1
Cc1ccc2c(ccc3c[n+]4ccccc4c(C)c32)c1,training,1
C[C@H]1C[C@@H]2CC[C@@H](O2)[C@@H](C)C(=O)O[C@H](C)C[C@H]2CC[C@H](O2)[C@H](C)C(=O)O[C@@H](C)C[C@@H]2CC[C@@H](O2)[C@@H](C)C(=O)O[C@H](C)C[C@H]2CC[C@H](O2)[C@H](C)C(=O)O1,training,1
Cc1cc2nc3cc(C)c(N)cc3[n+](-c3ccccc3)c2cc1N,training,1
COc1ccc2[nH]c(C)cc(=NCCCCCCCCCN=c3cc(C)[nH]c4ccc(OC)cc34)c2c1,training,1
CC[C@H]1OC(=O)[C@H](C)[C@@H](O[C@@H]2C[C@](C)(OC)[C@@H](O)[C@H](C)O2)[C@H](C)[C@@H](O[C@H]2O[C@@H](C)C[C@@H](N(C)C)[C@H]2O)[C@](C)(OC)C[C@@H](C)C(=O)[C@H](C)[C@@H](O)[C@]1(C)O,training,1
CC[C@@H](C)[C@H]([C@@H](CC(=O)N1CCC[C@H]1[C@@H](OC)[C@@H](C)C(O)=N[C@H](Cc1ccccc1)c1nccs1)OC)N(C)C(=O)[C@H](N=C(O)[C@H](C(C)C)N(C)C)C(C)C,training,1
CN[C@@H]1C[C@H]2O[C@](C)([C@@H]1OC)n1c3ccccc3c3c4c(c5c6ccccc6n2c5c31)C(O)=NC4,training,1
COC(=O)[C@H]1[C@@H]2C[C@@H]3c4[nH]c5cc(OC)ccc5c4CCN3C[C@H]2C[C@@H](O)[C@@H]1OC,training,1
CCCCCCCCCCCCCCC[C@H](O)[C@H](N)CO,training,1
CCCCc1nc(Cl)c(CO)n1Cc1ccc(-c2ccccc2-c2nn[nH]n2)cc1,training,1
C=C[C@H]1CN2CC[C@@H]1C[C@H]2[C@H](O)c1ccnc2ccc(OC)cc12,training,1
C[C@]12CC[C@H]3[C@H](CCC4=CC(=O)CC[C@@]43C)[C@H]1CC[C@@]2(O)C(=O)CO,training,0
Cc1cc(-c2ccc(N=Nc3c(S(=O)(=O)O)cc4cc(S(=O)(=O)O)cc(N)c4c3O)c(C)c2)ccc1N=Nc1c(S(=O)(=O)O)cc2cc(S(=O)(=O)O)cc(N)c2c1O,training,0
CCCC[C@H](C)[C@@H](OC(=O)C[C@H](CC(=O)O)C(=O)O)[C@@H](C[C@H](C)C[C@@H](O)CCCC[C@@H](O)C[C@H](O)[C@H](C)N)OC(=O)C[C@H](CC(=O)O)C(=O)O,training,0
CCOC(=O)C1(c2ccccc2)CCN(C)CC1,training,0
Fc1ccc([C@@H]2CCNC[C@H]2COc2ccc3c(c2)OCO3)cc1,training,0
CC(C)CCCCCCCCCCCCC(O)=NCC(O)=N[C@H]1[C@@H](C)O[C@H](Nc2ncnc3[nH]cnc23)[C@H](O)[C@@H]1O,training,0
CC1=C(C(O)=Nc2ccc(Cl)c(C(=O)OC(C)C)c2)SCCO1,training,0
CN=C(O)O/N=C/C(C)(C)S(C)(=O)=O,training,0
COc1ccc2c3c([nH]c2c1)[C@H]1C[C@H]2[C@H](C[C@@H](O)[C@H](OC)[C@H]2C(=O)O)CN1CC3,training,0
COc1ccc([C@@H]2C(C#N)=C(S)N([C@H]3O[C@@H](COC(C)=O)[C@@H](OC(C)=O)[C@@H](OC(C)=O)[C@H]3OC(C)=O)C(c3ccccc3)=C2C(C)=O)cc1,training,0
COc1ccc(-c2c3c(n([C@H]4O[C@@H](COC(C)=O)[C@@H](OC(C)=O)[C@@H](OC(C)=O)[C@H]4OC(C)=O)c(=S)c2C#N)CC(C)(C)CC3=O)cc1,training,0
CCOC(=O)c1sc(N=C(O)COc2cccc(/C=C3\CCc4cc(OC)ccc4C3=O)c2)nc1C,training,0
CN(C)c1ccc(-c2cc(-c3ccc(Nc4nc(Nc5ccc(Cl)cc5)nc(Nc5ccc(Cl)cc5)n4)cc3)no2)cc1,training,0
Cc1cc(I)cc(CN(C)CCCN2CCN(C)CC2)c1O,training,0
COc1ccc2c(c1)C(=O)c1c-2n(CCCn2ccnc2)c(=O)c2ccccc12,training,0
CSc1ccc(C2=NN(C(=O)c3ccc(N)cc3)C(c3ccc(F)cc3)C2)cc1,training,0
COC(=O)C1=CNC=C(C(=O)OC)C1C1=CC(=O)C(C)=CC1=O,training,0
C(=N/c1ccc(-c2nc3ccccc3s2)cc1)\c1cccs1,training,0
O=C(O)CCSC(CC1(c2ccc(Cl)cc2)N=C(O)CCS1)c1ccccc1,training,0
C=CCN1C(=O)/C(=C/c2cccs2)N=C1SC/C=C/C,training,0
CCC1(O)C=CC(=O)C=C1,training,0
COc1cc2c(c(O)c1OC)CC1CCC(=O)N1C2c1cccc2ccccc12,training,0
CCOC(=O)/C=C(/C=C\COC1CCCCO1)c1ccccc1,training,0
COC(=O)CCSC1=CC(=O)c2nc3ccccc3c3ccnc1c23,training,0
CC1(C)OC(=C(C#N)C#N)C(C#N)=C1/C=C/c1ccncc1,training,0
COc1ccc2oc(=N)c(C(O)=NCc3ccccc3)cc2c1,training,0
COc1ccc2oc(=N)c(C(=N)S)cc2c1,training,0
N#CC1=C(N)N(c2ccccc2)C(c2ccco2)C1(C#N)C#N,training,0
CC(C)OC(=O)c1ccc(NCC2=CC(=O)C=CC2=O)cc1,training,0
O=[N+]([O-])c1cccc2c(C=NNC(O)=Nc3ccccc3)cccc12,training,0
COc1ccc(-c2cn3c(nc4ccccc43)c(C)n2)cc1,training,0
O=C(Nc1ccc(Cl)cc1)c1cc(S(=O)(=O)Nc2nc(=Nc3ccc4ccccc4c3)[nH][nH]2)c(SSc2cc(Cl)c(C(=O)Nc3ccc(Cl)cc3)cc2S(=O)(=O)Nc2nc(=Nc3ccc4ccccc4c3)[nH][nH]2)cc1Cl,training,0
N#CSC#CCCC#CSC#N,training,0
CC(C)(CN1CCCCC1)C(/C=C/c1ccc(Cl)c(Cl)c1)=N\N=C(O)N/N=C(/C=C/c1ccc(Cl)c(Cl)c1)C(C)(C)CN1CCCCC1,training,0
CN(C)CCCNc1ccc2nnn3c4ccc([N+](=O)[O-])cc4c(=O)c1c23,training,0
NC(=O)C(=O)n1ncc(Cl)c(Cl)c1=O,training,0
CCc1ccccc1N=C(O)C(C#N)C1=C(Cl)C(=O)c2ccccc2C1=O,training,0
O=c1c2ccccc2nc(-c2cccc([N+](=O)[O-])c2)n1O,training,0
OCC(CCc1c[nH]c2ccccc12)c1c[nH]c2ccccc12,training,0
Oc1ccc(C=NNC(S)=Nc2cccnc2)nc1,training,0
N=C(N)SCCN1CCCCC1,training,0
O=C1c2cccc3cc([N+](=O)[O-])cc(c23)C(=O)N1O,training,0
CCC,training,0
O=c1nc(O)c(C(F)(F)F)cn1C1CC(O)C(CO)O1,training,0
N=C(O)C1=C(c2ccccc2)c2ccccc2C1=O,training,0
COc1cc(O)c(C(=O)/C=C/c2ccccc2)c(OC)c1,training,0
N=c1nc(S)c2nc[nH]c2[nH]1,training,0
COc1cc(/C=C/C(=O)c2ccccc2O)ccc1OCCCOc1cc2c(cc1OC)C(=O)N1CCC[C@H]1C=N2,training,1
COc1cc2c(cc1OCCCN1CCN(c3ncnc4ccccc34)CC1)N=CC1CCCN1C2=O,training,1
O=C(c1ccccc1)c1c2n(c3c1cc(O)c1ccccc13)CCN2,training,1
CCCCN=C(N)c1ccc(N2CCN(c3ccc(C(N)=NCCCC)cc3)CC2)cc1,training,1
COc1cc2c(cc1OCCCOc1cc3c(cc1OC)C(=O)N1CCC[C@H]1CN3)N=C[C@@H]1CCCN1C2=O,training,1
COc1cc2c(cc1OCCCCN1CCN(CCCCOc3cc4c(cc3OC)C(=O)N3CCC[C@H]3C=N4)CC1)N=C[C@@H]1CCCN1C2=O,training,1
N=C(N)N/N=C/c1nc2n(c1[N+](=O)[O-])CCS2,training,1
Cc1cc2c(C=C3C=CC(=[N+](C)C)C=C3)c3ccccc3n2n1C,training,1
CSc1ccccc1P(CCP(c1ccccc1SC)c1ccccc1SC)c1ccccc1SC,training,1
CN(C)CCn1c(=O)nc2c3c(c([N+](=O)[O-])ccc31)Nc1ccc(O)cc1-2,training,1
[O+]=c1c2c[c-](-[n+]3c(-c4ccccc4)cc(-c4ccccc4)cc3-c3ccccc3)cc1CO[C@@H](c1ccccc1)[C@H](c1ccccc1)OCCOCCO[C@@H](c1ccccc1)[C@H](c1ccccc1)OC2,training,1
OC(=NCCNCCNCCN=C(O)c1cc(-c2ccccc2)nc2ccccc12)c1cc(-c2ccccc2)nc2ccccc12,training,1
CCCCCCCCCC(O)=N[C@@H](c1ccco1)[C@@H](O)C(=O)O[C@H]1C[C@@]2(O)[C@@H](OC(=O)c3ccccc3)[C@H]3[C@](C)(C(=O)[C@H](OC(C)=O)C(=C1C)C2(C)C)[C@@H](O)C[C@H]1OC[C@]13OC(C)=O,training,1
O=[N+]([O-])c1cccc2[nH]c3ccccc3c(=NCCC[N+]3([O-])CCOCC3)c12,training,1
CC(=O)O[C@H]1C(=O)[C@]2(C)[C@@H](O)C[C@H]3OC[C@@]3(OC(C)=O)[C@H]2[C@H](OC(=O)c2ccccc2)[C@]2(O)CC(OC(=O)[C@H](O)[C@@H](N=C(O)c3ccccc3)c3ccc4ccccc4c3)C(C)=C1C2(C)C,training,1
Cc1c2ccn(C)cc2c(C)c2c1[s+]c1ccccc12,training,1
COc1ccc2[nH]ccc(=NCCCN3CCN(CCCN=c4cc[nH]c5ccc(OC)cc45)CC3)c2c1,training,1
COC1=C(C)C(=O)C2=C(C1=O)C1C3CC4=C(C(=O)C(OC)=C(C)C4=O)C(CN=C(O)C(C)O)N3C(C#N)C(C2)N1C,training,1
C/C=C(\N=C=S)C(=O)OC1C(COC(C)=O)OC([C@]2(O)CC(=O)C(N)=C(C(=O)O)C2=O)C(O)C1OC1CC(OC)C(O)([C@@H](C)OC(=O)[C@@H](C)CC)C(C)O1,training,1
CCOc1ccc2[nH]c3cc(N=Nc4ccc(=N)[nH]c4N)ccc3c(=N)c2c1,training,1
CNC(=N)NN=C(C)c1ccc2c(c1)Cc1cc(C(C)=NNC(=N)NC)ccc1-2,training,1
COC(=O)C12OCC34C(CC5C(C)=CC(=O)C(O)C5(C)C3C(O)C1O)OC(=O)C(OC(=O)CC(C)C)C24,training,1
CCN1C(=CC=CC=Cc2sc3ccccc3[n+]2CC)Sc2ccccc21,training,1
Cc1cc(C)nc(NC(=N)NCCc2ccccc2)n1,training,1
CN1C(=CC=CC2=[N+](C)c3ccccc3C2(C)C)C(C)(C)c2ccccc21,training,1
CCN(CC)C(=S)SSC(=S)N(CC)CC,training,1
CC(=O)O[C@]12CO[C@@H]1C[C@H](O)[C@@]1(C)C(=O)[C@H](O)C3=C(C)[C@H](OC(=O)[C@H](O)[C@@H](N=C(O)OC(C)(C)C)c4ccccc4)C[C@@](O)([C@@H](OC(=O)c4ccccc4)[C@@H]12)C3(C)C,training,1
COc1c(C[C@H](C)OC(=O)Oc2ccc(O)cc2)c2c3c(C[C@H](C)OC(=O)c4ccccc4)c(OC)c(=O)c4c(O)cc(OC)c(c5c(OC)cc(O)c(c1=O)c52)c43,training,1
CSc1ccc2c(c1)N(CC[C@H]1CCCCN1C)c1ccccc1S2,training,1
C[C@@H]1C[C@H]2[C@@H]3CCC4=CC(=O)C=C[C@]4(C)[C@@]3(F)[C@@H](O)C[C@]2(C)[C@@]1(O)C(=O)CO,training,1
C[C@@H](CCc1ccccc1)NC[C@H](O)c1ccc(O)c(C(=N)O)c1,training,1
CC(C)C[C@H](N)C(O)=N[C@@H](CCCN)C(O)=N[C@H](C(O)=N[C@@H](CCCN)C(=O)N1CCC[C@H]1C(O)=N[C@@H](C=O)Cc1ccccc1)C(C)C,training,1
CC(=O)O[C@H]1[C@H](O)C[C@@H](O[C@@H]2[C@@H](O)C[C@@H](O[C@H]3[C@@H](O)C[C@H](O[C@H]4CC[C@@]5(C)[C@H](CC[C@@H]6[C@H]5C[C@H](O)[C@@]5(C)[C@H](C7=CC(=O)OC7)CC[C@]65O)C4)O[C@H]3C)O[C@H]2C)O[C@@H]1C,training,1
CC[C@H](C)C(=O)O[C@H]1C[C@@H](C)C=C2C=C[C@H](C)[C@H](CC[C@@H]3C[C@@H](O)CC(=O)O3)[C@H]21,training,1
Cc1nccn1C[C@H]1CCc2c(c3ccccc3n2C)C1=O,training,1
O=C(CCCN1CCC2(CC1)C(O)=NCN2c1ccccc1)c1ccc(F)cc1,training,1
COC(=O)[C@H]1[C@@H]2C[C@@H]3c4[nH]c5cc(OC)ccc5c4CCN3C[C@H]2C[C@@H](OC(=O)c2cc(OC)c(OC)c(OC)c2)[C@@H]1OC,training,1
CN/C(=C\[N+](=O)[O-])NCCSCc1ccc(CN(C)C)o1,test,0
CN=C(NC#N)NCCSCc1[nH]cnc1C,test,1
NC(=O)c1nc[nH]c1/N=N/SCC(N)C(=O)O,test,0
ClC1C(Cl)C(Cl)C(Cl)C(Cl)C1Cl,test,0
NCC1(CC(=O)O)CCCCC1,test,0
Oc1ncc(F)c(O)n1,test,0
CCCCCCCCCc1c(Cl)nc(Cl)nc1Cl,test,0
N[C@@H](Cc1ccc(N(CCCl)CCCl)cc1)C(=O)O,test,0
CCOC(=O)/C(C#N)=C\C=C(/Cl)c1ccc(Cl)cc1,test,0
N=C(O)N=C(O)c1ccc(NC(=O)CBr)cc1,test,0
CCOC(O)=NC(NNc1ccc([N+](=O)[O-])cc1[N+](=O)[O-])(C(F)(F)F)C(F)(F)F,test,0
O=C([O-])c1cccc(F)c1F,test,0
CSc1ccc(NC(=O)CCl)cc1,test,0
C=C(CN(C)C)C(=O)c1ccccc1[N+](=O)[O-],test,0
Oc1c(O)c(Cl)c(Cl)c(Cl)c1Cl,test,0
CCCCCCCCCCCCCCCC[N+](C)(C)Cc1ccc(F)cc1,test,1
CCCC(O)=Nc1ccc(OC[C@H](O)CNC(C)C)c(C(C)=O)c1,test,1
CC(C)(C)NC[C@@H](O)COc1ccccc1C#N,test,1
CC(=O)C(=Cc1ccc(C=C(C(C)=O)C(C)=O)cc1)C(C)=O,test,0
C=C(CN(C)C)C(=O)c1cc(C)ccc1C,test,0
CCCCCCCCCCCC(c1ccccc1)[N+](C)(C)C,test,1
CC(C)(C)CC(C)(C)c1ccc(OCCO)cc1,test,1
N=C(S)NN=Cc1ccc(N)cn1,test,0
N#Cc1ncc(C(Cl)Cl)nc1Cl,test,0
C/C=C(\C)C(=O)O[C@H]1C=CC(=O)O[C@H]1COC(=O)[C@H](C)O,test,0
CC(C)C(C/C=C1/CC(CO)(COC(=O)CC(C(C)C)C(C)C)OC1=O)C(C)C,test,0
CNS(=O)(=O)Cc1ccc2[nH]cc(CCN(C)C)c2c1,test,0
CC(=O)/C=C/c1cn(C(=O)OC(C)(C)C)c2ccc(Br)cc12,test,0
CCOC(=O)Sc1ncnc2[nH]cnc12,test,0
N#CSc1ncnc2[nH]cnc12,test,0
CN=C(O)Oc1cccc2ccccc12,test,0
CC(C)NC[C@@H](O)COc1cccc2ccccc12,test,1
CSc1c(C)[n+]([O-])c2cc(Cl)c(Cl)cc2[n+]1[O-],test,0
Oc1cccc2cc(Br)cnc12,test,0
Oc1cccc2cccnc12,test,0
COc1cc(NCCCCCNC(=N)NC(=N)NC(C)C)c2ncccc2c1,test,1
CCN(CC)CCC[C@@H](C)Nc1ccnc2cc(Cl)ccc12,test,1
O=c1ncccn1[C@@H]1O[C@H](CO)[C@@H](O)[C@H]1O,test,0
Cc1cn([C@H]2C[C@H](N=[N+]=[N-])[C@@H](CO)O2)c(=O)nc1O,test,0
N=c1ccn([C@@H]2O[C@H](CO)[C@@H](O)[C@@H]2O)c(O)n1,test,0
N=c1ccn([C@@H]2O[C@H](CO)[C@@H](O)C2(F)F)c(O)n1,test,0
CC1=C(SCCO)C(=O)c2ccccc2C1=O,test,0
O=C1C(CO)=C(CO)C(=O)c2c(O)ccc(O)c21,test,0
Cc1cc(O)c2c(c1)C(=O)C=CC2=O,test,0
COCCOC(=O)C1=C(C)NC(C)=C(C(=O)OC(C)C)[C@@H]1c1cccc([N+](=O)[O-])c1,test,1
CCOC(=O)C1=C(C)NC(C)=C(C(=O)OC)[C@H]1c1cccc([N+](=O)[O-])c1,test,1
N[C@H](Cc1cc(I)c(Oc2cc(I)c(O)c(I)c2)c(I)c1)C(=O)O,test,0
CCN(CC)CCC(=O)c1ccc(Oc2ccc(Cl)cc2)cc1,test,0
CN(C)CCN=C(O)C(C)(C)Oc1ccc(C(=O)c2ccc(Cl)cc2)cc1Cl,test,0
N=C(N)NCCCC(NCc1c2ccccc2nc2ccccc12)C(=O)O,test,0
Cc1cc2cc3cc(C)c(N(C)C)cc3nc2cc1N(C)C,test,1
NCCNCCCCCCN=C(O)c1cccc2cc3ccccc3nc12,test,1
Cc1[nH]c(=N)[nH]c(=N)c1-c1ccc(Cl)c(Cl)c1,test,0
CCCCCCC1NC(=N)NC(=N)N1c1ccc(Cl)cc1,test,1
CN(C)CCCN1c2ccccc2Sc2ccc(Cl)cc21,test,1
CN(C)CCCN1c2ccccc2Sc2ccc(C(F)(F)F)cc21,test,1
CN(C)CCCN1c2ccccc2CCc2ccccc21,test,0
Cc1cc(-c2nc3ccccc3s2)ccc1N,test,0
COc1cc2c(cc1OC)C(Cl)C(c1ccc(F)cc1)=C2Cl,test,0
COC(=O)C(N)CCCC(N)C(O)=NC(C)C(O)=NC(CCC(O)=NCCNCCN=c1c2ccccc2[nH]c2cccc([N+](=O)[O-])c12)C(=N)O,test,1
CCCCCCNCCCN=c1c2ccccc2[nH]c2cccc([N+](=O)[O-])c12,test,1
C[N+](C)([O-])CCCN=c1c2ccccc2[nH]c2cccc([N+](=O)[O-])c12,test,1
CCOc1ccc2[nH]c3cc(N)ccc3c(=N)c2c1,test,1
CSCCC(N=C(O)OC(C)(C)C)C(O)=NCCNc1ccc(NCCN=C(O)C(CCSC)N=C(O)OC(C)(C)C)c2c1C(=O)c1ccccc1C2=O,test,1
CCCNCC(O)CNc1ccc(NCC(O)CNCCC)c2c1C(=O)c1ccccc1C2=O,test,1
O=C1c2cccc(NCCCNCCO)c2C(=O)c2cccc(NCCCNCCO)c21,test,1
O=C1c2ccccc2C(=O)c2c(NCCNCCO)ccc(NCCNCCO)c21,test,1
CC(=O)OC[C@@H]1O[C@@H](n2c3c(cc(C#N)c2=S)CCCC3)[C@@H](OC(C)=O)[C@@H](OC(C)=O)[C@H]1OC(C)=O,test,0
NS(=O)(=O)c1ccc(NC(O)=N/N=C/c2ccccc2[N+](=O)[O-])cc1,test,0
O=C(O)c1ccc(NC(O)=N/N=C/c2ccc([N+](=O)[O-])cc2)cc1,test,0
COC(=O)/C=C1/c2ccccc2-[n+]2c1c1ccccc1n2C,test,1
CCN(CC)CCCNc1nncc2c(C)c3[nH]c4ccc(OC)cc4c3cc12,test,1
CCOC(=O)Oc1cc2c(c(OC)c1OC)-c1ccc(OC)c(=O)cc1C(N=C(C)O)CC2,test,1
COc1c(OC(C)=O)c(OC(C)=O)cc2c1-c1ccc(SC)c(=O)cc1C(N=C(C)O)CC2,test,1
COc1cc2c(c(OC)c1OC)-c1ccc(OC)c(=O)cc1[C@@H](N=C(C)O)CC2,test,1
CCCC(=O)Oc1cc2c(c(OC)c1OC)-c1ccc(SC)c(=O)cc1C(N=C(C)O)CC2,test,1
Cc1c2c(c(C)c3c1=CN(C)C=C3)=[N+]c1ccccc1-2,test,1
CC1=c2cc3c(c(C)c2C=CN1C)=[N+]c1ccccc1-3,test,1
CN(C)c1ccc(C=CC2=[N+](C)c3ccccc3C2(C)C)cc1,test,1
C[C@]12CC[C@@H]3c4ccc(O)cc4CC[C@H]3[C@@H]1C[C@@H](O)[C@H]2O,test,1
C[C@]12CCC(=O)C=C1CC[C@@H]1[C@@H]2CC[C@@]2(C)[C@@H](C(=O)CO)CC[C@@H]12,test,0
C[C@]12CCC(=O)C=C1CC[C@@H]1[C@@H]2CC[C@@]2(C)[C@@H](O)CC[C@@H]12,test,0
C[C@]12CCC(=O)C=C1CC[C@@H]1[C@@H]2[C@@H](O)C[C@@]2(C)[C@@H](C(=O)CO)CC[C@@H]12,test,1
CC(=O)[C@H]1CC[C@H]2[C@@H]3CCC4=CC(=O)CC[C@]4(C)[C@H]3CC[C@@]12C,test,0
O=C1Nc2ccc(Br)cc2C1=NNc1ccccc1[N+](=O)[O-],test,0
C[C@H]1C(=O)[C@H](C)[C@@H](c2ccccc2)N(C)[C@@H]1c1ccccc1,test,0
OCCOCCN1CCN([C@H](c2ccccc2)c2ccc(Cl)cc2)CC1,test,0
O=C(O)COCCN1CCN([C@H](c2ccccc2)c2ccc(Cl)cc2)CC1,test,1
COc1cc2c3c(n(CCCN)c(=O)c2cc1OC)-c1ccc(N)cc1C3=O,test,1
O=C(O)c1ccccc1C1CCCc2c1[nH]c1ccccc21,test,0
Nc1cc(C2CCCc3c2[nH]c2ccccc32)ccc1O,test,0
CN(Cc1cnc2nc(=N)[nH]c(N)c2n1)c1ccc(C(=O)N[C@H](CCC(=O)O)C(=O)O)cc1,test,1
N=C1Nc2cc(Cl)ccc2Sc2nc3ccccc3n21,test,1
C/C=C/[P+](c1ccccc1)(c1ccccc1)c1ccccc1,test,1
BrCCC[P+](c1ccccc1)(c1ccccc1)c1ccccc1,test,1
C=C[C@@H]1CN2CC[C@@H]1C[C@@H]2[C@H](O)c1ccnc2ccccc12,test,1
COc1ccc(CCN(C)CCC[C@](C#N)(c2cc(OC)c(OC)c(OC)c2)C(C)C)cc1OC,test,1
CC/C(=C(\c1ccc(O)cc1)c1ccc(OCCNC)cc1)c1ccccc1,test,0
CN(C)CCOc1ccc(/C(=C(\CCCl)c2ccccc2)c2ccccc2)cc1,test,1
CN(C)CCNc1ccc2c(=O)n(CCN(C)C)c(=O)n3c4ccc([N+](=O)[O-])cc4c(=O)c1c23,test,0
O=C(O)c1cn(C2CC2)c2cc(N3CCNCC3)c(F)cc2c1=O,test,1
C[C@H]1CN(c2c(F)c(N)c3c(=O)c(C(=O)O)cn(C4CC4)c3c2F)C[C@@H](C)N1,test,1
Cc1c(F)c(N2CCN[C@H](C)C2)cc2c1c(=O)c(C(=O)O)cn2C1CC1,test,1
O=[N+]([O-])c1cc([N+](=O)[O-])c(NN=C(c2ccc(O)cc2)c2ccc(O)cc2)cc1Cl,test,0
COC(=O)C1=CN(CC2=CC(=O)C(C)=CC2=O)C=C(C(=O)OC)C1c1cccc(OC)c1OC,test,0
COC(=O)C1=CN(CC2=CC(=O)C(C)=CC2=O)C=C(C(=O)OC)C1c1ccccc1OC,test,0
COC(=O)[C@@]12OC[C@@]34[C@H]1C(OC(C)=O)C(=O)O[C@@H]3C[C@H]1C(C)=CC(=O)[C@@H](O)[C@]1(C)[C@H]4[C@@H](O)[C@@H]2O,test,1
CC(C)=CC(=O)C[C@H]1C(=O)O[C@@H]2C[C@H]3C(C)=CC(=O)[C@@H](O)[C@]3(C)[C@@H]3[C@@]24CO[C@@]3(O)[C@H](O)[C@H](C)[C@H]14,test,1
COc1cc2c3c(n(C)c(=O)c2cc1OC)-c1cc2c(cc1C3=O)OCO2,test,0
O=C(c1ccc2ccccc2c1)c1c(C(F)(F)F)[n+]([O-])c2cc(Cl)c(Cl)cc2[n+]1[O-],test,0
COc1cc([C@@H]2c3cc4c(cc3[C@H](N)[C@H]3COC(=O)[C@@H]32)OCO4)cc(OC)c1OC,test,0
COc1cc([C@@H]2c3cc4c(cc3[C@@H](N)[C@H]3COC(=O)[C@@H]32)OCO4)cc(OC)c1OC,test,0
COc1cc([C@@H]2c3cc4c(cc3[C@@H](O)[C@H]3COC(=O)[C@H]23)OCO4)cc(OC)c1OC,test,0
COc1cc([C@@H]2c3cc4c(cc3[C@H](N(C)C)[C@H]3COC(=O)[C@@H]32)OCO4)cc(OC)c1OC,test,0
COc1cc([C@@H]2c3cc4c(cc3[C@@H](NCCNCCO)[C@H]3COC(=O)[C@@H]32)OCO4)cc(OC)c1O,test,1
CN[C@@H]1c2cc3c(cc2[C@@H](c2cc(OC)c(OC)c(OC)c2)[C@H]2C(=O)OC[C@H]12)OCO3,test,0
O=C(O)CN(CC(=O)O)Cc1cc2c(cc1O)Oc1cc(O)c(CN(CC(=O)O)CC(=O)O)cc1C21OC(=O)c2ccccc21,test,0
CC(=O)OCOC(=O)CN(CC(=O)OCOC(C)=O)Cc1c(OC(C)=O)ccc2c1Oc1c(ccc(OC(C)=O)c1CN(CC(=O)OCOC(C)=O)CC(=O)OCOC(C)=O)C21OC(=O)c2ccccc21,test,1
C[C@]12CC[C@H](O)C[C@H]1CC[C@H]1[C@@H]2CC[C@]2(C)[C@@H](C3=CC(=O)OC3)CC[C@]12O,test,1
OCCN1CCN(CCCN2c3ccccc3Sc3ccc(C(F)(F)F)cc32)CC1,test,1
OCCN1CCN(CCCN2c3ccccc3Sc3ccc(Cl)cc32)CC1,test,1
CN1CCN(CCCN2c3ccccc3Sc3ccc(C(F)(F)F)cc32)CC1,test,1
OCCN1CCN(CC/C=C2\c3ccccc3Sc3ccc(C(F)(F)F)cc32)CC1,test,1
COc1ccc2c(c1)n(C)n1c3ccccc3c(C=C3C=CC(=[N+](C)C)C=C3)c21,test,1
C=CCNC1=C2C[C@@H](C)C[C@@H](OC)[C@H](OC(=O)CN)[C@H](C)/C=C(\C)[C@@H](OC(=N)O)[C@H](OC)/C=C\C=C(/C)C(O)=NC(=CC1=O)C2=O,test,1
CCCNC1=C2CC(C)CC(OC)[C@@H](O)[C@H](C)/C=C(\C)C(OC(=N)O)C(OC)/C=C\C=C(/C)C(O)=NC(=CC1=O)C2=O,test,1
C=CCNC1=C2C[C@@H](C)C[C@H](OC)[C@H](O)[C@@H](C)/C=C(\C)[C@H](OC(=N)O)[C@@H](OC)/C=C\C=C(/C)C(O)=NC(=CC1=O)C2=O,test,1
COC1/C=C\C=C(/C)C(O)=NC2=CC(=O)C(N)=C(CC(C)CC(OC)C(O)C(C)/C=C(\C)C1OC(=N)O)C2=O,test,1
CCN(CCCl)c1cc(CN(C)C)cc(NC(=O)c2ccc(C(=O)Nc3cccc(N(CCCl)NN)c3)cc2)c1,test,1
CC1(C)NC(=N)NC(=N)N1c1cccc(CCCCc2ccc(Cl)c(S(=O)(=O)F)c2)c1,test,1
O=[N+]([O-])c1ccc(Oc2c(Cl)cc(S(=O)(=O)NC(=NO)Nc3ccc(Cl)cc3)cc2Cl)c(Cl)c1,test,0
O=[N+]([O-])c1ccc(Oc2c(Cl)cc(S(=O)(=O)NC(=NO)Nc3ccc(Cl)cc3)cc2Cl)cc1,test,0
C=C1CC(COc2ccc3c(C)cc(=O)oc3c2)(c2ccccc2)OC1=O,test,0
Cc1ccc2c(C=C3C=CC(=[N+](C)C)C=C3)c3cc(-c4ccccc4)n(C)n3c2c1,test,1
COc1ccc2c(c1)c(C=C1C=CC(=[N+](C)C)C=C1)c1cc(-c3ccccc3)n(C)n12,test,1
Cn1c(-c2ccccc2)cc2c(C=C3C=CC(=[N+](C)C)C=C3)c3ccccc3n21,test,1
Cn1c(-c2ccccc2)cc2c(C=C3C=CC(=[N+](C)C)C=C3)c3cc([N+](=O)[O-])ccc3n21,test,1
Cn1c(-c2ccc(Cl)cc2)cc2c(C=C3C=CC(=[N+](C)C)C=C3)c3ccccc3n21,test,1
Cc1ccc(C[P+](c2ccccc2)(c2ccccc2)c2ccccc2)cc1,test,1
CC(=O)O[C@H]1CC2C(C3CC[C@H](C(C)CCC(=O)O)[C@]31C)[C@H](OC(C)=O)C[C@@H]1CC3(CC[C@]21C)OOC1(CCC(C)CC1)OO3,test,0
COc1cccc2c1C(=O)c1c(O)c3c(c(O)c1C2=O)C[C@@](O)(C(C)=NO)C[C@@H]3OC1CC(N)C(O)C(C)O1,test,1
CCCCCCCC(=O)OCC(=O)[C@]1(O)Cc2c(O)c3c(c(O)c2[C@@H](OC2CC(N)C(O)C(C)O2)C1)C(=O)c1c(OC)cccc1C3=O,test,1
COc1cccc2c1C(=O)c1c(O)c3c(c(O)c1C2=O)C[C@@](O)(C(C)=O)C[C@@H]3OC1CC(N)C(O)C(C)O1,test,1
COc1cccc2c1C(=O)c1c(O)c3c(c(O)c1C2=O)C[C@@](O)(C(C)=O)C[C@@H]3O[C@H]1C[C@H](N)[C@H](O)[C@H](C)O1,test,1
COc1cccc2c1C(=O)c1c(O)c3c(c(O)c1C2=O)C[C@@](O)(C(=O)CO)C[C@@H]3O[C@H]1C[C@H](N)[C@@H](O)[C@H](C)O1,test,1
CC(=O)[C@]1(O)Cc2c(O)c3c(c(O)c2[C@@H](O[C@H]2C[C@H](N)[C@H](O)[C@H](C)O2)C1)C(=O)c1ccccc1C3=O,test,1
CCCCCCCCCCCCCCCCCCN=c1ccn(C2OC(COP(=O)(O)OCC3OC(n4cc(F)c(O)nc4=O)CC3O)C(O)C2O)c(O)n1,test,0
CC(=O)OC1(C)CC(=O)OCC23CCC(C)=CC2OC2CC(OC(=O)/C=C/C=C/C(C(C)O)OCC1O)C3(C)C21CO1,test,1
CC1=CC2OC3CC4OC(=O)/C=C/C=C/C(C(C)O)OCC(O)C(C)CC(=O)OCC2(CC1O)C4(C)C31CO1,test,1
CC(C)(C(=O)O)c1ccc(C(=O)CCCN2CCC(OC(c3ccccc3)c3ccccc3)CC2)cc1,test,1
CC(C)(C)c1ccc(C(=O)CCCN2CCC(OC(c3ccccc3)c3ccccc3)CC2)cc1,test,1
Cc1cc(=[N+](C)C)c2ccccc2n1CCCCCCCCCCn1c(C)cc(=[N+](C)C)c2ccccc21,test,1
COC1C(C)OC(OC2CC(C)(O)Cc3cc4c(c(O)c32)C(=O)c2c(O)cc3c(c2C4=O)OC2OC3(C)C(O)C(N(C)C)C2O)C(OC)C1(C)OC,test,1
COC(=O)[C@]12CCC(C)(C)C[C@H]1C1=CC[C@@H]3[C@@]4(C)CC[C@H](OC5OC(CO)C(O)C(O)C5OC5OC(CO)C(O)C(O)C5O)C(C)(C)[C@@H]4CC[C@@]3(C)[C@]1(C)CC2,test,0
CC1(C)CC[C@]2(C(=O)O)CC[C@]3(C)C(=CC[C@@H]4[C@@]5(C)CC[C@H](OC6OC(CO)C(O)C(O)C6OC6OC(CO)C(O)C(O)C6O)C(C)(C)[C@@H]5CC[C@]43C)[C@@H]2C1,test,0
COc1ccc2c(=NCCCCCCN=c3c4ccccc4[nH]c4cc(OC)ccc34)c3ccccc3[nH]c2c1,test,1
c1ccc2c(=NCCCCCCN=c3c4ccccc4[nH]c4ccccc34)c3ccccc3[nH]c2c1,test,1
COc1cccc2c1C(=O)c1c(O)c3c(c(O)c1C2=O)C[C@@](O)(C(C)=NN=C(O)c1cccc([N+](=O)[O-])c1)C[C@@H]3OC1CC(N)C(O)C(C)O1,test,1
COc1cccc2c1C(=O)c1c(O)c3c(c(O)c1C2=O)C[C@@](O)(C(C)=NN=C(O)c1ccccc1)C[C@@H]3OC1CC(N)C(O)C(C)O1,test,1
COc1cc2c(cc1OCCCCCN1CCN(c3cc(=O)oc4c(C)c(OC)ccc34)CC1)N=C[C@@H]1CCCN1C2=O,test,1
CC[C@]1(O)C[C@H]2CN(CCc3c([nH]c4ccccc34)[C@@](C(=O)OC)(c3cc4c(cc3OC)N(C)[C@H]3[C@@](O)(C(=N)O)[C@H](O)[C@@]5(CC)C=CCN6CC[C@]43[C@@H]65)C2)C1,test,1
CN(C)CCN=C(O)c1ccc(NCCCN(C)CCCNc2ccc(C(O)=NCCN(C)C)c3[nH]c4ccccc4c(=O)c23)c2c(=O)c3ccccc3[nH]c12,test,1
CN(C)CCn1nc2c3c(c(C(O)=NCCCN(C)CCCN=C(O)c4ccc5c6c(nn5CCN(C)C)-c5ccccc5Nc46)ccc31)Nc1ccccc1-2,test,1
C[C@H]1O[C@@H](O[C@H]2[C@@H](O)C[C@H](O[C@H]3[C@@H](O)C[C@H](O[C@H]4CC[C@]5(C)[C@H]6C[C@@H](O)[C@]7(C)[C@@H](C8=CC(=O)OC8)CC[C@@]7(O)[C@@H]6CC[C@@H]5C4)O[C@@H]3C)O[C@@H]2C)C[C@H](O)[C@@H]1O,test,1
C[C@H]1O[C@@H](O[C@H]2[C@@H](O)C[C@H](O[C@H]3[C@@H](O)C[C@H](O[C@H]4CC[C@]5(C)[C@H]6CC[C@]7(C)[C@@H](C8=CC(=O)OC8)CC[C@]7(O)[C@@H]6CC[C@@H]5C4)O[C@@H]3C)O[C@@H]2C)C[C@H](O)[C@@H]1O,test,1
CC(=O)O[C@H]1C(=O)[C@]2(C)[C@@H](O)C[C@H]3OC[C@@]3(OC(C)=O)[C@H]2[C@H](OC(=O)c2ccccc2)[C@]2(O)C[C@H](OC(=O)[C@H](O)[C@@H](N=C(O)c3cccc(N=[N+]=[N-])c3)c3ccccc3)C(C)=C1C2(C)C,test,1
CC(=O)O[C@H]1C(=O)[C@]2(C)[C@@H](O)C[C@H]3OC[C@@]3(OC(C)=O)[C@H]2[C@H](OC(=O)c2ccccc2)[C@]2(O)C[C@H](OC(=O)[C@H](O)[C@@H](N=C(O)c3ccccc3)c3cccc(N(C)C)c3)C(C)=C1C2(C)C,test,1
OCCOCCO[P+]1(OCCOCCO)n2c3ccc2C(c2ccccc2)=C2C=CC(=N2)C(c2ccccc2)=c2ccc(n21)=C(c1ccccc1)C1=NC(=C3c2ccccc2)C=C1,test,1
O=C(CCl)c1ccc([N+](=O)[O-])o1,val,0
CCCCCCCCCCCCCCCC[N+](C)(CCO)Cc1cnc[nH]1,val,1
CNC[C@H](O)c1ccc(O)c(O)c1,val,0
CN=C(O)Oc1ccc(N(C)C)c(C)c1,val,0
COc1cc([N+](=O)[O-])c([N+](=O)[O-])cc1N,val,0
C=CCc1ccccc1OC[C@@H](O)CNC(C)C,val,0
N=C(O)N=C(O)c1cccc(N=C(O)CBr)c1,val,0
CC(C)C(Cl)=NOC(=O)Nc1ccc(C#N)cc1,val,0
O=[N+]([O-])C(Cl)=C(Sc1ccccc1)C(Cl)=C(Cl)Cl,val,0
O=[N+]([O-])c1cc(CCl)ccc1CCl,val,0
CC(CO)(CO)/N=C/c1cc(I)cc(I)c1O,val,0
CCCCCCCCCCCCCCCC[N+](C)(C)Cc1ccccc1,val,1
N[C@@H](Cc1ccc(O)c(O)c1)C(=O)O,val,1
CCN(CC)CC(O)=Nc1c(C)cccc1C,val,1
CC(C)C[C@H](N=C(O)CCc1ccccc1)B(O)O,val,0
O=C(O)CCCc1ccc(N(CCCl)CCCl)cc1,val,0
CCN(CC)C(O)=Nc1ccc(OC[C@H](O)CNC(C)(C)C)c(C(C)=O)c1,val,1
CC(C)NC[C@H](O)COc1ccc(CCN=C(O)NC(C)C)cc1,val,1
N=C(S)N/N=C/c1ccc(O)cn1,val,0
N=C(N)N=C(O)c1nc(Cl)c(N)nc1N,val,1
C/C=C(\C)C(=O)O[C@H]1C=CC(=O)O[C@H]1CCC(=O)[C@H](C)O,val,0
CCCCCCCCC/C=C1/CC(CO)(COC(=O)CC(C(C)C)C(C)C)OC1=O,val,0
Sc1ncnc2[nH]cnc12,val,0
Cc1ccc2ccc(O)cc2c1,val,0
CC(=O)c1c(C(F)(F)F)[n+]([O-])c2ccc(C)cc2[n+]1[O-],val,0
CC(=O)c1c(C(F)(F)F)[n+]([O-])c2ccc(Cl)cc2[n+]1[O-],val,0
C=CCOC(=O)c1c(C)[n+]([O-])c2cc(Cl)c(Cl)cc2[n+]1[O-],val,0
Oc1cccc2cc(Cl)cnc12,val,0
O=Nc1ccc(O)c2ncccc12,val,0
COc1cc(NCCCCNC(=N)NC(=N)NC(C)C)c2ncccc2c1,val,1
CCCCOc1cc(C(O)=NCCN(CC)CC)c2ccccc2n1,val,1
Cc1ccc2c(O)c(O)cc(NC(C)CCCN)c2n1,val,1
COP(=S)(OC)SCN1C(=O)c2ccccc2C1=O,val,0
CCOP(=S)(OCC)S[C@@H](CCl)N1C(=O)c2ccccc2C1=O,val,0
C=CC[C@@H]1[C@@H](CO[Si](C)(C)C(C)(C)C)O[C@@H](n2ccc(O)nc2=O)[C@@H]1O[Si](C)(C)C(C)(C)C,val,0
Cc1cc(O)c2c(c1)C(=O)C=C(Br)C2=O,val,0
CC1=CC(=O)c2c(O)cccc2C1=O,val,0
COC(=O)C1=C(C)NC(C)=C(C(=O)OC)C1c1ccccc1[N+](=O)[O-],val,1
CCOC(=O)C1=C(C)NC(C)=C(C(=O)OC)[C@@H]1c1cccc(Cl)c1Cl,val,1
Clc1ccc([C@@H](c2ccccc2Cl)C(Cl)Cl)cc1,val,0
Clc1ccc(C(c2ccccc2Cl)C(Cl)Cl)cc1,val,0
CCC(=O)C(C[C@H](C)N(C)C)(c1ccccc1)c1ccccc1,val,1
CN(C)CCOC(c1ccccc1)c1ccccc1,val,0
COc1ccc(C(c2ccc(OC)cc2)C(Cl)(Cl)Cl)cc1,val,0
CC(O)c1cc2c(s1)C(=O)c1scc(C(C)O)c1C2=O,val,0
CC(O)c1cc2c(s1)C(=O)c1sccc1C2=O,val,0
O=C(c1cc(Br)ccc1O)c1cc(Br)ccc1O,val,0
COc1cccc2c(N)c3cccc(C(O)=NCCN(C)C)c3nc12,val,1
N=C(N)NN=Cc1c(-c2cccc([N+](=O)[O-])c2)nc2sccn12,val,1
COc1cc([N+](=O)[O-])c(OC)cc1-c1nc2sc(Cl)cn2c1C(=N)NC(=N)N,val,1
CCc1[nH]c(=N)[nH]c(=N)c1-c1ccc(NCCN)c([N+](=O)[O-])c1,val,1
CCCCCCC1NC(=N)NC(=N)N1c1cccc(Cl)c1,val,1
CN(C)CCCN1c2ccccc2CCc2cccc([N+](=O)[O-])c21,val,0
C[Si](C)(C)C#Cc1cc(-c2nc3ccccc3s2)ccc1N,val,0
Nc1ccc(-c2nc3ccccc3s2)cc1C(F)(F)F,val,0
Nc1ccc(-c2nc3cc(F)ccc3s2)cc1I,val,0
N#Cc1cc(-c2nc3cc(F)ccc3s2)ccc1N,val,0
COc1cc2c(cc1OC)C(Cl)C(c1ccc(Br)cc1)=C2Cl,val,0
CN(C)CCNCCCN=c1c2ccccc2[nH]c2cccc([N+](=O)[O-])c12,val,1
O=[N+]([O-])c1cccc2[nH]c3ccccc3c(=NCCNCCO)c12,val,1
CC(C)NCCCN=c1c2ccccc2[nH]c2cccc([N+](=O)[O-])c12,val,1
CC(C)[N+]([O-])(CCCN=c1c2ccccc2[nH]c2cccc([N+](=O)[O-])c12)C(C)C,val,1
Cc1ccc([N+](=O)[O-])c2c(=NCCC[N+](C)(C)[O-])c3ccccc3[nH]c12,val,1
O=[N+]([O-])c1cccc2[nH]c3ccccc3c(=NCCN(CCO)CCO)c12,val,1
O=C1c2cccc(NCCNCCO)c2C(=O)c2cccc(NCCNCCO)c21,val,1
O=C1c2c(O)ccc(O)c2C(=O)c2c(NCCNCCO)ccc(NCCNCCO)c21,val,1
N#Cc1cc2c(n([C@@H]3O[C@@H](CO)[C@H](O)[C@H](O)[C@@H]3O)c1=S)CCCC2,val,0
Cn1c2ccccc2c2[n+]1-c1ccccc1/C2=C/C#N,val,1
CCN(CC)CCCNc1nncc2c(C)c3[nH]c4ccccc4c3cc12,val,1
CCOC(=O)Oc1cc2c(c(OC)c1OC)-c1ccc(SC)c(=O)cc1C(N=C(C)O)CC2,val,1
COc1c(OC(C)=O)c(OC(C)=O)cc2c1-c1ccc(OC)c(=O)cc1C(N=C(C)O)CC2,val,1
CC(O)=NC1CCc2ccccc2-c2ccc(N)c(=O)cc21,val,1
CCCC(O)=NC1CCc2cc(OC)c(OC)c(OC)c2-c2ccc(OC)c(=O)cc21,val,1
Cc1ccc2c(c1)-c1c(C)c3c(c(C)c1=[N+]2)C=CN(C)C=3,val,1
CCN(CC)CCN1C=Cc2c(C)c3c(c(C)c2=C1)-c1cc(O)ccc1[N+]=3,val,1
Cc1c2c(c(C)c3c1=CN(C)C=C3)=[N+]c1ccc(O)cc1-2,val,1
CCN(CC)CCN1C=Cc2c(C)c3c(c(C)c2=C1)-c1ccccc1[N+]=3,val,1
COc1ccc2c(c1)-c1c(C)c3c(c(C)c1=[N+]2)C=CN(C)C=3,val,1
O=C1c2c(O)cccc2-c2nn(CCNCCO)c3ccc(NCCNCCO)c1c23,val,1
NCCCNc1ccc2c3c(nn2CCNCCO)-c2c(O)ccc(O)c2C(=O)c13,val,1
CCN(CC)c1ccc(C=CC2=[N+](C)c3ccccc3C2(C)C)cc1,val,1
C[C@]12CC[C@@H]3c4ccc(O)cc4CC[C@H]3[C@@H]1CC[C@H]2O,val,1
CCn1cc(C(=O)O)c(=O)c2cc(F)c(N3CCNCC3)cc21,val,1
CN1CCN(c2c(F)cc3c(=O)c(C(=O)O)cn(CCF)c3c2F)CC1,val,1
CC(=O)OC[C@@H]1O[C@@H](n2c(C)c(C(C)=O)c(-c3ccco3)c(C#N)c2=S)[C@@H](OC(C)=O)[C@@H](OC(C)=O)[C@H]1OC(C)=O,val,0
CC(=O)c1c(-c2ccco2)c(C#N)c(=S)n([C@@H]2O[C@@H](CO)[C@H](O)[C@H](O)[C@@H]2O)c1C,val,0
Cc1cc(-c2ccco2)c(C#N)c(=S)n1[C@@H]1O[C@@H](CO)[C@H](O)[C@H](O)[C@@H]1O,val,0
C[C@]12C[C@H](O)[C@H]3[C@@H](CCC4=CC(=O)C=C[C@@]43C)[C@@H]1CC[C@]2(O)C(=O)CO,val,0
C[C@H]1C[C@H]2[C@@H]3CC[C@](O)(C(=O)CO)[C@@]3(C)C[C@H](O)[C@@H]2[C@@]2(C)C=CC(=O)C=C12,val,1
C[C@]12C[C@H](O)[C@H]3[C@@H](CCC4=CC(=O)CC[C@@]43C)[C@@H]1CC[C@]2(O)C(=O)CO,val,1
O=C1Nc2c(Cl)cccc2C1=NNc1ccccc1[N+](=O)[O-],val,0
CCOC(=O)[C@H]1C(=O)[C@H](C(=O)OCC)[C@@H](c2ccccc2)N(C)[C@@H]1c1ccccc1,val,0
NCCCCCCCCn1c2c(c3ccccc3c1=O)C(=O)c1ccccc1-2,val,0
CC(C)(C)OC(O)=NCCCCCCCCCCCCn1c2c(c3ccccc3c1=O)C(=O)c1ccccc1-2,val,0
CS(=O)(=O)c1ccc2c(c1)C(=O)c1c-2n(CCCBr)c(=O)c2cc([N+](=O)[O-])ccc12,val,0
CN(C)Cc1c[nH]c2c(NCCN)c3c(c(NCCN)c12)C(=O)c1ccccc1C3=O,val,1
O=C1c2ccccc2C(=O)c2c1c(NCCNCCO)c1cc[nH]c1c2NCCNCCO,val,1
NCCNc1c2c(c(NCCN)c3[nH]ccc13)C(=O)c1ccccc1C2=O,val,1
CCCCCCCCCCN=C(O)CCC(NC(=O)c1ccc(N(C)Cc2cnc3nc(=N)[nH]c(N)c3n2)cc1)C(O)=NCCCCCCCCCC,val,1
N=C1Nc2cc(C(F)(F)F)ccc2Sc2nc3ccccc3n21,val,1
Cc1ccc([S+](c2ccccc2)c2cc(C)ccc2C)cc1,val,1
Cc1ccc([S+](c2ccc(C)cc2)c2ccc(C)cc2)cc1,val,1
C=C[C@H]1CN2CC[C@@H]1C[C@@H]2[C@@H](O)c1ccnc2ccc(OC)cc12,val,1
COc1ccc(CCN(C)CCC[C@](C#N)(c2ccc(OC)c(OC)c2)C(C)C)cc1OC,val,1
CC/C(=C(/c1ccccc1)c1ccc(OCCN(C)C)cc1)c1ccccc1,val,0
CN(C)CCn1c(=O)c2ccc(NCCNCCO)c3c(=O)c4cc(O)ccc4n(c1=O)c23,val,1
Cc1cc(C(=C2C=CC(=N)C=C2)c2ccc(N)cc2)ccc1N,val,1
N=C1C=CC(=C(c2ccc(N)cc2)c2ccc(N)cc2)C=C1,val,1
O=[N+]([O-])c1cc([N+](=O)[O-])c(C(F)(F)F)cc1NN=C(c1ccc(O)cc1)c1ccc(O)cc1,val,0
COC(=O)[C@@]12OC[C@@]34[C@H]1[C@@H](OC(=O)C=C(C)C)C(=O)O[C@@H]3C[C@H]1C(C)=C(OC(C)=O)C(=O)C[C@]1(C)[C@H]4[C@@H](O)[C@@H]2O,val,1
COC(=O)[C@@]12OC[C@@]34[C@H]1[C@@H](OC(=O)/C=C(\C)C(C)C)C(=O)O[C@@H]3C[C@H]1C(C)=C(O)C(=O)C[C@]1(C)[C@H]4[C@@H](O)[C@@H]2O,val,1
CC1=CC(=O)[C@@H](O)[C@@]2(C)[C@H]1C[C@H]1OC(=O)[C@H](OC(=O)C(C)(C)CO)[C@H]3[C@@H](C)[C@@H](O)[C@]4(O)OC[C@@]31[C@@H]24,val,1
CC(=O)O[C@H]1C(=O)O[C@@H]2C[C@H]3C(C)=CC(=O)[C@@H](O)[C@]3(C)[C@H]3[C@]4(O)OC[C@@]23[C@@H]1[C@@H](C)[C@H]4O,val,1
COc1cc2c3c(n(CCCNCCNCCN)c(=O)c2cc1OC)-c1cc2c(cc1C3=O)OCO2,val,1
O=C(c1ccc2ccccc2c1)c1c(C(F)(F)F)[n+]([O-])c2cc(C(F)(F)F)ccc2[n+]1[O-],val,0
COc1cc2c3c(n(CCCN)c(=O)c2cc1OC)-c1cc2c(cc1/C3=C\CCN)OCO2,val,1
COc1cc2c3c(n(C)c(=O)c2cc1OC)-c1cc2c(cc1/C3=C\CNCCCN)OCO2,val,1
COc1cc2c3c(n(C)c(=O)c2cc1OC)-c1cc2c(cc1/C3=C\[C@@H](N)CCCCN)OCO2,val,1
COc1cc([C@@H]2c3cc4c(cc3[C@@H](N(C)C(C)=O)[C@H]3COC(=O)[C@@H]32)OCO4)cc(OC)c1OC,val,0
COc1cc([C@@H]2c3cc4c(cc3[C@H](N(C)C(C)=O)[C@H]3COC(=O)[C@@H]32)OCO4)cc(OC)c1OC,val,0
CNCCN[C@@H]1c2cc3c(cc2[C@@H](c2cc(OC)c(O)c(OC)c2)[C@H]2C(=O)OC[C@H]12)OCO3,val,1
COc1cc([C@@H]2c3cc4c(cc3[C@H](N=C(C)O)[C@H]3COC(=O)[C@@H]32)OCO4)cc(OC)c1OC,val,1
CC(=O)OCOC(=O)CN(CC(=O)OCOC(C)=O)Cc1cc2c(cc1OC(C)=O)Oc1cc(OC(C)=O)c(CN(CC(=O)OCOC(C)=O)CC(=O)OCOC(C)=O)cc1C21OC(=O)c2ccccc21,val,1
C[C@@]12CC[C@H](O)C[C@H]1CC[C@H]1[C@@H]2C[C@@H](O)[C@@]2(C)[C@@H](C3=CC(=O)OC3)CC[C@@]12O,val,1
OCCN1CCN(CC/C=C2/c3ccccc3Sc3ccc(C(F)(F)F)cc32)CC1,val,1
Cc1ccc(N2C=Nn3c(nc4sc5c(c4c3=O)CCCC5)C2)cc1,val,0
O=c1c2c3c(sc2nc2n1N=CN(c1ccc(Cl)cc1)C2)CCCC3,val,0
Cn1c2ccc(F)cc2c2c(C=C3C=CC(=[N+](C)C)C=C3)c3ccccc3n21,val,1
CO[C@@H]1C[C@H](C)CC2=C(NCCN(C)C)C(=O)C=C(N=C(O)/C(C)=C/C=C\[C@@H](OC)[C@H](OC(=N)O)/C(C)=C/[C@@H](C)[C@@H]1O)C2=O,val,1
CCN(CCCl)c1cccc(NC(=O)c2ccc(C(=O)Nc3cccc(CN(C)C)c3)cc2)c1,val,1
CCN(CCCl)c1cc(CN(C)C)cc(NC(=O)c2ccc(C(=O)Nc3cc(CN(C)C)cc(N(CC)CCCl)c3)cc2)c1,val,1
CC1(C)NC(=N)NC(=N)N1c1cccc(CCCCc2ccccc2)c1,val,1
Cc1ccccc1OC(C)C(O)=NN1C(=O)CC(=O)N(c2ccccc2)C1=S,val,0
CC(Oc1ccccc1Cl)C(O)=NN1C(=O)CC(=O)N(c2ccc(Cl)cc2)C1=S,val,0
Cn1c(-c2ccccc2)cc2[n+]1-c1ccccc1/C2=C/c1ccccc1,val,1
Cn1c(-c2ccccc2)cc2[n+]1-c1ccccc1/C2=C/c1ccc([N+](=O)[O-])cc1,val,1
C=C1CC(COc2ccc3ccc(=O)oc3c2)(c2ccccc2)OC1=O,val,0
COc1ccc2c(C=C3C=CC(=[N+](C)C)C=C3)c3cc(-c4ccccc4)n(C)n3c2c1,val,1
COc1cccc2c1c(C=C1C=CC(=[N+](C)C)C=C1)c1cc(-c3ccccc3)n(C)n12,val,1
COc1ccc(OC)c(C[P+](c2ccccc2)(c2ccccc2)c2ccccc2)c1,val,1
CC(=O)O[C@H]1CC2C(C3CC[C@H](C(C)CCC(=N)O)[C@]31C)[C@H](OC(C)=O)C[C@@H]1CC3(CC[C@]21C)OOC1(CCC(C)CC1)OO3,val,0
COc1cccc2c1C(=O)c1c(O)c3c(c(O)c1C2=O)C[C@@](O)(C(=O)CO)C[C@@H]3OC1CC(N)C(O)C(C)O1,val,1
COc1cccc2c1C(=O)c1c(O)c3c(c(O)c1C2=O)C[C@@](O)(C(=O)CO)C[C@@H]3O[C@H]1C[C@H](N)[C@H](O)[C@H](C)O1,val,1
COc1cccc2c1C(=O)c1c(O)c3c(c(O)c1C2=O)C[C@](O)(C(=O)CO)C[C@@H]3O[C@H]1C[C@H](O)[C@H](O)[C@H](C)O1,val,1
CC(C)(C)c1ccc([C@@H](O)CCCN2CCC(C(O)(c3ccccc3)c3ccccc3)CC2)cc1,val,1
CC(C)(C(=O)O)c1ccc([C@@H](O)CCCN2CCC(C(O)(c3ccccc3)c3ccccc3)CC2)cc1,val,1
CCCCCCCCCCCCCCCCCCN=c1ccn(C2OC(COP(=O)(O)OCC3OC(n4cc(C)c(O)nc4=O)CC3N=[N+]=[N-])C(O)C2O)c(O)n1,val,0
c1ccc(CNC2CC(NCc3ccccn3)CC(NCc3ccccn3)C2)nc1,val,1
Cc1cccnc1CNC1CC(NCc2ncccc2C)CC(NCc2ncccc2C)C1,val,1
CN1CCN(c2ccc3nc(-c4ccc5[nH]c(-c6ccc(N(C)CCCl)cc6)nc5c4)[nH]c3c2)CC1,val,1
CCOc1ccc(-c2nc3cc(-c4nc5ccc(N6CCN(C)CC6)cc5[nH]4)ccc3[nH]2)cc1,val,1
Cc1cc(=[N+])c2ccccc2n1CCCCCCCCCCn1c(C)cc(=[N+])c2ccccc21,val,1
COC(=O)C1c2cc3c(cc2C(OC2OC(C)C(OC)C(C)(OC)C2OC)CC1(C)O)C(=O)c1c(O)cc2c(c1C3=O)OC1OC2(C)C(O)C([N+](C)(C)[O-])C1O,val,1
CCC1=C[C@@H]2CN(C1)Cc1c([nH]c3ccccc13)[C@@](C(=O)OC)(c1cc3c(cc1OC)N(C)[C@H]1[C@@](O)(C(=O)OC)[C@H](OC(C)=O)[C@]4(CC)C=CCN5CC[C@]31[C@@H]54)C2,val,1
CCC1=C[C@@H]2CN(C1)Cc1c([nH]c3ccccc13)[C@@](C(=O)OC)(c1cc3c(cc1OC)N(C)[C@H]1[C@@](O)(C(=O)OC)[C@H](OC(C)=O)[C@@]4(CC)C=CCN5CC[C@]31[C@@H]54)C2,val,1
COc1cc2c(cc1OCCCCCN1CCN(c3cc(=O)oc4ccccc34)CC1)N=C[C@@H]1CCCN1C2=O,val,1
CC(=O)O[C@H]1C(=O)[C@]2(C)[C@@H](O)C[C@H]3OC[C@]3(OC(C)=O)[C@H]2[C@H](OC(=O)c2ccccc2)[C@]2(O)C[C@H](OC(=O)[C@H](O)[C@@H](N=C(O)CC(C)C)c3ccccc3)C(C)=C1C2(C)C,val,1
CC(=O)O[C@@]12CO[C@@H]1C[C@H](O)[C@@]1(C)C(=O)[C@H](O)C3=C(C)[C@@H](OC(=O)[C@H](O)[C@@H](N=C(O)OC(C)(C)C)c4ccccc4)C[C@@](O)([C@@H](OC(=O)c4ccccc4)[C@@H]12)C3(C)C,val,1
CC[C@]1(O)C[C@H]2CN(CCc3c([nH]c4ccccc34)[C@@](C(=O)OC)(c3cc4c(cc3OC)N(C)[C@H]3[C@@](O)(C(=O)OC)[C@H](OC(C)=O)[C@]5(CC)C=CCN6CC[C@]43[C@@H]65)C2)C1,val,1
CC[C@]1(O)C[C@H]2CN(CCc3c([nH]c4ccccc34)[C@@](C(=O)OC)(c3cc4c(cc3OC)N(C=O)[C@H]3[C@@](O)(C(=O)OC)[C@H](OC(C)=O)[C@@]5(CC)C=CCN6CC[C@]43[C@@H]65)C2)C1,val,1
CN(C)CCN=C(O)c1ccc(NCCCN(C)CCCNc2ccc(C(O)=NCCN(C)C)c3[nH]c4ccc([N+](=O)[O-])cc4c(=O)c23)c2c(=O)c3cc([N+](=O)[O-])ccc3[nH]c12,val,1
COc1ccc2c(c1)-c1nn(CCN(C)C)c3ccc(C(O)=NCCCN(C)CCCN=C(O)c4ccc5c6c(nn5CCN(C)C)-c5cc(OC)ccc5Nc46)c(c13)N2,val,1
CC(=O)O[C@H]1C(=O)[C@]2(C)[C@@H](O)C[C@H]3OC[C@@]3(OC(C)=O)[C@H]2[C@H](OC(=O)c2ccc(F)cc2)[C@]2(O)C[C@H](OC(=O)[C@H](O)[C@@H](N=C(O)c3ccccc3)c3ccccc3)C(C)=C1C2(C)C,val,1
CC(=O)O[C@H]1C(=O)[C@]2(C)[C@@H](O)C[C@H]3OC[C@@]3(OC(C)=O)[C@H]2[C@H](OC(=O)c2cccc([N+](=O)[O-])c2)[C@]2(O)C[C@H](OC(=O)[C@H](O)[C@@H](N=C(O)c3ccccc3)c3ccccc3)C(C)=C1C2(C)C,val,1
CC(=O)O[C@H]1C(=O)[C@]2(C)[C@@H](O)C[C@H]3OC[C@@]3(OC(C)=O)[C@H]2[C@H](OC(=O)c2ccccc2)[C@]2(O)C[C@H](OC(=O)[C@H](O)[C@@H](N=C(O)c3ccccc3)c3ccccc3C)C(C)=C1C2(C)C,val,1
CC(=O)O[C@H]1C(=O)[C@]2(C)[C@@H](O)C[C@H]3OC[C@@]3(OC(C)=O)[C@H]2[C@H](OC(=O)c2cccc(C(F)(F)F)c2)[C@]2(O)C[C@H](OC(=O)[C@H](O)[C@@H](N=C(O)c3ccccc3)c3ccccc3)C(C)=C1C2(C)C,val,1
COC(=O)[C@H]1C(=O)[C@]2(C)[C@@H](O)C[C@H]3OC[C@@]3(OC(C)=O)[C@H]2[C@H](OC(=O)c2ccccc2)[C@]2(O)C[C@H](OC(=O)[C@H](O)[C@@H](NC(=O)c3ccc(F)cc3)c3ccccc3)C(C)=C1C2(C)C,val,1
CC(=O)O[C@H]1C(=O)[C@]2(C)[C@@H](O)C[C@H]3OC[C@@]3(OC(C)=O)[C@H]2[C@H](OC(=O)c2ccccc2)[C@]2(O)C[C@H](OC(=O)[C@H](O)[C@@H](NC(=O)c3ccc(N(C)C)cc3)c3ccccc3)C(C)=C1C2(C)C,val,1
OCCO[P+]1(OCCO)n2c3ccc2C(c2ccccc2)=C2C=CC(=N2)C(c2ccccc2)=c2ccc(n21)=C(c1ccccc1)C1=NC(=C3c2ccccc2)C=C1,val,1
